{
    "functions": [
        {
            "type": "Ramp",
            "coeff": [
                1.7845768705674045,
                1.485761016416169,
                0.7975289475993135
            ],
            "min_value": 0.01896070967890666,
            "max_value": 0.11473935971704648,
            "bounds": [
                [
                    8.35764217976789,
                    9.344702912439852
                ],
                [
                    1.3048272281459499,
                    6.216979020585428
                ],
                [
                    2.2399815622164603,
                    3.6066161315376
                ]
            ],
            "active_dims": [
                0,
                1,
                2
            ]
        },
        {
            "type": "Ramp",
            "coeff": [
                0.8818228756131699
            ],
            "min_value": 0.1634148967130874,
            "max_value": 0.2185387553869241,
            "bounds": [
                [
                    5.530257473004382,
                    8.338087108341478
                ]
            ],
            "active_dims": [
                2
            ]
        },
        {
            "type": "Sinus",
            "amplitudes": [
                0.32501238632777035,
                0.10068682185495031,
                0.13247016985169624,
                0.292989099675274
            ],
            "frequencies": [
                1.3766950726851517,
                0.7129033246262511,
                0.5809793332669978,
                0.7742716874668156
            ],
            "weight_vectors": [
                [
                    0.6382653122911858,
                    0.12069499491512292
                ],
                [
                    0.9802715592846385,
                    0.15996109640024325
                ],
                [
                    0.8489950050256916,
                    0.2743115684355353
                ],
                [
                    0.0768380746880889,
                    0.5654967468212297
                ]
            ],
            "phases": [
                4.693879385931387,
                3.308787279661201,
                5.970667683509405,
                0.014561420541191566
            ],
            "offset": 0.048342725019690704,
            "bounds": [
                [
                    2.5319179474395437,
                    2.739892896991276
                ],
                [
                    5.507494109393325,
                    8.099288789276585
                ]
            ],
            "minimum_value": 0.0,
            "active_dims": [
                0,
                1
            ]
        },
        {
            "type": "StaticHypercube",
            "dimensions": [
                [
                    3.8339887826199797,
                    8.946414349717317
                ]
            ],
            "static_value": 0.07339746866539967,
            "active_dims": [
                0
            ]
        },
        {
            "type": "Sinus",
            "amplitudes": [
                0.3620131324996603,
                0.3124438562056814,
                0.2213952280464409,
                0.30283644098727974,
                0.3070481324493638
            ],
            "frequencies": [
                0.9666719039925699,
                1.0069975615004505,
                1.9939349609232104,
                1.4783451921867978,
                1.948373468729716
            ],
            "weight_vectors": [
                [
                    0.8827401103516042,
                    0.04568026258751534,
                    0.33332263363437686
                ],
                [
                    0.02558207626975173,
                    0.1993193705634585,
                    0.3511201024423788
                ],
                [
                    0.5954619854677465,
                    0.9459548820746273,
                    0.8892797352369533
                ],
                [
                    0.17163386345409937,
                    0.384246245274685,
                    0.30253947952555726
                ],
                [
                    0.01232835710676461,
                    0.323269730076009,
                    0.36904002985549145
                ]
            ],
            "phases": [
                3.834925301808889,
                2.1694890882535347,
                3.0544960763486704,
                4.884393658496021,
                5.805044854486614
            ],
            "offset": 0.13058184980512558,
            "bounds": [
                [
                    4.009993196101596,
                    6.714222342163982
                ],
                [
                    5.506759343736378,
                    8.58617152361067
                ],
                [
                    4.10583234020951,
                    6.063576147973814
                ]
            ],
            "minimum_value": 0.0,
            "active_dims": [
                0,
                1,
                2
            ]
        },
        {
            "type": "Gaussian",
            "mean": [
                9.775461007294009
            ],
            "std_dev": [
                1.455664881228428
            ],
            "max_amplitude": 0.23567655637540075,
            "active_dims": [
                2
            ]
        },
        {
            "type": "Ramp",
            "coeff": [
                1.687152420918404,
                1.167054064033109,
                1.7693224712315059
            ],
            "min_value": 0.11040147213041267,
            "max_value": 0.22016250564437168,
            "bounds": [
                [
                    0.7419849679164343,
                    1.7677287631815635
                ],
                [
                    1.4058849032563299,
                    9.129871980009588
                ],
                [
                    3.2292570957723994,
                    7.122813256585087
                ]
            ],
            "active_dims": [
                0,
                1,
                2
            ]
        },
        {
            "type": "Ramp",
            "coeff": [
                0.13408098002631585,
                1.9785243243155943
            ],
            "min_value": 0.20323474309393497,
            "max_value": 0.24318483445591066,
            "bounds": [
                [
                    4.407369452887761,
                    9.12844656958439
                ],
                [
                    5.739986259938226,
                    6.553524410354656
                ]
            ],
            "active_dims": [
                0,
                1
            ]
        },
        {
            "type": "Ramp",
            "coeff": [
                0.011063841001452523,
                0.7953594796891954
            ],
            "min_value": 0.10452373804185676,
            "max_value": 0.32150930604689587,
            "bounds": [
                [
                    3.2797350625694635,
                    6.109605414196906
                ],
                [
                    3.9992405724126785,
                    8.767309236253226
                ]
            ],
            "active_dims": [
                1,
                2
            ]
        }
    ],
    "stats": {
        "energy": 258613135.36910063,
        "bandwidth": 103,
        "mean": 0.18373587815318063,
        "std": 0.1714033243011972,
        "pct_over_06": 0.025390625,
        "pct_over_08": 0.001671875
    }
}