{
    "functions": [
        {
            "type": "Sinus",
            "amplitudes": [
                0.3675859844772101
            ],
            "frequencies": [
                1.2544355519343695
            ],
            "weight_vectors": [
                [
                    0.0684191840928483,
                    0.9186495151301679
                ]
            ],
            "phases": [
                4.427332772843387
            ],
            "offset": -0.3995597406638496,
            "bounds": [
                [
                    0.9619535498487988,
                    2.405424717568904
                ],
                [
                    7.959499752921002,
                    8.378218926895286
                ]
            ],
            "minimum_value": 0.0,
            "active_dims": [
                1,
                2
            ]
        },
        {
            "type": "Sinus",
            "amplitudes": [
                0.3076882397571389,
                0.38331731884852155,
                0.44774928579811785,
                0.8043074554704222
            ],
            "frequencies": [
                0.17191866530366404,
                1.7989593942411084,
                1.732781217553622,
                1.9903840429868878
            ],
            "weight_vectors": [
                [
                    0.7703039008810543,
                    0.05374075858244143
                ],
                [
                    0.7769224532196473,
                    0.8697414645675915
                ],
                [
                    0.5154678321649175,
                    0.917184224876648
                ],
                [
                    0.39687817249370305,
                    0.2551327699579683
                ]
            ],
            "phases": [
                3.592166200526866,
                1.2856760262719287,
                2.7541159956745553,
                3.813254507475215
            ],
            "offset": -0.03656227820780258,
            "bounds": [
                [
                    6.95760382231903,
                    7.626569572703884
                ],
                [
                    0.03704829082868922,
                    4.4000593224550215
                ]
            ],
            "minimum_value": 0.0,
            "active_dims": [
                0,
                1
            ]
        },
        {
            "type": "Sinus",
            "amplitudes": [
                0.7939662638192205,
                0.22313163160421867
            ],
            "frequencies": [
                0.839417551147357,
                0.9179115564903663
            ],
            "weight_vectors": [
                [
                    0.747701052894813,
                    0.06773678274406503
                ],
                [
                    0.5387390062260252,
                    0.6336222646629501
                ]
            ],
            "phases": [
                1.923237789084239,
                4.827987325665709
            ],
            "offset": 0.1732934250612587,
            "bounds": [
                [
                    3.107506935104862,
                    4.084811255210539
                ],
                [
                    4.133137742122968,
                    8.036226243620735
                ]
            ],
            "minimum_value": 0.0,
            "active_dims": [
                0,
                1
            ]
        },
        {
            "type": "Gaussian",
            "mean": [
                3.8226599541551263,
                6.413836421765637,
                0.8693982828866487
            ],
            "std_dev": [
                2.130053430594862,
                1.6920935076618984,
                1.8714458884574443
            ],
            "max_amplitude": 0.23510983081535258,
            "active_dims": [
                0,
                1,
                2
            ]
        },
        {
            "type": "Gaussian",
            "mean": [
                0.21076095912873405,
                9.805820341529053,
                8.522930052746107
            ],
            "std_dev": [
                3.1088146019330787,
                0.8117916713482597,
                0.9256628527077164
            ],
            "max_amplitude": 0.38701704141848003,
            "active_dims": [
                0,
                1,
                2
            ]
        },
        {
            "type": "Gaussian",
            "mean": [
                4.187932330374736,
                0.3575992286694485,
                8.611427921189168
            ],
            "std_dev": [
                0.13987176772387577,
                0.19437253088734327,
                1.5126414015191354
            ],
            "max_amplitude": 0.21428290833081062,
            "active_dims": [
                0,
                1,
                2
            ]
        },
        {
            "type": "StaticHypercube",
            "dimensions": [
                [
                    4.347039950532075,
                    5.853772829330754
                ]
            ],
            "static_value": 0.15397443605614555,
            "active_dims": [
                0
            ]
        },
        {
            "type": "StaticHypercube",
            "dimensions": [
                [
                    7.145871529836475,
                    8.471383912081219
                ],
                [
                    2.0866266297909304,
                    5.70497759811132
                ]
            ],
            "static_value": 0.4197385164835013,
            "active_dims": [
                0,
                1
            ]
        },
        {
            "type": "Sinus",
            "amplitudes": [
                0.6288210270995874,
                0.3304502464635787
            ],
            "frequencies": [
                0.4069545049665372,
                1.427512145324959
            ],
            "weight_vectors": [
                [
                    0.39873243156613725,
                    0.3254553911660125
                ],
                [
                    0.7961167341482849,
                    0.028355948710611423
                ]
            ],
            "phases": [
                0.1330257966201094,
                5.304147855372339
            ],
            "offset": 0.04089954597064182,
            "bounds": [
                [
                    6.34935551480955,
                    9.44413575268832
                ],
                [
                    0.6395738114886342,
                    1.3926463983770274
                ]
            ],
            "minimum_value": 0.0,
            "active_dims": [
                0,
                1
            ]
        }
    ],
    "stats": {
        "energy": 135934741.66618884,
        "bandwidth": 254,
        "mean": 0.08427660397482648,
        "std": 0.16150742030032908,
        "pct_over_06": 0.0225,
        "pct_over_08": 0.015
    }
}