{
    "functions": [
        {
            "type": "Ramp",
            "coeff": [
                1.400960821231656,
                0.8186239989013093
            ],
            "min_value": 0.0033038940950103146,
            "max_value": 0.11778371774109979,
            "bounds": [
                [
                    5.883850335101511,
                    6.9550556978468645
                ],
                [
                    2.486530377929844,
                    6.490350768418753
                ]
            ],
            "active_dims": [
                0,
                1
            ]
        },
        {
            "type": "StaticHypercube",
            "dimensions": [
                [
                    7.535429417399447,
                    9.610279457919045
                ]
            ],
            "static_value": 0.055845164020852024,
            "active_dims": [
                1
            ]
        },
        {
            "type": "Sinus",
            "amplitudes": [
                0.1931420894588305,
                0.4034269240889295,
                0.2243896802379317,
                0.1676416064795238
            ],
            "frequencies": [
                1.295588725484416,
                1.312639164792577,
                1.5160731206983478,
                0.8193707144987658
            ],
            "weight_vectors": [
                [
                    0.5404253843799658,
                    0.6230923795806314,
                    0.9976480706749391
                ],
                [
                    0.5581829848591743,
                    0.0447784261346692,
                    0.5439343278413603
                ],
                [
                    0.6921643386941486,
                    0.2522840851394297,
                    0.09596381820059041
                ],
                [
                    0.5514971540520114,
                    0.005395916168362325,
                    0.845846392978568
                ]
            ],
            "phases": [
                5.293557560089071,
                2.3037460854698115,
                6.000946705836566,
                0.02005987700541374
            ],
            "offset": -0.04378414175494701,
            "bounds": [
                [
                    7.025136120599856,
                    9.94173938267666
                ],
                [
                    4.277163714128485,
                    9.947972878130908
                ],
                [
                    3.0793341075374006,
                    5.978723988711094
                ]
            ],
            "minimum_value": 0.0,
            "active_dims": [
                0,
                1,
                2
            ]
        },
        {
            "type": "Gaussian",
            "mean": [
                1.5395123445208936,
                1.4383511059138665
            ],
            "std_dev": [
                1.9752242184082482,
                3.7828606270048515
            ],
            "max_amplitude": 0.3269461849449387,
            "active_dims": [
                0,
                1
            ]
        },
        {
            "type": "StaticHypercube",
            "dimensions": [
                [
                    3.724734680008418,
                    9.147353075619467
                ],
                [
                    3.6540889532358816,
                    5.134259766549378
                ]
            ],
            "static_value": 0.18520647070245394,
            "active_dims": [
                1,
                2
            ]
        },
        {
            "type": "Sinus",
            "amplitudes": [
                0.11991205627540102,
                0.2712632321143066
            ],
            "frequencies": [
                1.1359296914606132,
                1.8615990168426806
            ],
            "weight_vectors": [
                [
                    0.7203492049468809,
                    0.6100646214574634,
                    0.25428782394409066
                ],
                [
                    0.11737849223032015,
                    0.08059426650306811,
                    0.6504817969545376
                ]
            ],
            "phases": [
                4.799629666781437,
                4.799614942796025
            ],
            "offset": -0.06521169693059467,
            "bounds": [
                [
                    4.518871038636254,
                    8.427235420104308
                ],
                [
                    5.040443533062474,
                    7.442966234998353
                ],
                [
                    0.22930999200053157,
                    5.555213273764516
                ]
            ],
            "minimum_value": 0.0,
            "active_dims": [
                0,
                1,
                2
            ]
        },
        {
            "type": "Gaussian",
            "mean": [
                4.850467854149962,
                2.1615672132991524
            ],
            "std_dev": [
                3.6884550823587583,
                3.564908495834102
            ],
            "max_amplitude": 0.41020872918973333,
            "active_dims": [
                0,
                1
            ]
        },
        {
            "type": "Gaussian",
            "mean": [
                8.370133492979267
            ],
            "std_dev": [
                1.898726163150783
            ],
            "max_amplitude": 0.10174004339180996,
            "active_dims": [
                2
            ]
        },
        {
            "type": "Ramp",
            "coeff": [
                0.7396756125441106
            ],
            "min_value": 0.02706850694093626,
            "max_value": 0.12853009646134678,
            "bounds": [
                [
                    2.0138313116654847,
                    5.394759037357927
                ]
            ],
            "active_dims": [
                1
            ]
        }
    ],
    "stats": {
        "energy": 751310057.3253552,
        "bandwidth": 10,
        "mean": 0.3748837302652334,
        "std": 0.20709296402007898,
        "pct_over_06": 0.182453125,
        "pct_over_08": 0.0056875
    }
}