{
    "functions": [
        {
            "type": "Gaussian",
            "mean": [
                7.639255953021787,
                4.467215353545938
            ],
            "std_dev": [
                3.2448874446258187,
                0.3407086272878387
            ],
            "max_amplitude": 0.3406967423724742,
            "active_dims": [
                1,
                2
            ]
        },
        {
            "type": "Sinus",
            "amplitudes": [
                0.13540013727136965,
                0.2565785827216914,
                0.11492514034166014
            ],
            "frequencies": [
                1.7219748747426593,
                0.41449134676354293,
                0.16229300253057705
            ],
            "weight_vectors": [
                [
                    0.8972384159237761,
                    0.12554430154456886
                ],
                [
                    0.5753078468484614,
                    0.08496851714356646
                ],
                [
                    0.8909345175294378,
                    0.266237209627187
                ]
            ],
            "phases": [
                4.226007139552054,
                1.8899992611275882,
                4.2417591461403905
            ],
            "offset": 0.10170507848146994,
            "bounds": [
                [
                    3.5726364843173153,
                    5.949669235756445
                ],
                [
                    2.882005678995773,
                    8.050818911536854
                ]
            ],
            "minimum_value": 0.0,
            "active_dims": [
                0,
                1
            ]
        },
        {
            "type": "Gaussian",
            "mean": [
                2.2421412785267436,
                1.6815988015319627
            ],
            "std_dev": [
                2.3133296077156906,
                3.678418041489843
            ],
            "max_amplitude": 0.2677567386205043,
            "active_dims": [
                0,
                2
            ]
        },
        {
            "type": "Sinus",
            "amplitudes": [
                0.14718385681474858
            ],
            "frequencies": [
                1.3642632773613679
            ],
            "weight_vectors": [
                [
                    0.2633877418094389,
                    0.7160018241633963
                ]
            ],
            "phases": [
                4.624920181828736
            ],
            "offset": 0.10279794848503229,
            "bounds": [
                [
                    3.1125228224778163,
                    5.359988239820262
                ],
                [
                    2.047904680172747,
                    5.321387163421033
                ]
            ],
            "minimum_value": 0.0,
            "active_dims": [
                0,
                1
            ]
        },
        {
            "type": "Ramp",
            "coeff": [
                0.19587696327404047
            ],
            "min_value": 0.13805831024570892,
            "max_value": 0.23844294333382252,
            "bounds": [
                [
                    2.0786153494671424,
                    3.414834394220189
                ]
            ],
            "active_dims": [
                1
            ]
        },
        {
            "type": "Gaussian",
            "mean": [
                6.923731071300833
            ],
            "std_dev": [
                3.369802424801358
            ],
            "max_amplitude": 0.21309709398572468,
            "active_dims": [
                1
            ]
        },
        {
            "type": "Ramp",
            "coeff": [
                0.9785185948143866
            ],
            "min_value": 0.014731511999546747,
            "max_value": 0.2293542478539879,
            "bounds": [
                [
                    4.657265272317292,
                    9.593461521936817
                ]
            ],
            "active_dims": [
                1
            ]
        },
        {
            "type": "StaticHypercube",
            "dimensions": [
                [
                    5.819956192083153,
                    9.601994878079463
                ],
                [
                    1.3311806136293107,
                    4.80573280028094
                ],
                [
                    6.993231087289756,
                    8.54677980646901
                ]
            ],
            "static_value": 0.10221274291870062,
            "active_dims": [
                0,
                1,
                2
            ]
        },
        {
            "type": "Ramp",
            "coeff": [
                1.6917440523697755,
                0.48012630835839176
            ],
            "min_value": 0.004539305796032888,
            "max_value": 0.14208174617738142,
            "bounds": [
                [
                    1.360940206706455,
                    2.9262300285063563
                ],
                [
                    2.0385507476599023,
                    8.1101855039099
                ]
            ],
            "active_dims": [
                0,
                1
            ]
        }
    ],
    "stats": {
        "energy": 594882127.7737542,
        "bandwidth": 10,
        "mean": 0.33868302014010787,
        "std": 0.1747246586626785,
        "pct_over_06": 0.077234375,
        "pct_over_08": 0.007578125
    }
}