{
    "functions": [
        {
            "type": "Ramp",
            "coeff": [
                0.04712833275889872,
                0.3565845068490201
            ],
            "min_value": 0.034562596935780725,
            "max_value": 0.14638965827329917,
            "bounds": [
                [
                    0.4133171652473635,
                    3.7670035150796397
                ],
                [
                    2.9869763660814304,
                    7.321849528494975
                ]
            ],
            "active_dims": [
                0,
                1
            ]
        },
        {
            "type": "Ramp",
            "coeff": [
                0.6778651934955517
            ],
            "min_value": 0.10492928925310079,
            "max_value": 0.14358697033133533,
            "bounds": [
                [
                    1.6550404775557983,
                    8.851627962763935
                ]
            ],
            "active_dims": [
                1
            ]
        },
        {
            "type": "Sinus",
            "amplitudes": [
                0.14171043037070752,
                0.141303052277487,
                0.12041865332668275,
                0.08301011054480908,
                0.08650574268734129
            ],
            "frequencies": [
                0.3151878002839862,
                1.0905629444501406,
                1.149764310631561,
                1.0134040165279574,
                1.7209292731992119
            ],
            "weight_vectors": [
                [
                    0.7167400258830957,
                    0.05351550449726672
                ],
                [
                    0.24051647434538692,
                    0.4766645529163186
                ],
                [
                    0.27667572176930444,
                    0.161636929931801
                ],
                [
                    0.025225459321324695,
                    0.5913836084281462
                ],
                [
                    0.03512267173995842,
                    0.5694939609173904
                ]
            ],
            "phases": [
                0.029933985892487042,
                5.87392962172741,
                4.978980716457669,
                1.122736281862096,
                4.466428660995769
            ],
            "offset": 0.0019529698541414316,
            "bounds": [
                [
                    2.1910303356886747,
                    7.095218370831427
                ],
                [
                    3.2292682478289394,
                    9.395734967411519
                ]
            ],
            "minimum_value": 0.0,
            "active_dims": [
                0,
                2
            ]
        },
        {
            "type": "Sinus",
            "amplitudes": [
                0.08292082485578675,
                0.24702745871106083,
                0.17923541219302666,
                0.05086215498944481
            ],
            "frequencies": [
                1.423504882431693,
                0.4944923191051729,
                0.5518359356660418,
                0.9674124408292286
            ],
            "weight_vectors": [
                [
                    0.7847949784156388,
                    0.9834788070347277
                ],
                [
                    0.1088500184918656,
                    0.12123537091628322
                ],
                [
                    0.48041516050258515,
                    0.7843780829227669
                ],
                [
                    0.9124504661619457,
                    0.448684082752445
                ]
            ],
            "phases": [
                6.266410055134345,
                0.663902015603772,
                4.188341935504084,
                3.8725012712551456
            ],
            "offset": 0.01159669567509633,
            "bounds": [
                [
                    5.34231970405713,
                    9.065184820813805
                ],
                [
                    2.494917424771144,
                    5.579784977552551
                ]
            ],
            "minimum_value": 0.0,
            "active_dims": [
                0,
                2
            ]
        },
        {
            "type": "StaticHypercube",
            "dimensions": [
                [
                    7.603370810722957,
                    8.692297363313521
                ]
            ],
            "static_value": 0.078310756675008,
            "active_dims": [
                0
            ]
        },
        {
            "type": "Ramp",
            "coeff": [
                1.5684845747498697,
                0.5452567228419198,
                1.8647797289911203
            ],
            "min_value": 0.044990576886004864,
            "max_value": 0.18270184409264642,
            "bounds": [
                [
                    4.8955211894652955,
                    6.952991785719264
                ],
                [
                    4.181175215157755,
                    5.71213062090507
                ],
                [
                    1.4532568281700637,
                    6.608362774144976
                ]
            ],
            "active_dims": [
                0,
                1,
                2
            ]
        },
        {
            "type": "Ramp",
            "coeff": [
                0.1416767587692882,
                1.684578097777052,
                0.09100664523285218
            ],
            "min_value": 0.06383348522413136,
            "max_value": 0.18924298904897321,
            "bounds": [
                [
                    5.825440093786386,
                    9.685583357946784
                ],
                [
                    2.6405508753546645,
                    6.820284626080988
                ],
                [
                    4.260059997212171,
                    9.507803023210084
                ]
            ],
            "active_dims": [
                0,
                1,
                2
            ]
        },
        {
            "type": "Sinus",
            "amplitudes": [
                0.1834259198540095,
                0.07875153167336794,
                0.10715249743406363
            ],
            "frequencies": [
                0.4856878227077993,
                0.16571524598805887,
                1.062813188836972
            ],
            "weight_vectors": [
                [
                    0.5117867563249083
                ],
                [
                    0.6217361487043979
                ],
                [
                    0.1014878800583795
                ]
            ],
            "phases": [
                2.5533577801586933,
                3.044378619191907,
                5.192676566780392
            ],
            "offset": -0.016635922632243665,
            "bounds": [
                [
                    4.969971983317338,
                    7.868769720704954
                ]
            ],
            "minimum_value": 0.0,
            "active_dims": [
                2
            ]
        },
        {
            "type": "Ramp",
            "coeff": [
                1.892586690954578,
                0.33283497372558357
            ],
            "min_value": 0.06441372802524196,
            "max_value": 0.14144555315505491,
            "bounds": [
                [
                    3.1522347480551307,
                    4.932320546542365
                ],
                [
                    2.7590555245565866,
                    6.2519734859284775
                ]
            ],
            "active_dims": [
                0,
                1
            ]
        }
    ],
    "stats": {
        "energy": 382867230.34971267,
        "bandwidth": 74,
        "mean": 0.21915072663302745,