{
    "functions": [
        {
            "type": "Gaussian",
            "mean": [
                2.9327231887459138,
                6.621534619541611
            ],
            "std_dev": [
                1.3362816783501743,
                0.20332683695388387
            ],
            "max_amplitude": 0.24917348355728688,
            "active_dims": [
                1,
                2
            ]
        },
        {
            "type": "StaticHypercube",
            "dimensions": [
                [
                    2.6023603549832917,
                    8.507560641406027
                ],
                [
                    0.551011680285627,
                    4.501291427506292
                ],
                [
                    4.822536964297451,
                    7.726258022720893
                ]
            ],
            "static_value": 0.05906244936662989,
            "active_dims": [
                0,
                1,
                2
            ]
        },
        {
            "type": "Gaussian",
            "mean": [
                2.058622204163616,
                2.3013545697221396
            ],
            "std_dev": [
                2.182019857967039,
                3.3727923026740654
            ],
            "max_amplitude": 0.15841425423982916,
            "active_dims": [
                0,
                1
            ]
        },
        {
            "type": "Sinus",
            "amplitudes": [
                0.28958190059978284,
                0.5244811485247624,
                0.36945855105076825
            ],
            "frequencies": [
                1.2836032079279889,
                0.7056991210096174,
                0.4742726257621832
            ],
            "weight_vectors": [
                [
                    0.6847509686976158,
                    0.8621476815175372,
                    0.9734797969822891
                ],
                [
                    0.8614115919906303,
                    0.9825092572313742,
                    0.250568809843872
                ],
                [
                    0.8315577981830388,
                    0.9597001680678154,
                    0.6218038196973507
                ]
            ],
            "phases": [
                4.275506852579473,
                2.795806018287933,
                5.859517285918301
            ],
            "offset": 0.30473141491097705,
            "bounds": [
                [
                    4.297197314767743,
                    6.337837094170059
                ],
                [
                    5.023574619777991,
                    6.767738976927142
                ],
                [
                    0.6164516644844407,
                    2.4527367921456555
                ]
            ],
            "minimum_value": 0.0,
            "active_dims": [
                0,
                1,
                2
            ]
        },
        {
            "type": "StaticHypercube",
            "dimensions": [
                [
                    0.9949944713360747,
                    6.314993570015812
                ],
                [
                    0.7211522586088261,
                    1.9577195304043558
                ]
            ],
            "static_value": 0.4223888974351619,
            "active_dims": [
                1,
                2
            ]
        },
        {
            "type": "Gaussian",
            "mean": [
                9.384574189821357,
                8.37759593862369
            ],
            "std_dev": [
                1.0808735719599711,
                1.5612211943336405
            ],
            "max_amplitude": 0.15442706137176843,
            "active_dims": [
                1,
                2
            ]
        },
        {
            "type": "StaticHypercube",
            "dimensions": [
                [
                    1.7857363772262607,
                    6.975684550033889
                ],
                [
                    3.34072935140252,
                    7.9896742572077715
                ]
            ],
            "static_value": 0.19683830042731623,
            "active_dims": [
                0,
                2
            ]
        },
        {
            "type": "Gaussian",
            "mean": [
                5.806058278734753
            ],
            "std_dev": [
                0.23587976021976773
            ],
            "max_amplitude": 0.2778569088233901,
            "active_dims": [
                1
            ]
        },
        {
            "type": "Gaussian",
            "mean": [
                8.04712173079038
            ],
            "std_dev": [
                3.666077356054199
            ],
            "max_amplitude": 0.23298254722073233,
            "active_dims": [
                2
            ]
        }
    ],
    "stats": {
        "energy": 503364984.05846,
        "bandwidth": 30,
        "mean": 0.2989640016868707,
        "std": 0.1830638345127739,
        "pct_over_06": 0.072765625,
        "pct_over_08": 0.008703125
    }
}