{
    "functions": [
        {
            "type": "Ramp",
            "coeff": [
                1.243442832850067,
                0.9479509847090948
            ],
            "min_value": 0.10655433651943994,
            "max_value": 0.2511287978070565,
            "bounds": [
                [
                    3.8326412385406643,
                    5.821885314420948
                ],
                [
                    0.3606823588032687,
                    5.531587279693894
                ]
            ],
            "active_dims": [
                0,
                1
            ]
        },
        {
            "type": "Ramp",
            "coeff": [
                1.8285300231687023
            ],
            "min_value": 0.12200327421906182,
            "max_value": 0.18870027598081637,
            "bounds": [
                [
                    8.820148480919551,
                    9.876287010178604
                ]
            ],
            "active_dims": [
                2
            ]
        },
        {
            "type": "Gaussian",
            "mean": [
                5.331774075441186,
                4.162822153693257
            ],
            "std_dev": [
                1.820321969574923,
                3.2730718174069464
            ],
            "max_amplitude": 0.16610512980045702,
            "active_dims": [
                0,
                1
            ]
        },
        {
            "type": "Sinus",
            "amplitudes": [
                0.05351892107903374,
                0.11467255941440956,
                0.13353448026097037
            ],
            "frequencies": [
                1.1148801943489215,
                1.0055211218975093,
                1.301439121507632
            ],
            "weight_vectors": [
                [
                    0.5482084212948054,
                    0.09887603899812636
                ],
                [
                    0.2646115064848895,
                    0.6526268892180934
                ],
                [
                    0.5881120555253493,
                    0.2219145837937483
                ]
            ],
            "phases": [
                2.831056603324658,
                6.004461615009321,
                0.2151102492160302
            ],
            "offset": 0.09830083732806025,
            "bounds": [
                [
                    3.3097001423612133,
                    8.308181387342579
                ],
                [
                    0.2530257674315178,
                    4.23650975241409
                ]
            ],
            "minimum_value": 0.0,
            "active_dims": [
                0,
                1
            ]
        },
        {
            "type": "StaticHypercube",
            "dimensions": [
                [
                    2.2387180511136555,
                    6.008867725824663
                ],
                [
                    3.6835162389571408,
                    6.6697956803082885
                ]
            ],
            "static_value": 0.09742155282375983,
            "active_dims": [
                0,
                2
            ]
        },
        {
            "type": "Ramp",
            "coeff": [
                0.08956634405615116,
                0.9680097334607687
            ],
            "min_value": 0.07483043357427459,
            "max_value": 0.18454585615220567,
            "bounds": [
                [
                    1.9612587255256242,
                    2.651456188251913
                ],
                [
                    5.7078206892488526,
                    8.930218237785187
                ]
            ],
            "active_dims": [
                1,
                2
            ]
        },
        {
            "type": "StaticHypercube",
            "dimensions": [
                [
                    0.39747479308711814,
                    4.205007633349724
                ]
            ],
            "static_value": 0.30956073781784654,
            "active_dims": [
                0
            ]
        },
        {
            "type": "StaticHypercube",
            "dimensions": [
                [
                    1.8926300731848036,
                    4.760999161853084
                ],
                [
                    4.404185516372644,
                    4.989150541381386
                ]
            ],
            "static_value": 0.12279351512755843,
            "active_dims": [
                1,
                2
            ]
        },
        {
            "type": "Sinus",
            "amplitudes": [
                0.17573322409537995
            ],
            "frequencies": [
                1.8952453620258642
            ],
            "weight_vectors": [
                [
                    0.07181668098811289,
                    0.3114084757146697
                ]
            ],
            "phases": [
                1.330711871937722
            ],
            "offset": -0.015474248188532743,
            "bounds": [
                [
                    3.2909404635448687,
                    6.353126616432635
                ],
                [
                    1.667559975770714,
                    4.492485804987181
                ]
            ],
            "minimum_value": 0.0,
            "active_dims": [
                0,
                2
            ]
        }
    ],
    "stats": {
        "energy": 383933615.8754777,
        "bandwidth": 29,
        "mean": 0.23959906913402415,
        "std": 0.19059401619268682,
        "pct_over_06": 0.0409375,
        "pct_over_08": 0.005875
    }
}