{
    "functions": [
        {
            "type": "Gaussian",
            "mean": [
                1.1038578174116098,
                4.503757849499147
            ],
            "std_dev": [
                3.7833718783569275,
                2.86643508940696
            ],
            "max_amplitude": 0.09213225717934632,
            "active_dims": [
                0,
                2
            ]
        },
        {
            "type": "Gaussian",
            "mean": [
                3.6684489075687754,
                7.724108030068944
            ],
            "std_dev": [
                1.2013928147356794,
                0.22611313855009124
            ],
            "max_amplitude": 0.10897233799336119,
            "active_dims": [
                1,
                2
            ]
        },
        {
            "type": "Sinus",
            "amplitudes": [
                0.12048604134319434,
                0.28756651742193984,
                0.14195358582285905,
                0.24180682464119946
            ],
            "frequencies": [
                0.262064435570854,
                0.1664270878973796,
                0.4694148400651108,
                0.2534009015545102
            ],
            "weight_vectors": [
                [
                    0.8531226099252766,
                    0.6168637432559504
                ],
                [
                    0.18473550053319876,
                    0.607298983965974
                ],
                [
                    0.6215114313095557,
                    0.23040792794778964
                ],
                [
                    0.23468078230773104,
                    0.15501737668502613
                ]
            ],
            "phases": [
                4.120992091136936,
                5.564965729518815,
                4.2350904104564355,
                2.812542718934641
            ],
            "offset": -0.03311888969409976,
            "bounds": [
                [
                    4.14653659878331,
                    8.660868442156762
                ],
                [
                    9.006231143178237,
                    9.990823690887915
                ]
            ],
            "minimum_value": 0.0,
            "active_dims": [
                0,
                2
            ]
        },
        {
            "type": "Ramp",
            "coeff": [
                0.2745619207712251
            ],
            "min_value": 0.10858324029713892,
            "max_value": 0.24448172870366225,
            "bounds": [
                [
                    0.4270375763952167,
                    3.0234705296944875
                ]
            ],
            "active_dims": [
                1
            ]
        },
        {
            "type": "StaticHypercube",
            "dimensions": [
                [
                    0.6726516434396044,
                    3.938488071162029
                ]
            ],
            "static_value": 0.3077231349857551,
            "active_dims": [
                0
            ]
        },
        {
            "type": "Gaussian",
            "mean": [
                8.415744933333754,
                5.582909606713251,
                3.397457578741699
            ],
            "std_dev": [
                1.0964592947041196,
                1.3683498779477707,
                0.8887476816931756
            ],
            "max_amplitude": 0.11580117973650675,
            "active_dims": [
                0,
                1,
                2
            ]
        },
        {
            "type": "Ramp",
            "coeff": [
                1.5701957271740155,
                1.4200943484988175
            ],
            "min_value": 0.10066174135933173,
            "max_value": 0.274170041842186,
            "bounds": [
                [
                    1.4495744462830036,
                    4.871942607785692
                ],
                [
                    1.7673706681812256,
                    8.399518107926875
                ]
            ],
            "active_dims": [
                0,
                2
            ]
        },
        {
            "type": "Gaussian",
            "mean": [
                1.2316307510343694
            ],
            "std_dev": [
                2.551455346633769
            ],
            "max_amplitude": 0.19708037538094872,
            "active_dims": [
                0
            ]
        },
        {
            "type": "Sinus",
            "amplitudes": [
                0.1306262676947116,
                0.0991525650324988,
                0.20305471102991282,
                0.22643785770541053,
                0.16642293264288638
            ],
            "frequencies": [
                1.3110414666232386,
                0.4106853587968988,
                1.0097783514064884,
                1.8301932404694947,
                0.9147545483291842
            ],
            "weight_vectors": [
                [
                    0.8217346732309911
                ],
                [
                    0.4916276322634803
                ],
                [
                    0.16915957294936912
                ],
                [
                    0.10539603235351447
                ],
                [
                    0.24452948893262183
                ]
            ],
            "phases": [
                0.45129267479279944,
                2.9265451438644168,
                5.161283254837177,
                3.288847721603449,
                4.7356380765205115
            ],
            "offset": -0.030241899684751095,
            "bounds": [
                [
                    3.989479368085153,
                    4.618560547692521
                ]
            ],
            "minimum_value": 0.0,
            "active_dims": [
                0
            ]
        }
    ],
    "stats": {
        "energy": 717491401.492369,
        "bandwidth": 9,
        "mean": 0.3116016002833064,
        "std": 0.2794158941315891,
        "pct_over_06": 0.20365625,
        "pct_over_08": 0.042671875
    }
}