{
    "functions": [
        {
            "type": "Gaussian",
            "mean": [
                0.5718931468006561
            ],
            "std_dev": [
                2.8618978592921502
            ],
            "max_amplitude": 0.16954983403818505,
            "active_dims": [
                1
            ]
        },
        {
            "type": "Gaussian",
            "mean": [
                0.5502599441140088,
                5.212276628797152
            ],
            "std_dev": [
                1.2141517858501671,
                0.40240179309432333
            ],
            "max_amplitude": 0.20477930907860212,
            "active_dims": [
                0,
                1
            ]
        },
        {
            "type": "Ramp",
            "coeff": [
                0.18573407740022074,
                0.7180018938948702
            ],
            "min_value": 0.1761647674468886,
            "max_value": 0.46485630509937326,
            "bounds": [
                [
                    5.146822530556089,
                    9.761534192718413
                ],
                [
                    4.327282221916496,
                    7.5188140844042355
                ]
            ],
            "active_dims": [
                1,
                2
            ]
        },
        {
            "type": "Sinus",
            "amplitudes": [
                0.25852938990139085,
                0.5043771116787691,
                0.32985197909359304
            ],
            "frequencies": [
                1.695656768081609,
                1.834284770057203,
                0.44443336222704455
            ],
            "weight_vectors": [
                [
                    0.6102867594684376,
                    0.7504486832608597,
                    0.3260849184661867
                ],
                [
                    0.2713266890732322,
                    0.2375626066290757,
                    0.7188688256814851
                ],
                [
                    0.20783611870439123,
                    0.32823557331047126,
                    0.5887614137339912
                ]
            ],
            "phases": [
                5.1917840764819925,
                2.4031673037120176,
                5.3039361681852
            ],
            "offset": -0.1729862979314346,
            "bounds": [
                [
                    7.04684576373882,
                    8.408053295037886
                ],
                [
                    5.242576951377422,
                    7.094905927712018
                ],
                [
                    1.63942763951184,
                    2.2216248863878496
                ]
            ],
            "minimum_value": 0.0,
            "active_dims": [
                0,
                1,
                2
            ]
        },
        {
            "type": "StaticHypercube",
            "dimensions": [
                [
                    4.2068007215098016,
                    5.96022107798956
                ],
                [
                    6.975513522815073,
                    7.7630895965116435
                ]
            ],
            "static_value": 0.17242855243264218,
            "active_dims": [
                0,
                2
            ]
        },
        {
            "type": "StaticHypercube",
            "dimensions": [
                [
                    2.5725436339881074,
                    6.184046187779578
                ],
                [
                    5.43821170507061,
                    7.045626310554389
                ],
                [
                    1.7586186953879954,
                    3.119633486659307
                ]
            ],
            "static_value": 0.04754155010645106,
            "active_dims": [
                0,
                1,
                2
            ]
        },
        {
            "type": "Sinus",
            "amplitudes": [
                0.286642035633434,
                0.39261980594626533,
                0.29622917877122834,
                0.21628812965750485,
                0.2055743891163291
            ],
            "frequencies": [
                1.2932105894717196,
                1.492055286410744,
                0.7790516091072053,
                1.2118316717417348,
                1.8451017059538315
            ],
            "weight_vectors": [
                [
                    0.4781444947532151
                ],
                [
                    0.4669310903994619
                ],
                [
                    0.16352866481402806
                ],
                [
                    0.8181141498858987
                ],
                [
                    0.9945348712748269
                ]
            ],
            "phases": [
                1.4219792288670579,
                2.2166246646906114,
                0.8648559172013406,
                2.746165994800752,
                4.364081302923415
            ],
            "offset": 0.04095924190904596,
            "bounds": [
                [
                    5.414318904110189,
                    7.559843055154219
                ]
            ],
            "minimum_value": 0.0,
            "active_dims": [
                2
            ]
        },
        {
            "type": "Ramp",
            "coeff": [
                0.05842460907161717,
                1.4899612049101847
            ],
            "min_value": 0.0437954213889758,
            "max_value": 0.12988537152101556,
            "bounds": [
                [
                    3.356549747663411,
                    4.444575666927303
                ],
                [
                    3.5157403810985284,
                    5.831035567908597
                ]
            ],
            "active_dims": [
                0,
                2
            ]
        },
        {
            "type": "Sinus",
            "amplitudes": [
                0.14167697049410938,
                0.1599489406462843,
                0.11957588938900264
            ],
            "frequencies": [
                1.7304811371955433,
                1.9489391043414095,
                1.469977473342428
            ],
            "weight_vectors": [
                [
                    0.1414260039117029
                ],
                [
                    0.9987605072174052
                ],
                [
                    0.6901457573325529
                ]
            ],
            "phases": [
                3.373444037628955,
                1.9228426139419907,
                5.035127100580187
            ],
            "offset": -0.18143324005837738,
            "bounds": [
                [
                    4.644120333976164,
                    7.834596784892891
                ]
            ],
            "minimum_value": 0.0,
            "active_dims": [
                1
            ]
        }
    ],
    "stats": {
        "energy": 343648209.6903186,
        "bandwidth": 117,
        "mean": 0.19777429127729493,
        "std": 0.21162187600455937,
        "pct_over_06": 0.07678125,
        "pct_over_08": 0.02540625
    }
}