{
    "functions": [
        {
            "type": "StaticHypercube",
            "dimensions": [
                [
                    5.965243309979004,
                    9.471023693459784
                ],
                [
                    6.775501778321417,
                    8.934856356209085
                ],
                [
                    5.752864810766008,
                    9.872728428776718
                ]
            ],
            "static_value": 0.11182513075174137,
            "active_dims": [
                0,
                1,
                2
            ]
        },
        {
            "type": "Ramp",
            "coeff": [
                0.3613630095352216
            ],
            "min_value": 0.1856848728080691,
            "max_value": 0.351756087823014,
            "bounds": [
                [
                    6.621755437791691,
                    8.416417879051343
                ]
            ],
            "active_dims": [
                0
            ]
        },
        {
            "type": "Sinus",
            "amplitudes": [
                0.2203462587902511,
                0.3173046473854395,
                0.21896562141890566,
                0.1549336010289264
            ],
            "frequencies": [
                0.3383646922443523,
                0.3479588902624072,
                1.0104181754277408,
                1.2176239238981938
            ],
            "weight_vectors": [
                [
                    0.9103947874791563,
                    0.5328915944866857
                ],
                [
                    0.5658349324949467,
                    0.5441686849924957
                ],
                [
                    0.8530028297896305,
                    0.5977974463587027
                ],
                [
                    0.6358557706677569,
                    0.8368763135799816
                ]
            ],
            "phases": [
                4.427411244754491,
                0.15675553458101632,
                4.539373327676183,
                0.05183096020222828
            ],
            "offset": -0.062346274721721086,
            "bounds": [
                [
                    2.0819065899127387,
                    6.850649615537611
                ],
                [
                    1.0830603404482726,
                    1.9019172973446037
                ]
            ],
            "minimum_value": 0.0,
            "active_dims": [
                1,
                2
            ]
        },
        {
            "type": "Gaussian",
            "mean": [
                3.006615051496894
            ],
            "std_dev": [
                2.177067611085359
            ],
            "max_amplitude": 0.14493919638070044,
            "active_dims": [
                0
            ]
        },
        {
            "type": "Ramp",
            "coeff": [
                1.9160720350027742,
                0.2687911629482276,
                1.2598883087679875
            ],
            "min_value": 0.10924291817879513,
            "max_value": 0.1997008790669274,
            "bounds": [
                [
                    4.412772201461233,
                    7.912425653551231
                ],
                [
                    2.6766731860684363,
                    6.678148997027593
                ],
                [
                    5.362234449047375,
                    8.577364158164201
                ]
            ],
            "active_dims": [
                0,
                1,
                2
            ]
        },
        {
            "type": "Sinus",
            "amplitudes": [
                0.1853806413941435
            ],
            "frequencies": [
                1.7040508438530602
            ],
            "weight_vectors": [
                [
                    0.47101453309152774,
                    0.21900288061570483
                ]
            ],
            "phases": [
                3.3529717154574237
            ],
            "offset": 0.1801683576928569,
            "bounds": [
                [
                    3.8622022563168974,
                    6.473354129210451
                ],
                [
                    4.427264089758835,
                    8.084343354293242
                ]
            ],
            "minimum_value": 0.0,
            "active_dims": [
                0,
                1
            ]
        },
        {
            "type": "Sinus",
            "amplitudes": [
                0.09533390963147925,
                0.3174564304439124,
                0.1911361972646173,
                0.2149699575291035,
                0.1516871347957257
            ],
            "frequencies": [
                0.5389950706153694,
                1.572285597158604,
                1.7128189015944786,
                1.0235535755375307,
                1.247351143252867
            ],
            "weight_vectors": [
                [
                    0.23690917858894012
                ],
                [
                    0.1878482901868722
                ],
                [
                    0.973098153293503
                ],
                [
                    0.6419183851341101
                ],
                [
                    0.46147802875088484
                ]
            ],
            "phases": [
                2.8748927683710583,
                1.146598781507062,
                5.232300586293417,
                3.0709356285011435,
                2.165298562379755
            ],
            "offset": -0.0257030693991722,
            "bounds": [
                [
                    1.6487096533091916,
                    4.908404649877837
                ]
            ],
            "minimum_value": 0.0,
            "active_dims": [
                0
            ]
        },
        {
            "type": "Gaussian",
            "mean": [
                9.273098563281332,
                7.068741880420485
            ],
            "std_dev": [
                1.4496986779341043,
                0.4121131356598591
            ],
            "max_amplitude": 0.2467635804365117,
            "active_dims": [
                1,
                2
            ]
        },
        {
            "type": "Sinus",
            "amplitudes": [
                0.14589960897170837,
                0.22203093398286994,
                0.0839790587810303,
                0.223564252356197,
                0.14821229697408844
            ],
            "frequencies": [
                1.5619263708719637,
                0.6648815157781656,
                1.4607547557613043,
                1.2380298407016304,
                1.2375058252274735
            ],
            "weight_vectors": [
                [
                    0.9910526286598865,
                    0.45941199454485626
                ],
                [
                    0.8914910508456202,
                    0.5457304730504142
                ],
                [
                    0.07520216024250126,
                    0.7683809427051642
                ],
                [
                    0.7546680380718341,
                    0.21311666175608668
                ],
                [
                    0.899733158709014,
                    0.4932477004730441
                ]
            ],
            "phases": [
                5.9132515009935185,
                5.147309722400353,
                1.0351039113521288,
                3.8292988407260635,
                1.242177115175189
            ],
            "offset": -0.08631124549809382,
            "bounds": [
                [
                    6.218681414474692,
                    8.749129251122145
                ],
                [
                    1.3126568613970409,
                    2.374360836543441
                ]
            ],