{
    "functions": [
        {
            "type": "Sinus",
            "amplitudes": [
                0.20329619682372008,
                0.13790312575095873,
                0.23640796908328213,
                0.13746013829999482,
                0.07631486902392197
            ],
            "frequencies": [
                0.9604052672953028,
                0.2728533031793049,
                0.7462043857569459,
                0.6572144841279857,
                0.8881480106635765
            ],
            "weight_vectors": [
                [
                    0.8562171723045886
                ],
                [
                    0.47089377574221547
                ],
                [
                    0.054583431488057
                ],
                [
                    0.993257079548559
                ],
                [
                    0.1955563892886788
                ]
            ],
            "phases": [
                3.4160345883247483,
                0.6076343947493578,
                4.054073041081773,
                5.940610799984087,
                6.180913914361168
            ],
            "offset": 0.034942757513831496,
            "bounds": [
                [
                    4.55698640478345,
                    5.36329674925474
                ]
            ],
            "minimum_value": 0.0,
            "active_dims": [
                0
            ]
        },
        {
            "type": "Gaussian",
            "mean": [
                0.004158484136739249,
                7.279531957251683
            ],
            "std_dev": [
                0.7633361092245388,
                3.6366017666541293
            ],
            "max_amplitude": 0.2539200901442812,
            "active_dims": [
                0,
                2
            ]
        },
        {
            "type": "Ramp",
            "coeff": [
                0.4160633302758505
            ],
            "min_value": 0.07670481389191479,
            "max_value": 0.12281417223799392,
            "bounds": [
                [
                    0.15594504482302768,
                    4.130284050504879
                ]
            ],
            "active_dims": [
                1
            ]
        },
        {
            "type": "Ramp",
            "coeff": [
                1.1139585261826768,
                1.9328718542056451,
                0.7765902116051888
            ],
            "min_value": 0.1891438940688841,
            "max_value": 0.3243122192092251,
            "bounds": [
                [
                    5.922211689564755,
                    6.76682868278158
                ],
                [
                    6.633199593731535,
                    8.476335678151917
                ],
                [
                    3.0031587470044183,
                    5.840511029457231
                ]
            ],
            "active_dims": [
                0,
                1,
                2
            ]
        },
        {
            "type": "Sinus",
            "amplitudes": [
                0.11829520823069678,
                0.20098138854659497
            ],
            "frequencies": [
                0.7740716935661898,
                1.555555499687291
            ],
            "weight_vectors": [
                [
                    0.4278973929250859
                ],
                [
                    0.6715253078267024
                ]
            ],
            "phases": [
                0.5100930904777674,
                0.3676193088276514
            ],
            "offset": 0.002300551453303843,
            "bounds": [
                [
                    2.6521006567742855,
                    6.899513388517412
                ]
            ],
            "minimum_value": 0.0,
            "active_dims": [
                1
            ]
        },
        {
            "type": "Gaussian",
            "mean": [
                9.614240659580362,
                4.963556870169901,
                3.46269350514865
            ],
            "std_dev": [
                1.2886438358137633,
                1.1687799021749972,
                3.150527669719477
            ],
            "max_amplitude": 0.24561945099881166,
            "active_dims": [
                0,
                1,
                2
            ]
        },
        {
            "type": "Ramp",
            "coeff": [
                0.8017446163466577
            ],
            "min_value": 0.08063160043929296,
            "max_value": 0.18693929618303062,
            "bounds": [
                [
                    1.7094422876698712,
                    6.357402938601444
                ]
            ],
            "active_dims": [
                2
            ]
        },
        {
            "type": "Ramp",
            "coeff": [
                0.2816347112726232,
                0.9232342214277487
            ],
            "min_value": 0.1889261144521898,
            "max_value": 0.25270491732232553,
            "bounds": [
                [
                    4.438649448593813,
                    8.804085873471514
                ],
                [
                    4.169338454435883,
                    6.694324261379467
                ]
            ],
            "active_dims": [
                0,
                1
            ]
        },
        {
            "type": "Gaussian",
            "mean": [
                7.104355231085011,
                1.2595272640142674
            ],
            "std_dev": [
                2.0727634189408213,
                2.842791860005503
            ],
            "max_amplitude": 0.2469679145044219,
            "active_dims": [
                1,
                2
            ]
        }
    ],
    "stats": {
        "energy": 420818933.8922926,
        "bandwidth": 31,
        "mean": 0.27027498597384303,
        "std": 0.17230911029059642,
        "pct_over_06": 0.0448125,
        "pct_over_08": 0.004890625
    }
}