{
    "functions": [
        {
            "type": "Sinus",
            "amplitudes": [
                0.11467868624813297,
                0.10606050820291188,
                0.30888119779899104
            ],
            "frequencies": [
                1.36417495358854,
                0.1313052670595232,
                1.5803781344761638
            ],
            "weight_vectors": [
                [
                    0.05495650964061516,
                    0.9334877832573434
                ],
                [
                    0.6917393450702662,
                    0.6073193799369875
                ],
                [
                    0.16001584429006543,
                    0.040845586109283794
                ]
            ],
            "phases": [
                0.7302072015366261,
                3.4428706758489453,
                0.38772681455164365
            ],
            "offset": -0.03094894529611481,
            "bounds": [
                [
                    4.062753085102177,
                    8.250873205010086
                ],
                [
                    5.07339240391924,
                    6.60740509251207
                ]
            ],
            "minimum_value": 0.0,
            "active_dims": [
                0,
                1
            ]
        },
        {
            "type": "Ramp",
            "coeff": [
                1.247969550131047,
                0.07412946301784284
            ],
            "min_value": 0.0657243590306629,
            "max_value": 0.12840144509306994,
            "bounds": [
                [
                    0.5459254956323922,
                    1.7404006521030377
                ],
                [
                    6.76714528484821,
                    8.483576290636899
                ]
            ],
            "active_dims": [
                0,
                1
            ]
        },
        {
            "type": "Gaussian",
            "mean": [
                0.3716257898472741,
                9.185899064963403,
                4.6514067089763165
            ],
            "std_dev": [
                1.6979358813320666,
                3.772484109202862,
                1.0220144580739916
            ],
            "max_amplitude": 0.3161050849916506,
            "active_dims": [
                0,
                1,
                2
            ]
        },
        {
            "type": "Gaussian",
            "mean": [
                6.737214977195393,
                9.695879007910612
            ],
            "std_dev": [
                1.5368486144883704,
                3.636226922331001
            ],
            "max_amplitude": 0.2710244009360501,
            "active_dims": [
                0,
                2
            ]
        },
        {
            "type": "Gaussian",
            "mean": [
                8.637757481679447
            ],
            "std_dev": [
                3.5164703758118794
            ],
            "max_amplitude": 0.2084037712233265,
            "active_dims": [
                0
            ]
        },
        {
            "type": "Gaussian",
            "mean": [
                9.878117080379326
            ],
            "std_dev": [
                2.589738253254379
            ],
            "max_amplitude": 0.28009573841022867,
            "active_dims": [
                2
            ]
        },
        {
            "type": "Sinus",
            "amplitudes": [
                0.26102200316213714
            ],
            "frequencies": [
                1.741140014063787
            ],
            "weight_vectors": [
                [
                    0.29213421827362074
                ]
            ],
            "phases": [
                2.3894765793075123
            ],
            "offset": -0.03740973461748974,
            "bounds": [
                [
                    1.8849473097124452,
                    5.171110700070677
                ]
            ],
            "minimum_value": 0.0,
            "active_dims": [
                2
            ]
        },
        {
            "type": "Gaussian",
            "mean": [
                3.0744409411659634,
                9.98732971385225,
                6.6749334265193205
            ],
            "std_dev": [
                2.826357286629207,
                0.555388858456845,
                2.8682692571232815
            ],
            "max_amplitude": 0.33728394087718977,
            "active_dims": [
                0,
                1,
                2
            ]
        },
        {
            "type": "StaticHypercube",
            "dimensions": [
                [
                    1.39240735272882,
                    4.175637322901094
                ],
                [
                    5.692072225093874,
                    8.260643886283574
                ]
            ],
            "static_value": 0.09014340814489735,
            "active_dims": [
                1,
                2
            ]
        }
    ],
    "stats": {
        "energy": 546238857.5297974,
        "bandwidth": 17,
        "mean": 0.3124818133092858,
        "std": 0.18898204260604068,
        "pct_over_06": 0.101578125,
        "pct_over_08": 0.0085625
    }
}