{
    "functions": [
        {
            "type": "Sinus",
            "amplitudes": [
                0.21918694117648935,
                0.10275809372314917,
                0.11293468478477318
            ],
            "frequencies": [
                1.0141014423403323,
                1.8506709737047367,
                0.4184978745420378
            ],
            "weight_vectors": [
                [
                    0.9332763028405806
                ],
                [
                    0.9453232623259751
                ],
                [
                    0.7111761222409534
                ]
            ],
            "phases": [
                3.1743390070415005,
                2.4051196871146576,
                0.7126138951543965
            ],
            "offset": 0.05165107439560365,
            "bounds": [
                [
                    1.8221548330042647,
                    3.6297536833482624
                ]
            ],
            "minimum_value": 0.0,
            "active_dims": [
                2
            ]
        },
        {
            "type": "Sinus",
            "amplitudes": [
                0.20399328946098458,
                0.09863940595866709,
                0.08023629273698314,
                0.28539282309453445,
                0.3046150431501146
            ],
            "frequencies": [
                1.148919627092298,
                1.08450722820574,
                0.5826613656882546,
                1.2139348216712187,
                1.904586731821833
            ],
            "weight_vectors": [
                [
                    0.6734075302654767,
                    0.3995118004805708
                ],
                [
                    0.1599758174428142,
                    0.642809217394109
                ],
                [
                    0.15564651498696058,
                    0.011674551097985875
                ],
                [
                    0.5334076794435753,
                    0.6202848606837881
                ],
                [
                    0.44443389489745777,
                    0.23722620362635316
                ]
            ],
            "phases": [
                2.2713777727660784,
                0.6843418097066922,
                5.493114712889881,
                1.3724830598962718,
                0.6533019607871963
            ],
            "offset": 0.0915916240835332,
            "bounds": [
                [
                    5.20598667510728,
                    7.164592946426465
                ],
                [
                    0.12293768338586805,
                    2.284333960091927
                ]
            ],
            "minimum_value": 0.0,
            "active_dims": [
                1,
                2
            ]
        },
        {
            "type": "Sinus",
            "amplitudes": [
                0.13752430245298594,
                0.06551710881063277
            ],
            "frequencies": [
                0.4667681504064185,
                0.7679449904785567
            ],
            "weight_vectors": [
                [
                    0.31055438320336215
                ],
                [
                    0.09412838140203461
                ]
            ],
            "phases": [
                5.20417988381085,
                3.5433072359902456
            ],
            "offset": 0.06309227844012665,
            "bounds": [
                [
                    7.032700148433592,
                    9.720436427363873
                ]
            ],
            "minimum_value": 0.0,
            "active_dims": [
                1
            ]
        },
        {
            "type": "StaticHypercube",
            "dimensions": [
                [
                    1.1844601403367363,
                    4.599513007749685
                ],
                [
                    3.437746402024238,
                    5.560884931173947
                ]
            ],
            "static_value": 0.15029128164330716,
            "active_dims": [
                1,
                2
            ]
        },
        {
            "type": "StaticHypercube",
            "dimensions": [
                [
                    2.6119360357506514,
                    6.607617870331348
                ],
                [
                    0.17345478908963916,
                    4.635338195236356
                ]
            ],
            "static_value": 0.20212839306363142,
            "active_dims": [
                0,
                2
            ]
        },
        {
            "type": "Gaussian",
            "mean": [
                9.25518076879236,
                6.577497749056449
            ],
            "std_dev": [
                2.016730669617491,
                2.7390531796158863
            ],
            "max_amplitude": 0.18376542579763328,
            "active_dims": [
                0,
                1
            ]
        },
        {
            "type": "StaticHypercube",
            "dimensions": [
                [
                    3.6459061683972114,
                    6.171099052947865
                ]
            ],
            "static_value": 0.03771611208241119,
            "active_dims": [
                0
            ]
        },
        {
            "type": "Sinus",
            "amplitudes": [
                0.1415740320688572,
                0.23476438868070923,
                0.05542091454182066,
                0.26103566757008245,
                0.3101561802818537
            ],
            "frequencies": [
                1.642321630970035,
                0.36430097605346523,
                0.324151668394011,
                0.9985241529924357,
                0.5217835288621253
            ],
            "weight_vectors": [
                [
                    0.7414216471845358,
                    0.5737830683016307,
                    0.9394950984681338
                ],
                [
                    0.9801104817691958,
                    0.7115913980462648,
                    0.5469986697146236
                ],
                [
                    0.637470639362858,
                    0.7257277399474992,
                    0.6969115217031473
                ],
                [
                    0.18735561947780932,
                    0.48882988542830497,
                    0.1799852182433498
                ],
                [
                    0.6278793371834518,
                    0.11821130836396232,
                    0.21488013497054892
                ]
            ],
            "phases": [
                5.064870682414911,
                1.7681788882150888,
                0.2378339727592464,
                1.0686005257538769,
                4.7035667234730365
            ],
            "offset": 0.09803735187956729,
            "bounds": [
                [
                    2.372646775870457,
                    3.659160969967548
                ],
                [
                    1.1244317461657374,
                    3.8325178809461242
                ],
                [
                    2.9568954689035984,
                    5.563360592914307
                ]
            ],
            "minimum_value": 0.0,
            "active_dims": [
                0,
                1,
                2
            ]
        },
        {
            "type": "Gaussian",
            "mean": [
                9.100525546447653,
                6.992387443637108
            ],
            "std_dev": [
                0.7573660663912446,
                0.8556363669645434
            ],
            "max_amplitude": 0.1522487733278986,
            "active_dims": [
                0,
                1
            ]
        }
    ],
    "stats": {
        "energy": 131130549.09732471,
        "bandwidth": 244,
        "mean": 0.12323217822247233,