{
    "functions": [
        {
            "type": "Sinus",
            "amplitudes": [
                0.15314831900899506,
                0.13512468515193993
            ],
            "frequencies": [
                1.2341940840650518,
                1.2173978484849468
            ],
            "weight_vectors": [
                [
                    0.7784651455183016,
                    0.9842095850075989,
                    0.03251016169568344
                ],
                [
                    0.16257809566231762,
                    0.8580703594552601,
                    0.37160546329082866
                ]
            ],
            "phases": [
                1.0443825759419159,
                1.2219660761061362
            ],
            "offset": -0.06875045244825896,
            "bounds": [
                [
                    4.161087783084194,
                    6.567156680569566
                ],
                [
                    5.936047263825915,
                    7.802831116385308
                ],
                [
                    0.9409621512704167,
                    3.6399643068842025
                ]
            ],
            "minimum_value": 0.0,
            "active_dims": [
                0,
                1,
                2
            ]
        },
        {
            "type": "Gaussian",
            "mean": [
                6.907614079706244
            ],
            "std_dev": [
                0.30345020500382536
            ],
            "max_amplitude": 0.266737947625259,
            "active_dims": [
                2
            ]
        },
        {
            "type": "Sinus",
            "amplitudes": [
                0.22323529233788908,
                0.22156593447029815,
                0.29940092463510415,
                0.19070947906802138,
                0.08049865688823638
            ],
            "frequencies": [
                1.643663800478637,
                0.12952746455407002,
                1.5786213097540707,
                1.1057934147915311,
                0.5822197282917099
            ],
            "weight_vectors": [
                [
                    0.6915499638670416,
                    0.1292340745160594
                ],
                [
                    0.9574363412636392,
                    0.15832022818428693
                ],
                [
                    0.5290780845231137,
                    0.4952647151520657
                ],
                [
                    0.8618071236768405,
                    0.552920743756671
                ],
                [
                    0.4062200007188993,
                    0.5080348027016603
                ]
            ],
            "phases": [
                2.0722230411400235,
                5.409700329508473,
                5.055972218561452,
                0.7802984788345975,
                3.3154075294837893
            ],
            "offset": -0.12230946477157426,
            "bounds": [
                [
                    7.389491269918471,
                    8.496369044616635
                ],
                [
                    0.45215650019386794,
                    4.53191454934487
                ]
            ],
            "minimum_value": 0.0,
            "active_dims": [
                1,
                2
            ]
        },
        {
            "type": "Gaussian",
            "mean": [
                7.5495794749317895
            ],
            "std_dev": [
                2.3160387991782354
            ],
            "max_amplitude": 0.2661042158118745,
            "active_dims": [
                0
            ]
        },
        {
            "type": "Ramp",
            "coeff": [
                1.2262671567003023,
                1.7556282754833628,
                0.1958454560357823
            ],
            "min_value": 0.17369782273491266,
            "max_value": 0.21803477022201703,
            "bounds": [
                [
                    2.226799434212136,
                    5.879919761460106
                ],
                [
                    4.870775872330984,
                    7.6224314235671375
                ],
                [
                    1.2143124634592728,
                    8.202529239133233
                ]
            ],
            "active_dims": [
                0,
                1,
                2
            ]
        },
        {
            "type": "Ramp",
            "coeff": [
                1.96095650261766,
                1.5421325746716896
            ],
            "min_value": 0.023500304315936,
            "max_value": 0.08692396361769592,
            "bounds": [
                [
                    4.420069097372825,
                    6.5078971137960355
                ],
                [
                    0.8458154388448311,
                    3.223131236300528
                ]
            ],
            "active_dims": [
                1,
                2
            ]
        },
        {
            "type": "Gaussian",
            "mean": [
                6.2591672136668635
            ],
            "std_dev": [
                0.7057006269659049
            ],
            "max_amplitude": 0.11734243562614863,
            "active_dims": [
                0
            ]
        },
        {
            "type": "Sinus",
            "amplitudes": [
                0.13890471053982795,
                0.15084995618335914
            ],
            "frequencies": [
                1.757415442212317,
                1.5602463920560423
            ],
            "weight_vectors": [
                [
                    0.42614792217871456,
                    0.21166188403385333
                ],
                [
                    0.08224723854315619,
                    0.38478055661531363
                ]
            ],
            "phases": [
                1.0013898363090252,
                4.434878124169097
            ],
            "offset": -0.12688938462003557,
            "bounds": [
                [
                    4.974198874190649,
                    8.378426367393235
                ],
                [
                    2.3082777810161406,
                    5.281725573618143
                ]
            ],
            "minimum_value": 0.0,
            "active_dims": [
                1,
                2
            ]
        },
        {
            "type": "Sinus",
            "amplitudes": [
                0.18115716383313157,
                0.0785962482285483,
                0.18994869800498043,
                0.2840009325510638,
                0.2532085095262909
            ],
            "frequencies": [
                1.5278108472059997,
                0.7251289294387018,
                1.357619368451809,
                0.4954087959211426,
                1.4028086455839153
            ],
            "weight_vectors": [
                [
                    0.6841573617984469,
                    0.4128215394381337
                ],
                [
                    0.20307980892592137,
                    0.09593351268616479
                ],
                [
                    0.4946610889937051,
                    0.23146605824821243
                ],
                [
                    0.5730663438985333,
                    0.7110199921082019
                ],
                [
                    0.8152546677070769,
                    0.25931154693672076
                ]
            ],
            "phases": [
                0.35607675449225357,
                0.41552305383746374,
                1.364469718311286,
                1.2350984239562532,
                4.874213827363401
            ],
            "offset": 0.050438028311401484,