{
    "functions": [
        {
            "type": "Gaussian",
            "mean": [
                0.07844076534796574
            ],
            "std_dev": [
                2.0899480804224777
            ],
            "max_amplitude": 0.20042442158192575,
            "active_dims": [
                2
            ]
        },
        {
            "type": "Gaussian",
            "mean": [
                6.280111322106354,
                1.562015611439287,
                7.813023919194545
            ],
            "std_dev": [
                0.5032694347269587,
                3.848688176293107,
                0.38441443556144794
            ],
            "max_amplitude": 0.15386243973611916,
            "active_dims": [
                0,
                1,
                2
            ]
        },
        {
            "type": "Sinus",
            "amplitudes": [
                0.11060461818464407,
                0.29194475510459694,
                0.23658621344570754,
                0.1959270060445326,
                0.3056783906156836
            ],
            "frequencies": [
                1.9927719230943086,
                1.4835770804128465,
                1.1207152847718784,
                0.7843101275490596,
                1.4289897950085626
            ],
            "weight_vectors": [
                [
                    0.7869750761629817
                ],
                [
                    0.2852803476321186
                ],
                [
                    0.003787206231309903
                ],
                [
                    0.624948830852243
                ],
                [
                    0.7090217819411403
                ]
            ],
            "phases": [
                5.988692988422142,
                5.690355866189905,
                5.0499641887943385,
                2.5534527415431527,
                0.6217000497305823
            ],
            "offset": 0.14062810786286858,
            "bounds": [
                [
                    6.353115321760221,
                    8.25864169244634
                ]
            ],
            "minimum_value": 0.0,
            "active_dims": [
                1
            ]
        },
        {
            "type": "StaticHypercube",
            "dimensions": [
                [
                    4.810676482943873,
                    7.316995874426504
                ],
                [
                    1.7646300413754692,
                    4.317559315986108
                ]
            ],
            "static_value": 0.10908473351154485,
            "active_dims": [
                0,
                2
            ]
        },
        {
            "type": "Gaussian",
            "mean": [
                2.7943932760420074,
                3.995593436053314
            ],
            "std_dev": [
                3.918665621210721,
                3.7180995138825357
            ],
            "max_amplitude": 0.189857101917193,
            "active_dims": [
                1,
                2
            ]
        },
        {
            "type": "Sinus",
            "amplitudes": [
                0.2213599303608002,
                0.18571717437180857,
                0.41095038611721935,
                0.1552347617320302
            ],
            "frequencies": [
                1.2884431765158753,
                0.8533856772162141,
                1.2298928495040105,
                1.353192032064944
            ],
            "weight_vectors": [
                [
                    0.6015740345860227,
                    0.2683583484772111
                ],
                [
                    0.13781633917994096,
                    0.922920667265564
                ],
                [
                    0.3965795994081954,
                    0.857600684239438
                ],
                [
                    0.31312131411928434,
                    0.16641388968486437
                ]
            ],
            "phases": [
                3.4985220289139587,
                2.023777235717189,
                0.1580440579611156,
                5.030773411661352
            ],
            "offset": -0.09654229313597994,
            "bounds": [
                [
                    6.274375724577483,
                    7.819774264456471
                ],
                [
                    3.8547170288737145,
                    4.307524605224504
                ]
            ],
            "minimum_value": 0.0,
            "active_dims": [
                1,
                2
            ]
        },
        {
            "type": "Sinus",
            "amplitudes": [
                0.2370925732650354
            ],
            "frequencies": [
                0.34618765738458723
            ],
            "weight_vectors": [
                [
                    0.00470243362415157,
                    0.883407493652458
                ]
            ],
            "phases": [
                2.949633359568438
            ],
            "offset": 0.041872161278655076,
            "bounds": [
                [
                    5.336188087400531,
                    6.859221379952817
                ],
                [
                    2.2483668946218067,
                    4.919322063841023
                ]
            ],
            "minimum_value": 0.0,
            "active_dims": [
                0,
                1
            ]
        },
        {
            "type": "Sinus",
            "amplitudes": [
                0.2360836390564378,
                0.19136571841929842,
                0.13521454798022334,
                0.3393901658557441
            ],
            "frequencies": [
                0.875563760684674,
                1.4871672364765913,
                1.9006274536952594,
                1.8376774304859065
            ],
            "weight_vectors": [
                [
                    0.20214883283881369
                ],
                [
                    0.01791450615793777
                ],
                [
                    0.51088375969214
                ],
                [
                    0.719871790358051
                ]
            ],
            "phases": [
                5.130759535160834,
                5.629748371299569,
                1.1340029080031166,
                4.126893430000387
            ],
            "offset": 0.15018335023509846,
            "bounds": [
                [
                    0.2575851820698964,
                    6.26429033014683
                ]
            ],
            "minimum_value": 0.0,
            "active_dims": [
                1
            ]
        },
        {
            "type": "StaticHypercube",
            "dimensions": [
                [
                    3.7227522845406145,
                    6.04472933113276
                ],
                [
                    6.380625410535508,
                    6.8344733984340955
                ]
            ],
            "static_value": 0.1620356442901466,
            "active_dims": [
                0,
                1
            ]
        }
    ],
    "stats": {
        "energy": 390900793.0994231,
        "bandwidth": 31,
        "mean": 0.25543286153115735,
        "std": 0.17374929407135276,
        "pct_over_06": 0.0538125,
        "pct_over_08": 0.003265625
    }
}