{
    "functions": [
        {
            "type": "Sinus",
            "amplitudes": [
                0.09878915632940592
            ],
            "frequencies": [
                1.6166617818944518
            ],
            "weight_vectors": [
                [
                    0.7874433097089639
                ]
            ],
            "phases": [
                6.116582444806947
            ],
            "offset": 0.07088081433756929,
            "bounds": [
                [
                    5.502935525020653,
                    9.424153635924217
                ]
            ],
            "minimum_value": 0.0,
            "active_dims": [
                2
            ]
        },
        {
            "type": "Sinus",
            "amplitudes": [
                0.1409653431062689,
                0.0651101646737595,
                0.14289754265707172,
                0.1368978548863076,
                0.14929749311071008
            ],
            "frequencies": [
                0.35173849341746677,
                1.7991985250714189,
                0.45313078054597167,
                1.5659092417526268,
                1.6341844861669208
            ],
            "weight_vectors": [
                [
                    0.9691998377810505,
                    0.4446070223133488,
                    0.14366397959317012
                ],
                [
                    0.0021072896449996215,
                    0.7624756745850663,
                    0.29603606970780283
                ],
                [
                    0.10020530941866401,
                    0.5720070941443849,
                    0.7656817264542347
                ],
                [
                    0.9013391988468922,
                    0.6214746820717995,
                    0.29831520451156535
                ],
                [
                    0.38781624216454136,
                    0.5704170627543096,
                    0.9436326244588823
                ]
            ],
            "phases": [
                2.9881990304868404,
                2.2178578182840845,
                4.072329270651847,
                0.8061383759932663,
                1.457699940688975
            ],
            "offset": 0.09994304913962736,
            "bounds": [
                [
                    6.205949279722459,
                    7.352252199344498
                ],
                [
                    6.505305465914065,
                    7.384257755186705
                ],
                [
                    1.8626300592297307,
                    6.98269580372476
                ]
            ],
            "minimum_value": 0.0,
            "active_dims": [
                0,
                1,
                2
            ]
        },
        {
            "type": "Gaussian",
            "mean": [
                7.256930819301109,
                1.6434064183137997,
                7.141558931695116
            ],
            "std_dev": [
                1.3996232304570673,
                2.034333127723023,
                0.3027527719027061
            ],
            "max_amplitude": 0.08767038016396823,
            "active_dims": [
                0,
                1,
                2
            ]
        },
        {
            "type": "Gaussian",
            "mean": [
                9.979535115777
            ],
            "std_dev": [
                0.34329888875496284
            ],
            "max_amplitude": 0.08771964254429071,
            "active_dims": [
                2
            ]
        },
        {
            "type": "Ramp",
            "coeff": [
                1.8596877860135204,
                1.4089245762490608
            ],
            "min_value": 0.03361457325040234,
            "max_value": 0.07012047710018732,
            "bounds": [
                [
                    5.223546746320085,
                    9.768946279920803
                ],
                [
                    1.0265845035562942,
                    5.4601661171209654
                ]
            ],
            "active_dims": [
                0,
                1
            ]
        },
        {
            "type": "Ramp",
            "coeff": [
                0.2911532158335568,
                0.9446813216439855
            ],
            "min_value": 0.03691880209234,
            "max_value": 0.14226932275381682,
            "bounds": [
                [
                    4.755085744053724,
                    6.642845231396009
                ],
                [
                    1.889955246616781,
                    6.1458785161013845
                ]
            ],
            "active_dims": [
                1,
                2
            ]
        },
        {
            "type": "Ramp",
            "coeff": [
                1.8334819237778293,
                0.7619953420311862
            ],
            "min_value": 0.0294351361395514,
            "max_value": 0.10007674171051958,
            "bounds": [
                [
                    5.078200884888499,
                    9.049375097137037
                ],
                [
                    6.109008844776469,
                    8.076217293365152
                ]
            ],
            "active_dims": [
                0,
                1
            ]
        },
        {
            "type": "Gaussian",
            "mean": [
                0.7990047811853807
            ],
            "std_dev": [
                1.7852094358158568
            ],
            "max_amplitude": 0.163614038590018,
            "active_dims": [
                2
            ]
        },
        {
            "type": "Ramp",
            "coeff": [
                1.391866104563748
            ],
            "min_value": 0.007151779657897739,
            "max_value": 0.056004107613139405,
            "bounds": [
                [
                    1.3549552680452233,
                    7.742928450983717
                ]
            ],
            "active_dims": [
                1
            ]
        }
    ],
    "stats": {
        "energy": 111850459.27300516,
        "bandwidth": 32,
        "mean": 0.1264006339272025,
        "std": 0.10644304005546754,
        "pct_over_06": 0.001609375,
        "pct_over_08": 0.000484375
    }
}