{
    "functions": [
        {
            "type": "Ramp",
            "coeff": [
                0.4311028541268278
            ],
            "min_value": 0.18627471122212585,
            "max_value": 0.3217407029504192,
            "bounds": [
                [
                    0.756407029446087,
                    7.129001165781772
                ]
            ],
            "active_dims": [
                0
            ]
        },
        {
            "type": "Sinus",
            "amplitudes": [
                0.2883169896313802,
                0.5102443144984138,
                0.30336881910605534
            ],
            "frequencies": [
                1.451940538316878,
                0.6376833795817167,
                1.550625553854317
            ],
            "weight_vectors": [
                [
                    0.6399892870837679,
                    0.3030832313698323,
                    0.5825384254241712
                ],
                [
                    0.1008084335549454,
                    0.7392789064371185,
                    0.8290119952202885
                ],
                [
                    0.5710710231848575,
                    0.9353136583340831,
                    0.06391092329248982
                ]
            ],
            "phases": [
                4.912668969167456,
                5.317244573842759,
                2.237661904985384
            ],
            "offset": -0.181687296197493,
            "bounds": [
                [
                    7.155268934536084,
                    9.036253366060324
                ],
                [
                    1.8609115815185373,
                    3.8283981975667523
                ],
                [
                    3.5252334757585206,
                    8.685914387421427
                ]
            ],
            "minimum_value": 0.0,
            "active_dims": [
                0,
                1,
                2
            ]
        },
        {
            "type": "StaticHypercube",
            "dimensions": [
                [
                    7.558197114101962,
                    9.650246266503023
                ],
                [
                    2.5650003348444312,
                    5.86727218096032
                ]
            ],
            "static_value": 0.11661098140157716,
            "active_dims": [
                0,
                2
            ]
        },
        {
            "type": "Sinus",
            "amplitudes": [
                0.30116456336794906,
                0.4913655342700531,
                0.24114405062486655
            ],
            "frequencies": [
                0.3699455858824934,
                1.3343913372192424,
                1.6097997062531912
            ],
            "weight_vectors": [
                [
                    0.18813523111622532,
                    0.4347289432229189,
                    0.35587642667930286
                ],
                [
                    0.8256536598137904,
                    0.45826248764832256,
                    0.34383311053622334
                ],
                [
                    0.14450815087374402,
                    0.9687118592607916,
                    0.8816400369138069
                ]
            ],
            "phases": [
                4.198021304053925,
                3.131626377958042,
                5.6222404878931735
            ],
            "offset": -0.1551030169397854,
            "bounds": [
                [
                    3.809634548041465,
                    7.606215038179755
                ],
                [
                    0.7738647162064006,
                    3.410922918942347
                ],
                [
                    2.7927761525663897,
                    9.698561879394262
                ]
            ],
            "minimum_value": 0.0,
            "active_dims": [
                0,
                1,
                2
            ]
        },
        {
            "type": "Ramp",
            "coeff": [
                1.507141593380584,
                0.715906852432008
            ],
            "min_value": 0.12350408969220164,
            "max_value": 0.30480633252533834,
            "bounds": [
                [
                    4.195721564647124,
                    7.029035613135819
                ],
                [
                    2.7505487959083483,
                    5.866001198232058
                ]
            ],
            "active_dims": [
                0,
                2
            ]
        },
        {
            "type": "Ramp",
            "coeff": [
                0.46283079016931494
            ],
            "min_value": 0.13397581411785375,
            "max_value": 0.31564265568243205,
            "bounds": [
                [
                    2.7108936320300723,
                    4.754967499506407
                ]
            ],
            "active_dims": [
                2
            ]
        },
        {
            "type": "Gaussian",
            "mean": [
                4.154980566241239,
                1.2119936992349467,
                2.13852667981861
            ],
            "std_dev": [
                3.897701356209861,
                2.1563256475659793,
                0.344834186576907
            ],
            "max_amplitude": 0.20819124356238938,
            "active_dims": [
                0,
                1,
                2
            ]
        },
        {
            "type": "Gaussian",
            "mean": [
                9.347433883593705
            ],
            "std_dev": [
                2.4694688024666744
            ],
            "max_amplitude": 0.28980838715095714,
            "active_dims": [
                2
            ]
        },
        {
            "type": "Sinus",
            "amplitudes": [
                0.23517629582047042,
                0.1188454716117492
            ],
            "frequencies": [
                0.8927545424167902,
                0.9523292328248373
            ],
            "weight_vectors": [
                [
                    0.3700815956522132,
                    0.7751129442930484,
                    0.41797311170598517
                ],
                [
                    0.13835306658772817,
                    0.10648307220442632,
                    0.8664639540093895
                ]
            ],
            "phases": [
                4.036110564957434,
                2.856648525049702
            ],
            "offset": -0.18941473883423537,
            "bounds": [
                [
                    6.755082098028543,
                    8.625798351600018
                ],
                [
                    2.620699004620094,
                    5.232464511570841
                ],
                [
                    1.9893780375402665,
                    6.209062257485347
                ]
            ],
            "minimum_value": 0.0,
            "active_dims": [
                0,
                1,
                2
            ]
        }
    ],
    "stats": {
        "energy": 646643633.835117,
        "bandwidth": 14,
        "mean": 0.3451491613053713,
        "std": 0.19683505116461184,
        "pct_over_06": 0.0835,
        "pct_over_08": 0.02196875
    }
}