{
    "functions": [
        {
            "type": "Ramp",
            "coeff": [
                0.641430110877347,
                0.26920183341955606,
                1.2997212607507254
            ],
            "min_value": 0.12297115557560032,
            "max_value": 0.29205504342642075,
            "bounds": [
                [
                    4.221424032629318,
                    5.629544450379522
                ],
                [
                    0.11748945252986004,
                    5.931612921611946
                ],
                [
                    4.854136180164085,
                    6.2779772906090905
                ]
            ],
            "active_dims": [
                0,
                1,
                2
            ]
        },
        {
            "type": "Gaussian",
            "mean": [
                6.063597464448739,
                5.94699074017749
            ],
            "std_dev": [
                0.2610414985768843,
                0.49749479905317007
            ],
            "max_amplitude": 0.20216164007463142,
            "active_dims": [
                0,
                1
            ]
        },
        {
            "type": "Sinus",
            "amplitudes": [
                0.13718096093513127,
                0.26631829500199333,
                0.12486538412995488,
                0.1337695765448971
            ],
            "frequencies": [
                0.11193735241227133,
                1.1217963306656575,
                0.6216711560625859,
                1.3956670736851189
            ],
            "weight_vectors": [
                [
                    0.8654522674178493,
                    0.05160757900418678
                ],
                [
                    0.9161177958130773,
                    0.821796333871195
                ],
                [
                    0.9567868674894277,
                    0.9351150003180451
                ],
                [
                    0.7356827369123199,
                    0.39889400290219934
                ]
            ],
            "phases": [
                1.6136848555854997,
                5.59828107654777,
                2.1342876388677183,
                1.3306402331035625
            ],
            "offset": 0.021515707306378053,
            "bounds": [
                [
                    5.380934084571546,
                    7.620498811984168
                ],
                [
                    2.8847137308671758,
                    7.8490123910527405
                ]
            ],
            "minimum_value": 0.0,
            "active_dims": [
                1,
                2
            ]
        },
        {
            "type": "Gaussian",
            "mean": [
                5.829177308969498,
                7.313710591069969
            ],
            "std_dev": [
                1.341182946252403,
                1.1583110686201945
            ],
            "max_amplitude": 0.24468694238007108,
            "active_dims": [
                0,
                2
            ]
        },
        {
            "type": "StaticHypercube",
            "dimensions": [
                [
                    6.883824143931692,
                    9.362749541410864
                ],
                [
                    2.5047654925958556,
                    6.457290528278367
                ]
            ],
            "static_value": 0.12132563395387926,
            "active_dims": [
                1,
                2
            ]
        },
        {
            "type": "Gaussian",
            "mean": [
                4.936705043127402,
                7.570187076817772
            ],
            "std_dev": [
                0.9310843277801116,
                0.2506061337418666
            ],
            "max_amplitude": 0.1974500251003612,
            "active_dims": [
                0,
                1
            ]
        },
        {
            "type": "Gaussian",
            "mean": [
                2.86080003259039,
                2.9205246461814003
            ],
            "std_dev": [
                1.834018343584424,
                3.644741549101382
            ],
            "max_amplitude": 0.11444750362847482,
            "active_dims": [
                1,
                2
            ]
        },
        {
            "type": "StaticHypercube",
            "dimensions": [
                [
                    8.732195905970569,
                    9.709863786646919
                ],
                [
                    1.0125741208717733,
                    1.1533473400852063
                ],
                [
                    4.586679009865095,
                    5.593083617293056
                ]
            ],
            "static_value": 0.25197777789767645,
            "active_dims": [
                0,
                1,
                2
            ]
        },
        {
            "type": "Sinus",
            "amplitudes": [
                0.2970013999241754,
                0.38552395021204544,
                0.12582383972173006,
                0.11999204731535441,
                0.14347136830227494
            ],
            "frequencies": [
                1.5181183535339589,
                1.4242614736488266,
                1.9015728074990028,
                1.1320932053102541,
                1.8720046046258698
            ],
            "weight_vectors": [
                [
                    0.5428766346654615,
                    0.20544421355833942,
                    0.9942124560654596
                ],
                [
                    0.5660182143097584,
                    0.4411969054965671,
                    0.5352500740541785
                ],
                [
                    0.8932105931176549,
                    0.5793842630778601,
                    0.84182374743666
                ],
                [
                    0.5278594769936387,
                    0.06829321507994002,
                    0.3041647092066705
                ],
                [
                    0.9266560194662604,
                    0.9188865952567797,
                    0.7511731069138775
                ]
            ],
            "phases": [
                3.325676022730415,
                1.943694328973426,
                4.8605211400572,
                0.5005257699767238,
                2.0298395637324904
            ],
            "offset": -0.11037215359945723,
            "bounds": [
                [
                    2.9736806148795702,
                    6.218980397277578
                ],
                [
                    7.493737506065138,
                    9.17465612940589
                ],
                [
                    1.9717583816563007,
                    3.421398615287978
                ]
            ],
            "minimum_value": 0.0,
            "active_dims": [
                0,
                1,
                2
            ]
        }
    ],
    "stats": {
        "energy": 109967589.51053973,
        "bandwidth": 387,
        "mean": 0.09732751508053902,
        "std": 0.13181392506519965,
        "pct_over_06": 0.017203125,
        "pct_over_08": 0.00340625
    }
}