{
    "functions": [
        {
            "type": "Gaussian",
            "mean": [
                0.9022917912859496,
                2.884503184823081
            ],
            "std_dev": [
                0.3724053822204756,
                3.1212802005898577
            ],
            "max_amplitude": 0.14231590159012963,
            "active_dims": [
                0,
                2
            ]
        },
        {
            "type": "Sinus",
            "amplitudes": [
                0.06052264165383683,
                0.17594008588373475,
                0.114966898193233
            ],
            "frequencies": [
                0.11846320440093058,
                1.0963629308861558,
                1.208040238214765
            ],
            "weight_vectors": [
                [
                    0.780089986840852,
                    0.7790549254206216,
                    0.9764183271645099
                ],
                [
                    0.3688044508602427,
                    0.18763889144444013,
                    0.6014889896809805
                ],
                [
                    0.44224290721323767,
                    0.9212089347288919,
                    0.16155363156037406
                ]
            ],
            "phases": [
                1.6305625321764603,
                0.29092178840583266,
                4.312342407988361
            ],
            "offset": 0.12124355912093761,
            "bounds": [
                [
                    1.3306875031154528,
                    4.512262526302633
                ],
                [
                    2.819635664646789,
                    4.5583026816583025
                ],
                [
                    3.2482109883502543,
                    6.877676591180169
                ]
            ],
            "minimum_value": 0.0,
            "active_dims": [
                0,
                1,
                2
            ]
        },
        {
            "type": "StaticHypercube",
            "dimensions": [
                [
                    4.547051329351666,
                    8.509102669416988
                ],
                [
                    3.9325169556652804,
                    6.580360838103874
                ]
            ],
            "static_value": 0.11391222338359157,
            "active_dims": [
                0,
                2
            ]
        },
        {
            "type": "Gaussian",
            "mean": [
                2.5697457015536065
            ],
            "std_dev": [
                3.5867000428178586
            ],
            "max_amplitude": 0.14820211155747243,
            "active_dims": [
                0
            ]
        },
        {
            "type": "Ramp",
            "coeff": [
                0.7471055565988995
            ],
            "min_value": 0.12508610273748946,
            "max_value": 0.16522013847204242,
            "bounds": [
                [
                    1.6886279664304678,
                    3.0163117375646524
                ]
            ],
            "active_dims": [
                2
            ]
        },
        {
            "type": "Gaussian",
            "mean": [
                2.577229187395096
            ],
            "std_dev": [
                1.1628684738907522
            ],
            "max_amplitude": 0.15744123086602743,
            "active_dims": [
                2
            ]
        },
        {
            "type": "Gaussian",
            "mean": [
                3.7424340698189384,
                6.531477688383601
            ],
            "std_dev": [
                1.1656312337190042,
                0.7834124453963272
            ],
            "max_amplitude": 0.13781548508637706,
            "active_dims": [
                0,
                2
            ]
        },
        {
            "type": "Sinus",
            "amplitudes": [
                0.1395539496923942,
                0.20359578027703823,
                0.18404466722791263,
                0.08625324756152442
            ],
            "frequencies": [
                0.2223028498864768,
                1.7007880315123676,
                1.453906136397995,
                0.1909762934843669
            ],
            "weight_vectors": [
                [
                    0.8746876049942928
                ],
                [
                    0.6139867825144539
                ],
                [
                    0.3058298601748173
                ],
                [
                    0.24089095050158738
                ]
            ],
            "phases": [
                0.985242438852215,
                6.167366310313623,
                1.5064198843536583,
                2.281432455758215
            ],
            "offset": 0.004210591578197171,
            "bounds": [
                [
                    3.9061169876866306,
                    7.005683395738613
                ]
            ],
            "minimum_value": 0.0,
            "active_dims": [
                1
            ]
        },
        {
            "type": "Sinus",
            "amplitudes": [
                0.12583025416376065,
                0.13484705474077005,
                0.049683611149896535
            ],
            "frequencies": [
                1.753549136399703,
                0.2636783688135986,
                0.7936399723977496
            ],
            "weight_vectors": [
                [
                    0.3243249559643351
                ],
                [
                    0.7326293289684467
                ],
                [
                    0.8271125451784171
                ]
            ],
            "phases": [
                2.947359331165543,
                4.792165987846778,
                0.2850946961043432
            ],
            "offset": 0.023900727352348626,
            "bounds": [
                [
                    4.577244147083232,
                    8.762908726289357
                ]
            ],
            "minimum_value": 0.0,
            "active_dims": [
                1
            ]
        }
    ],
    "stats": {
        "energy": 406143095.291499,
        "bandwidth": 29,
        "mean": 0.2608281135214354,
        "std": 0.1764220063392046,
        "pct_over_06": 0.063109375,
        "pct_over_08": 0.008875
    }
}