{
    "functions": [
        {
            "type": "Sinus",
            "amplitudes": [
                0.20358177468275232,
                0.18942563882093374,
                0.16843851468219107
            ],
            "frequencies": [
                1.7743868243151566,
                0.19090659517605604,
                1.841485306108507
            ],
            "weight_vectors": [
                [
                    0.005991796343225331,
                    0.772022917978836
                ],
                [
                    0.7337013485771249,
                    0.1325455686077317
                ],
                [
                    0.5251331867791557,
                    0.5567564756132755
                ]
            ],
            "phases": [
                2.2156035780877583,
                6.069500871634133,
                4.950402640343196
            ],
            "offset": -0.07695769725505618,
            "bounds": [
                [
                    0.5720008586003554,
                    3.5993627825316556
                ],
                [
                    3.8742358739309153,
                    9.046369718824055
                ]
            ],
            "minimum_value": 0.0,
            "active_dims": [
                0,
                2
            ]
        },
        {
            "type": "Gaussian",
            "mean": [
                8.598567884111702,
                3.9155281309526524
            ],
            "std_dev": [
                3.2415888050816797,
                0.7330991985597222
            ],
            "max_amplitude": 0.21781044056443996,
            "active_dims": [
                0,
                2
            ]
        },
        {
            "type": "Gaussian",
            "mean": [
                0.6117225195332066,
                9.705413908478402
            ],
            "std_dev": [
                3.86324558286113,
                2.6786841333686686
            ],
            "max_amplitude": 0.21697108842735194,
            "active_dims": [
                0,
                1
            ]
        },
        {
            "type": "Gaussian",
            "mean": [
                7.289666535842947,
                6.073000603556345
            ],
            "std_dev": [
                1.692100061882577,
                1.509681752941702
            ],
            "max_amplitude": 0.20252160474824954,
            "active_dims": [
                1,
                2
            ]
        },
        {
            "type": "Gaussian",
            "mean": [
                8.82406724744833
            ],
            "std_dev": [
                2.841179492675186
            ],
            "max_amplitude": 0.23423024983811583,
            "active_dims": [
                2
            ]
        },
        {
            "type": "Gaussian",
            "mean": [
                7.826495232133864,
                8.602764628527419
            ],
            "std_dev": [
                2.4563303308813413,
                1.3280302110878026
            ],
            "max_amplitude": 0.3019093607014325,
            "active_dims": [
                0,
                1
            ]
        },
        {
            "type": "Gaussian",
            "mean": [
                8.13642277769278,
                5.0037241625047235,
                2.10011279261465
            ],
            "std_dev": [
                2.0369456526198273,
                1.5035358292773637,
                1.652570165637929
            ],
            "max_amplitude": 0.1661431287677221,
            "active_dims": [
                0,
                1,
                2
            ]
        },
        {
            "type": "StaticHypercube",
            "dimensions": [
                [
                    0.7301720634900314,
                    2.768732836380747
                ]
            ],
            "static_value": 0.23174275979572387,
            "active_dims": [
                0
            ]
        },
        {
            "type": "Ramp",
            "coeff": [
                1.5055426623521233,
                1.3361794446491384
            ],
            "min_value": 0.04912333470766956,
            "max_value": 0.2044047102222962,
            "bounds": [
                [
                    5.177003091548883,
                    6.0479971992090125
                ],
                [
                    4.2443226409462005,
                    5.8041355476726295
                ]
            ],
            "active_dims": [
                0,
                2
            ]
        }
    ],
    "stats": {
        "energy": 529742413.1271873,
        "bandwidth": 13,
        "mean": 0.3092579742170784,
        "std": 0.18355148926943787,
        "pct_over_06": 0.0686875,
        "pct_over_08": 0.0091875
    }
}