{
    "functions": [
        {
            "type": "Ramp",
            "coeff": [
                0.17841113524384666
            ],
            "min_value": 0.07737783768033199,
            "max_value": 0.21765872565418348,
            "bounds": [
                [
                    2.8836408278813366,
                    4.565561507203034
                ]
            ],
            "active_dims": [
                2
            ]
        },
        {
            "type": "Sinus",
            "amplitudes": [
                0.28521552119230986,
                0.24307528558351743,
                0.11493333770318852,
                0.19127407494226656
            ],
            "frequencies": [
                1.7504780815883059,
                0.21598580893513722,
                1.9641755377678562,
                1.6013140452537615
            ],
            "weight_vectors": [
                [
                    0.4814082099799254,
                    0.620614321084,
                    0.5066408785939587
                ],
                [
                    0.5559648093733282,
                    0.020268275626487475,
                    0.8524200160300482
                ],
                [
                    0.6345010376910412,
                    0.8917579569759764,
                    0.4433008525011539
                ],
                [
                    0.3444702253464036,
                    0.567376123365707,
                    0.3675378253985059
                ]
            ],
            "phases": [
                2.275583980974744,
                1.7244113245980512,
                0.5828309870464581,
                1.2347478226270843
            ],
            "offset": -0.2031910145964339,
            "bounds": [
                [
                    3.6202587401322606,
                    7.099979641799372
                ],
                [
                    3.5691778046860376,
                    5.193463331794044
                ],
                [
                    1.1845195441655396,
                    2.7986587434051424
                ]
            ],
            "minimum_value": 0.0,
            "active_dims": [
                0,
                1,
                2
            ]
        },
        {
            "type": "Ramp",
            "coeff": [
                0.2399564120429658
            ],
            "min_value": 0.09987544542281483,
            "max_value": 0.15638863392378505,
            "bounds": [
                [
                    3.9101061157208314,
                    6.32894952810619
                ]
            ],
            "active_dims": [
                1
            ]
        },
        {
            "type": "Ramp",
            "coeff": [
                0.5828903900418572
            ],
            "min_value": 0.03514626420697096,
            "max_value": 0.0846546103255502,
            "bounds": [
                [
                    4.545956175480816,
                    9.607118108370805
                ]
            ],
            "active_dims": [
                0
            ]
        },
        {
            "type": "Gaussian",
            "mean": [
                0.28776300163050883,
                3.3336878337180598
            ],
            "std_dev": [
                0.7095393667830642,
                2.058122266536018
            ],
            "max_amplitude": 0.2842315303405261,
            "active_dims": [
                1,
                2
            ]
        },
        {
            "type": "Gaussian",
            "mean": [
                6.888545527649873,
                0.8055798024757121
            ],
            "std_dev": [
                2.729218094678296,
                1.7588501922499369
            ],
            "max_amplitude": 0.16642651122597843,
            "active_dims": [
                0,
                1
            ]
        },
        {
            "type": "Sinus",
            "amplitudes": [
                0.13729824113603867,
                0.16639547317847142,
                0.07597403419666925,
                0.31492747012651595
            ],
            "frequencies": [
                0.287045730524365,
                1.0962102438892682,
                0.5610570340523595,
                1.3703309558729886
            ],
            "weight_vectors": [
                [
                    0.33410221566452825
                ],
                [
                    0.6858491059978531
                ],
                [
                    0.2980636034653805
                ],
                [
                    0.7670564740592519
                ]
            ],
            "phases": [
                1.9757282917080292,
                0.6720472714627752,
                3.352005286519024,
                1.8823373416118014
            ],
            "offset": 0.027069649922748747,
            "bounds": [
                [
                    7.107866205602413,
                    8.878495837959793
                ]
            ],
            "minimum_value": 0.0,
            "active_dims": [
                0
            ]
        },
        {
            "type": "Gaussian",
            "mean": [
                6.630813309544087
            ],
            "std_dev": [
                2.624073310425755
            ],
            "max_amplitude": 0.33393566751092413,
            "active_dims": [
                0
            ]
        },
        {
            "type": "Sinus",
            "amplitudes": [
                0.33032762136107635,
                0.2539819847280722,
                0.16816349902689448
            ],
            "frequencies": [
                0.6843055795587571,
                0.6029257841139265,
                0.5623750644482141
            ],
            "weight_vectors": [
                [
                    0.9522264505544978,
                    0.15439586949349626,
                    0.43312280908301215
                ],
                [
                    0.160249431025137,
                    0.9092349314789104,
                    0.22046638377568983
                ],
                [
                    0.6571948143722496,
                    0.06626270141522594,
                    0.33329878247208455
                ]
            ],
            "phases": [
                3.165095197451865,
                4.379436717342173,
                3.24139830818522
            ],
            "offset": 0.04520513282523861,
            "bounds": [
                [
                    0.05998834433771577,
                    2.98848662351791
                ],
                [
                    0.572449079257708,
                    1.3123840867866496
                ],
                [
                    3.3131338556745145,
                    7.969577359806877
                ]
            ],
            "minimum_value": 0.0,
            "active_dims": [
                0,
                1,
                2
            ]
        }
    ],
    "stats": {
        "energy": 557321493.8863261,
        "bandwidth": 8,
        "mean": 0.32091967733960075,
        "std": 0.18186637550572085,
        "pct_over_06": 0.056578125,
        "pct_over_08": 0.008140625
    }
}