{
    "functions": [
        {
            "type": "StaticHypercube",
            "dimensions": [
                [
                    6.26369810802758,
                    9.910298755048665
                ]
            ],
            "static_value": 0.13406202736762018,
            "active_dims": [
                1
            ]
        },
        {
            "type": "Gaussian",
            "mean": [
                0.2370278025929573
            ],
            "std_dev": [
                3.113292812678173
            ],
            "max_amplitude": 0.1903349603247246,
            "active_dims": [
                0
            ]
        },
        {
            "type": "Sinus",
            "amplitudes": [
                0.15853528168510556,
                0.07355414791495835,
                0.13266423579812267,
                0.09627692068139689,
                0.21576077092812204
            ],
            "frequencies": [
                0.9609285998664552,
                0.7256758211113886,
                0.13370487423046573,
                0.22350212334311573,
                1.781253888200414
            ],
            "weight_vectors": [
                [
                    0.3396829409038824,
                    0.271889527325497
                ],
                [
                    0.6653604150937579,
                    0.37963137186040363
                ],
                [
                    0.9130552289821644,
                    0.7668397842781155
                ],
                [
                    0.6071969205870182,
                    0.9175797642125513
                ],
                [
                    0.6221387292324986,
                    0.5454187444034039
                ]
            ],
            "phases": [
                3.0603549687668252,
                5.798904661322683,
                6.1943321455757365,
                1.5598203722709216,
                2.496219663671526
            ],
            "offset": -0.11608407134617844,
            "bounds": [
                [
                    1.4500736302642092,
                    8.407886648989077
                ],
                [
                    5.157953713935459,
                    6.015352518342482
                ]
            ],
            "minimum_value": 0.0,
            "active_dims": [
                0,
                2
            ]
        },
        {
            "type": "Sinus",
            "amplitudes": [
                0.12381086960914985,
                0.1154094001190217,
                0.33641612016185957
            ],
            "frequencies": [
                0.1017108820461912,
                0.6330410536316948,
                1.385449565223721
            ],
            "weight_vectors": [
                [
                    0.42291519278078404
                ],
                [
                    0.12118180435648795
                ],
                [
                    0.8295884429072174
                ]
            ],
            "phases": [
                0.9154309957779652,
                2.6650619744822075,
                5.1229858266337684
            ],
            "offset": 0.09695107125887506,
            "bounds": [
                [
                    2.3593664536697627,
                    9.116741373152452
                ]
            ],
            "minimum_value": 0.0,
            "active_dims": [
                1
            ]
        },
        {
            "type": "Ramp",
            "coeff": [
                0.3111988573145623,
                0.20715511179599355
            ],
            "min_value": 0.043626850403602896,
            "max_value": 0.2121916448519525,
            "bounds": [
                [
                    4.017906950414799,
                    6.540054271566733
                ],
                [
                    5.048801706266119,
                    9.415904484621999
                ]
            ],
            "active_dims": [
                1,
                2
            ]
        },
        {
            "type": "StaticHypercube",
            "dimensions": [
                [
                    3.8783764679182937,
                    6.867876943384154
                ],
                [
                    6.805601632533971,
                    9.805165860668255
                ]
            ],
            "static_value": 0.17856529821062833,
            "active_dims": [
                0,
                1
            ]
        },
        {
            "type": "StaticHypercube",
            "dimensions": [
                [
                    1.3937733843350681,
                    1.5876131346932056
                ],
                [
                    3.093191158108323,
                    4.53701766237308
                ]
            ],
            "static_value": 0.2416651406078175,
            "active_dims": [
                0,
                2
            ]
        },
        {
            "type": "Ramp",
            "coeff": [
                1.7915776560089092
            ],
            "min_value": 0.028686410168860817,
            "max_value": 0.11553235475278543,
            "bounds": [
                [
                    2.5070692973157005,
                    4.560949633415079
                ]
            ],
            "active_dims": [
                2
            ]
        },
        {
            "type": "Sinus",
            "amplitudes": [
                0.1945261525211121,
                0.18434098776948468
            ],
            "frequencies": [
                0.5017785176546541,
                1.9215145704555756
            ],
            "weight_vectors": [
                [
                    0.9770784488994907,
                    0.4171981104728567,
                    0.3561580454673313
                ],
                [
                    0.8599867670898158,
                    0.48250948784002445,
                    0.3028504930360132
                ]
            ],
            "phases": [
                4.5853321009817485,
                4.54737363685562
            ],
            "offset": 0.1014828685435238,
            "bounds": [
                [
                    4.472843742194663,
                    8.836437353282985
                ],
                [
                    0.9971939726715668,
                    1.892696290068395
                ],
                [
                    4.9128384999033035,
                    7.758426139583399
                ]
            ],
            "minimum_value": 0.0,
            "active_dims": [
                0,
                1,
                2
            ]
        }
    ],
    "stats": {
        "energy": 655738477.0594362,
        "bandwidth": 18,
        "mean": 0.33845576196165666,
        "std": 0.21340126246297925,
        "pct_over_06": 0.18309375,
        "pct_over_08": 0.01209375
    }
}