{
    "functions": [
        {
            "type": "Sinus",
            "amplitudes": [
                0.10199341907499312,
                0.2806200066694613,
                0.14620166033254856
            ],
            "frequencies": [
                1.5236234981336048,
                0.8842621865309399,
                1.187100275062211
            ],
            "weight_vectors": [
                [
                    0.986976560207443,
                    0.5653090636541476,
                    0.9010356798177707
                ],
                [
                    0.5637379663975648,
                    0.09589743225952663,
                    0.6175211484370153
                ],
                [
                    0.06001464739594975,
                    0.5803943641430837,
                    0.8716801531079084
                ]
            ],
            "phases": [
                0.14094547418049197,
                1.051923555132521,
                4.837768549664191
            ],
            "offset": -0.09791392608273829,
            "bounds": [
                [
                    2.5758189315393936,
                    4.704297851922661
                ],
                [
                    6.332591245275699,
                    9.637485595527785
                ],
                [
                    6.907046929025075,
                    7.88050757370841
                ]
            ],
            "minimum_value": 0.0,
            "active_dims": [
                0,
                1,
                2
            ]
        },
        {
            "type": "Sinus",
            "amplitudes": [
                0.23470015634872765,
                0.14157083019874797,
                0.1758189423901732,
                0.30662568552935293
            ],
            "frequencies": [
                1.4134959664412639,
                0.21798604685444564,
                0.9583401670796731,
                1.9794231230215804
            ],
            "weight_vectors": [
                [
                    0.9040583973409829
                ],
                [
                    0.6390397910285184
                ],
                [
                    0.6119443077967069
                ],
                [
                    0.5869011487023992
                ]
            ],
            "phases": [
                0.3272740160922466,
                4.284741765122238,
                3.3335525817099017,
                4.98188636039924
            ],
            "offset": 0.07690367777264565,
            "bounds": [
                [
                    3.9226709765497505,
                    7.422925740604118
                ]
            ],
            "minimum_value": 0.0,
            "active_dims": [
                1
            ]
        },
        {
            "type": "Sinus",
            "amplitudes": [
                0.14063889388505843,
                0.2317439184084788,
                0.16567852543313136
            ],
            "frequencies": [
                1.2918293285983444,
                0.11951831487765463,
                1.3050490316372052
            ],
            "weight_vectors": [
                [
                    0.06184845092763969,
                    0.761548963366113,
                    0.9119668675107666
                ],
                [
                    0.780127778321007,
                    0.04267850182328159,
                    0.09628378690797645
                ],
                [
                    0.9636013177484872,
                    0.18255638954264952,
                    0.42268435049184827
                ]
            ],
            "phases": [
                1.980590904280265,
                2.382785173902024,
                0.4927573313692051
            ],
            "offset": 0.16051096174275592,
            "bounds": [
                [
                    1.0242110663734134,
                    2.5176553902037764
                ],
                [
                    8.086583147987932,
                    8.31502175443922
                ],
                [
                    3.0857602346543804,
                    6.973045220833104
                ]
            ],
            "minimum_value": 0.0,
            "active_dims": [
                0,
                1,
                2
            ]
        },
        {
            "type": "Sinus",
            "amplitudes": [
                0.1472423129015125,
                0.26100549575546433,
                0.10392901708916337
            ],
            "frequencies": [
                1.0653684080426447,
                1.6507808023674726,
                0.2819334636969715
            ],
            "weight_vectors": [
                [
                    0.315327026045812
                ],
                [
                    0.4304744964766224
                ],
                [
                    0.39769088537959874
                ]
            ],
            "phases": [
                3.993403324986547,
                1.9196511707782251,
                3.0974942269741046
            ],
            "offset": 0.18069329718537408,
            "bounds": [
                [
                    5.055756323635606,
                    8.163345702998111
                ]
            ],
            "minimum_value": 0.0,
            "active_dims": [
                1
            ]
        },
        {
            "type": "Sinus",
            "amplitudes": [
                0.2766360541035855
            ],
            "frequencies": [
                1.9221640504684192
            ],
            "weight_vectors": [
                [
                    0.2986833991442037,
                    0.7476871590005658,
                    0.0834865250702913
                ]
            ],
            "phases": [
                1.4265019909938843
            ],
            "offset": 0.10795335690513297,
            "bounds": [
                [
                    2.9381115718281827,
                    5.1674731921650014
                ],
                [
                    1.059085931847936,
                    7.852820360845853
                ],
                [
                    1.2061311857606851,
                    2.861469500412097
                ]
            ],
            "minimum_value": 0.0,
            "active_dims": [
                0,
                1,
                2
            ]
        },
        {
            "type": "StaticHypercube",
            "dimensions": [
                [
                    4.774040428411542,
                    6.0881854511836675
                ],
                [
                    7.22722077662596,
                    9.542738025485162
                ]
            ],
            "static_value": 0.054534158023785764,
            "active_dims": [
                1,
                2
            ]
        },
        {
            "type": "Sinus",
            "amplitudes": [
                0.1417145833456737
            ],
            "frequencies": [
                0.3234029726442447
            ],
            "weight_vectors": [
                [
                    0.3761237251614922,
                    0.9579497064056258,
                    0.34489390346718785
                ]
            ],
            "phases": [
                5.961941672302701
            ],
            "offset": 0.02826697004322349,
            "bounds": [
                [
                    8.86115579166168,
                    9.941027770855783
                ],
                [
                    1.653647450585696,
                    2.071175297560922
                ],
                [
                    4.527625520585241,
                    9.623772026883767
                ]
            ],
            "minimum_value": 0.0,