{
    "functions": [
        {
            "type": "Gaussian",
            "mean": [
                2.649456815763709,
                3.8977759777566634
            ],
            "std_dev": [
                2.7699110716869737,
                1.616148042944506
            ],
            "max_amplitude": 0.2782269857285537,
            "active_dims": [
                0,
                1
            ]
        },
        {
            "type": "Sinus",
            "amplitudes": [
                0.1175501121583899,
                0.31636955995464267,
                0.4641891186942831,
                0.13537031548441378,
                0.20022908649315474
            ],
            "frequencies": [
                1.5197092236816792,
                0.6749006849910894,
                0.6733996141202381,
                0.9084235788982168,
                0.40090768613965466
            ],
            "weight_vectors": [
                [
                    0.011538536039326086,
                    0.6589914655207797,
                    0.21590690457157902
                ],
                [
                    0.23196627105652934,
                    0.1585054629684054,
                    0.9308283528294904
                ],
                [
                    0.1321510952491295,
                    0.7370676931591261,
                    0.3556972952313703
                ],
                [
                    0.4848115392353213,
                    0.8535462077625976,
                    0.2433426264382078
                ],
                [
                    0.8094147983829584,
                    0.9019572962894772,
                    0.6330257084518349
                ]
            ],
            "phases": [
                6.191120017940653,
                4.7892986444868,
                6.16461490558762,
                0.03104438204260706,
                5.219674607954713
            ],
            "offset": -0.11868220140566495,
            "bounds": [
                [
                    0.15140541234978128,
                    1.760483816423466
                ],
                [
                    1.977850662599568,
                    6.760835186542167
                ],
                [
                    0.9820026752904903,
                    2.144565993684222
                ]
            ],
            "minimum_value": 0.0,
            "active_dims": [
                0,
                1,
                2
            ]
        },
        {
            "type": "Sinus",
            "amplitudes": [
                0.21067613613301323
            ],
            "frequencies": [
                1.600852043713378
            ],
            "weight_vectors": [
                [
                    0.3506731989718964,
                    0.12664538473659004
                ]
            ],
            "phases": [
                5.5152412429629445
            ],
            "offset": -0.18757925195128977,
            "bounds": [
                [
                    1.7326090732453197,
                    3.178185660936353
                ],
                [
                    4.717308449083074,
                    8.62066196736584
                ]
            ],
            "minimum_value": 0.0,
            "active_dims": [
                0,
                2
            ]
        },
        {
            "type": "Sinus",
            "amplitudes": [
                0.4937019667172161,
                0.22237616610552147,
                0.2787846868753462
            ],
            "frequencies": [
                0.2470558145661499,
                1.3403316160081677,
                0.32530641508640157
            ],
            "weight_vectors": [
                [
                    0.4944835146234301
                ],
                [
                    0.6069565652034071
                ],
                [
                    0.9040447257435014
                ]
            ],
            "phases": [
                1.0581273565505673,
                0.3604649565726159,
                2.533689274466694
            ],
            "offset": 0.08395110028460588,
            "bounds": [
                [
                    6.442454378439556,
                    7.507779689167065
                ]
            ],
            "minimum_value": 0.0,
            "active_dims": [
                0
            ]
        },
        {
            "type": "Ramp",
            "coeff": [
                1.027149388572615,
                0.003395048889977881,
                1.7858916600275243
            ],
            "min_value": 0.19084166127723762,
            "max_value": 0.32597642607082766,
            "bounds": [
                [
                    9.618387728545628,
                    9.98633183574916
                ],
                [
                    4.770837321291389,
                    6.276537190361651
                ],
                [
                    0.14536222937175872,
                    1.2762275044976903
                ]
            ],
            "active_dims": [
                0,
                1,
                2
            ]
        },
        {
            "type": "Ramp",
            "coeff": [
                1.737599556831586,
                1.3282616511162628
            ],
            "min_value": 0.12602747028628972,
            "max_value": 0.3250821555195939,
            "bounds": [
                [
                    0.21990951212361148,
                    3.073389168614139
                ],
                [
                    1.9281605938770234,
                    9.391221826722619
                ]
            ],
            "active_dims": [
                0,
                1
            ]
        },
        {
            "type": "Sinus",
            "amplitudes": [
                0.18337328136751008
            ],
            "frequencies": [
                1.4418582433490812
            ],
            "weight_vectors": [
                [
                    0.11190400047372395
                ]
            ],
            "phases": [
                0.7360502833767797
            ],
            "offset": -0.07198225180256487,
            "bounds": [
                [
                    1.481072290452196,
                    4.726096992613424
                ]
            ],
            "minimum_value": 0.0,
            "active_dims": [
                1
            ]
        },
        {
            "type": "Sinus",
            "amplitudes": [
                0.21610329949519616,
                0.1317106064672636
            ],
            "frequencies": [
                0.8975993206267953,
                1.2431579813550941
            ],
            "weight_vectors": [
                [
                    0.14016613748637685,
                    0.9918155072977675
                ],
                [
                    0.6003143115655322,
                    0.2702414288669406
                ]
            ],
            "phases": [
                1.688877730386704,
                0.26851203371624505
            ],
            "offset": 0.17694571997426198,
            "bounds": [
                [
                    0.01730719366062945,
                    2.685183337264823
                ],
                [
                    6.43713706382408,
                    8.904149834965803
                ]
            ],
            "minimum_value": 0.0,
            "active_dims": [
                0,
                1
            ]
        },
        {
            "type": "Sinus",
            "amplitudes": [
                0.15579182415804838,
                0.3185958312070923
            ],
            "frequencies": [
                1.6549445062007677,
                1.5131413730403522
            ],