{
    "functions": [
        {
            "type": "StaticHypercube",
            "dimensions": [
                [
                    8.064890013536246,
                    9.994251102101
                ],
                [
                    4.5553054146043515,
                    7.050629392021014
                ]
            ],
            "static_value": 0.17683866887556252,
            "active_dims": [
                0,
                1
            ]
        },
        {
            "type": "Sinus",
            "amplitudes": [
                0.28629926615853035,
                0.28216559670647845,
                0.16400663921637584,
                0.42369353421376793,
                0.3075950105727558
            ],
            "frequencies": [
                1.4745310649833234,
                0.8110856977117661,
                0.376705968554523,
                0.5304035163679748,
                1.6961237797931077
            ],
            "weight_vectors": [
                [
                    0.9044678303424541,
                    0.5552514906557868,
                    0.5518778222146556
                ],
                [
                    0.9894959120878214,
                    0.5921699619704821,
                    0.19456184461617543
                ],
                [
                    0.32064551064871527,
                    0.3195984677887487,
                    0.5559246692161591
                ],
                [
                    0.5062239059504512,
                    0.7742719775812765,
                    0.303324011661224
                ],
                [
                    0.909245007245098,
                    0.9965825127304214,
                    0.45247937358337076
                ]
            ],
            "phases": [
                2.7709254866905275,
                1.505471913180086,
                4.8814485758799995,
                1.4277907052002432,
                5.047724501610697
            ],
            "offset": 0.019006187733669126,
            "bounds": [
                [
                    3.95522437933864,
                    5.777936676351762
                ],
                [
                    7.793568774664705,
                    9.349686461074885
                ],
                [
                    0.5761428341535537,
                    3.977892100154575
                ]
            ],
            "minimum_value": 0.0,
            "active_dims": [
                0,
                1,
                2
            ]
        },
        {
            "type": "Sinus",
            "amplitudes": [
                0.24881685149345342,
                0.0780102873011817,
                0.3416189378184609,
                0.08650915118331794
            ],
            "frequencies": [
                0.39978453960680405,
                0.5551498277188579,
                0.48179266561910816,
                1.3119441917799215
            ],
            "weight_vectors": [
                [
                    0.23662231772098263,
                    0.15804821508047684
                ],
                [
                    0.5843014178327329,
                    0.4861628232554037
                ],
                [
                    0.39037037040462674,
                    0.24862972970693908
                ],
                [
                    0.7781473262732297,
                    0.19074074137157881
                ]
            ],
            "phases": [
                1.197215350957635,
                0.4929273379939434,
                5.073335062113386,
                0.19688642596720043
            ],
            "offset": -0.07660940167121351,
            "bounds": [
                [
                    2.4074270862154283,
                    6.411625809050159
                ],
                [
                    1.034731362946275,
                    3.0025026060456192
                ]
            ],
            "minimum_value": 0.0,
            "active_dims": [
                0,
                2
            ]
        },
        {
            "type": "StaticHypercube",
            "dimensions": [
                [
                    8.532974223906404,
                    9.071499408376013
                ],
                [
                    9.229889334665502,
                    9.849799826762792
                ]
            ],
            "static_value": 0.2247045957392718,
            "active_dims": [
                1,
                2
            ]
        },
        {
            "type": "Gaussian",
            "mean": [
                5.956808589714998,
                4.2000075260144385
            ],
            "std_dev": [
                3.3810402503994696,
                0.47227534253962256
            ],
            "max_amplitude": 0.30693983696773647,
            "active_dims": [
                1,
                2
            ]
        },
        {
            "type": "Gaussian",
            "mean": [
                3.460907992037675
            ],
            "std_dev": [
                2.430872105666981
            ],
            "max_amplitude": 0.23352638460886,
            "active_dims": [
                2
            ]
        },
        {
            "type": "StaticHypercube",
            "dimensions": [
                [
                    4.353481069879874,
                    8.831556850093321
                ],
                [
                    3.6413427472692343,
                    7.933094772418416
                ],
                [
                    0.8479745867539228,
                    1.75355322287234
                ]
            ],
            "static_value": 0.49916617746662195,
            "active_dims": [
                0,
                1,
                2
            ]
        },
        {
            "type": "Sinus",
            "amplitudes": [
                0.29533363386826145
            ],
            "frequencies": [
                0.2684453006025995
            ],
            "weight_vectors": [
                [
                    0.4044270801872447,
                    0.760975639585632
                ]
            ],
            "phases": [
                2.0020883399678606
            ],
            "offset": 0.13392279198023418,
            "bounds": [
                [
                    5.179619360237835,
                    8.177965934305586
                ],
                [
                    4.805204540497515,
                    9.913898703445462
                ]
            ],
            "minimum_value": 0.0,
            "active_dims": [
                0,
                2
            ]
        },
        {
            "type": "Ramp",
            "coeff": [
                1.6466648396004888
            ],
            "min_value": 0.008742786810968479,
            "max_value": 0.07703726349826653,
            "bounds": [
                [
                    5.456626800960725,
                    8.210885856619749
                ]
            ],
            "active_dims": [
                1
            ]
        }
    ],
    "stats": {
        "energy": 273443889.57364553,
        "bandwidth": 127,
        "mean": 0.20435988543548805,
        "std": 0.15810059875830648,
        "pct_over_06": 0.02146875,
        "pct_over_08": 0.007734375
    }
}