{
    "functions": [
        {
            "type": "Sinus",
            "amplitudes": [
                0.07701162446470423,
                0.12946174327736634,
                0.06601893582758421,
                0.15560722985472522,
                0.1082390394356384
            ],
            "frequencies": [
                1.2715334326798438,
                1.9048969283330368,
                0.5747063634477853,
                1.8962635886507078,
                1.6357344460771852
            ],
            "weight_vectors": [
                [
                    0.4095363932966073,
                    0.7663770455132421
                ],
                [
                    0.6433244243498605,
                    0.6622819467988026
                ],
                [
                    0.2549750061251199,
                    0.937212844741056
                ],
                [
                    0.1810547019019132,
                    0.25027791861939974
                ],
                [
                    0.7840307525517232,
                    0.29493580371945005
                ]
            ],
            "phases": [
                4.9119678743796,
                0.006895408803083934,
                5.3498615830111715,
                3.9720500108841867,
                2.560669544201899
            ],
            "offset": 0.10214165371364169,
            "bounds": [
                [
                    5.071757619058351,
                    8.64119108776838
                ],
                [
                    2.6963656948036996,
                    7.7371551844568565
                ]
            ],
            "minimum_value": 0.0,
            "active_dims": [
                0,
                2
            ]
        },
        {
            "type": "Gaussian",
            "mean": [
                8.524557933996526
            ],
            "std_dev": [
                1.284362181178664
            ],
            "max_amplitude": 0.10980447451135489,
            "active_dims": [
                0
            ]
        },
        {
            "type": "Sinus",
            "amplitudes": [
                0.06248658955330862,
                0.057093592152927544
            ],
            "frequencies": [
                0.16173738307058372,
                0.22384204417166004
            ],
            "weight_vectors": [
                [
                    0.8390332982889921
                ],
                [
                    0.3360603790294232
                ]
            ],
            "phases": [
                1.1889465527728038,
                3.954349135561118
            ],
            "offset": 0.0772131331600149,
            "bounds": [
                [
                    0.9525972404533779,
                    5.1774711643877644
                ]
            ],
            "minimum_value": 0.0,
            "active_dims": [
                0
            ]
        },
        {
            "type": "Gaussian",
            "mean": [
                9.913104659831859,
                1.545249061045626,
                3.7037617093296826
            ],
            "std_dev": [
                1.9445254716334628,
                1.7691176378248321,
                0.5597759457661787
            ],
            "max_amplitude": 0.11440017708971753,
            "active_dims": [
                0,
                1,
                2
            ]
        },
        {
            "type": "StaticHypercube",
            "dimensions": [
                [
                    0.6495993406016077,
                    5.988864350931623
                ],
                [
                    6.041067972499683,
                    8.936363776846957
                ]
            ],
            "static_value": 0.09820305019497388,
            "active_dims": [
                1,
                2
            ]
        },
        {
            "type": "Ramp",
            "coeff": [
                1.8755378915369005
            ],
            "min_value": 0.03342930666864132,
            "max_value": 0.11505405542338011,
            "bounds": [
                [
                    4.515582791186472,
                    6.185264742489306
                ]
            ],
            "active_dims": [
                2
            ]
        },
        {
            "type": "StaticHypercube",
            "dimensions": [
                [
                    1.0465442626596257,
                    7.551231280591347
                ]
            ],
            "static_value": 0.29852644906521947,
            "active_dims": [
                1
            ]
        },
        {
            "type": "Gaussian",
            "mean": [
                4.646061766038068,
                0.8832062647643524
            ],
            "std_dev": [
                1.5212899592929923,
                1.0744320497365205
            ],
            "max_amplitude": 0.15810129058767844,
            "active_dims": [
                1,
                2
            ]
        },
        {
            "type": "Gaussian",
            "mean": [
                2.9573853360635782
            ],
            "std_dev": [
                2.0531259098454857
            ],
            "max_amplitude": 0.1157185117533955,
            "active_dims": [
                0
            ]
        }
    ],
    "stats": {
        "energy": 781838242.6838245,
        "bandwidth": 13,
        "mean": 0.3800777515248831,
        "std": 0.21545157231619302,
        "pct_over_06": 0.13503125,
        "pct_over_08": 0.022046875
    }
}