{
    "functions": [
        {
            "type": "Ramp",
            "coeff": [
                1.3776271654931602,
                0.6750947240945526
            ],
            "min_value": 0.1239339409469728,
            "max_value": 0.17828476751557085,
            "bounds": [
                [
                    7.412241343439864,
                    9.119096920887985
                ],
                [
                    4.843572971128694,
                    7.213251646373385
                ]
            ],
            "active_dims": [
                0,
                1
            ]
        },
        {
            "type": "Ramp",
            "coeff": [
                0.6806774056054865,
                1.235915517395225
            ],
            "min_value": 0.21759880316957325,
            "max_value": 0.4351585028646635,
            "bounds": [
                [
                    6.051792915939312,
                    9.88123665786208
                ],
                [
                    5.600814094984781,
                    9.87824524802977
                ]
            ],
            "active_dims": [
                1,
                2
            ]
        },
        {
            "type": "Sinus",
            "amplitudes": [
                0.24747454790942364
            ],
            "frequencies": [
                1.1280991129456484
            ],
            "weight_vectors": [
                [
                    0.04348285081068082,
                    0.12656253562032072
                ]
            ],
            "phases": [
                3.037194772723833
            ],
            "offset": 0.022551894505208066,
            "bounds": [
                [
                    3.9296845427964437,
                    4.29122652048403
                ],
                [
                    0.7220975346252558,
                    5.18734237695556
                ]
            ],
            "minimum_value": 0.0,
            "active_dims": [
                0,
                2
            ]
        },
        {
            "type": "Gaussian",
            "mean": [
                1.7790842136664198,
                4.671193908614308,
                7.136828978640427
            ],
            "std_dev": [
                1.6353292498604757,
                0.5481781007590533,
                1.479290473503391
            ],
            "max_amplitude": 0.2328223252391505,
            "active_dims": [
                0,
                1,
                2
            ]
        },
        {
            "type": "Gaussian",
            "mean": [
                8.924271866520215,
                1.9494287025173396
            ],
            "std_dev": [
                0.3793517271735961,
                2.0278155662031394
            ],
            "max_amplitude": 0.11755335473479304,
            "active_dims": [
                0,
                2
            ]
        },
        {
            "type": "StaticHypercube",
            "dimensions": [
                [
                    2.317599964220707,
                    9.93855192453221
                ],
                [
                    0.2671538920979866,
                    1.2667232051093746
                ]
            ],
            "static_value": 0.10553872274358417,
            "active_dims": [
                1,
                2
            ]
        },
        {
            "type": "Ramp",
            "coeff": [
                1.9239426097004169
            ],
            "min_value": 0.27733586049841513,
            "max_value": 0.45280907532828657,
            "bounds": [
                [
                    6.62600258679381,
                    8.696728468563423
                ]
            ],
            "active_dims": [
                0
            ]
        },
        {
            "type": "Gaussian",
            "mean": [
                2.0949887340374196,
                8.92305733102048
            ],
            "std_dev": [
                0.581879064232187,
                0.19223725109587403
            ],
            "max_amplitude": 0.21825839476198464,
            "active_dims": [
                1,
                2
            ]
        },
        {
            "type": "Ramp",
            "coeff": [
                0.9081208468945012,
                0.15558126952158102
            ],
            "min_value": 0.24661804331912351,
            "max_value": 0.31378191360064694,
            "bounds": [
                [
                    5.720874116590644,
                    8.262317248343495
                ],
                [
                    2.5719366830705455,
                    4.527992302296999
                ]
            ],
            "active_dims": [
                0,
                2
            ]
        }
    ],
    "stats": {
        "energy": 286808374.2444866,
        "bandwidth": 102,
        "mean": 0.1575660234281439,
        "std": 0.212590037406094,
        "pct_over_06": 0.053875,
        "pct_over_08": 0.009765625
    }
}