{
    "functions": [
        {
            "type": "Gaussian",
            "mean": [
                8.404646710558586
            ],
            "std_dev": [
                1.3553035416330028
            ],
            "max_amplitude": 0.12487962663941408,
            "active_dims": [
                1
            ]
        },
        {
            "type": "Ramp",
            "coeff": [
                0.948432323144212,
                0.12910827636987254,
                0.4549591703719409
            ],
            "min_value": 0.011731247495049979,
            "max_value": 0.1158921205639425,
            "bounds": [
                [
                    1.8967801349515296,
                    7.058474001332285
                ],
                [
                    1.9028710140608887,
                    6.209157791851188
                ],
                [
                    1.0187317667726723,
                    4.14734898209087
                ]
            ],
            "active_dims": [
                0,
                1,
                2
            ]
        },
        {
            "type": "Sinus",
            "amplitudes": [
                0.18340628223194547,
                0.12704687213139532,
                0.11317261287029738,
                0.18905054718583605,
                0.05717489188392168
            ],
            "frequencies": [
                1.3283037391315098,
                0.7291678458432613,
                0.6231385440184349,
                0.48157889445441504,
                1.6485384110288384
            ],
            "weight_vectors": [
                [
                    0.03626913253931563,
                    0.3305423032152782
                ],
                [
                    0.807078084143578,
                    0.7311274068541486
                ],
                [
                    0.3372841677406623,
                    0.021412824370344974
                ],
                [
                    0.19404755827885922,
                    0.26345244670367973
                ],
                [
                    0.009447798014144748,
                    0.5068148546423766
                ]
            ],
            "phases": [
                5.250729466581131,
                0.26414594553686715,
                1.2771069767898378,
                0.6758857653448498,
                6.189803894873414
            ],
            "offset": 0.11034856883900893,
            "bounds": [
                [
                    7.161616157915673,
                    9.918192687789347
                ],
                [
                    4.440142625822903,
                    6.183637212031773
                ]
            ],
            "minimum_value": 0.0,
            "active_dims": [
                0,
                1
            ]
        },
        {
            "type": "StaticHypercube",
            "dimensions": [
                [
                    2.6416549031156276,
                    6.8917384764869665
                ],
                [
                    6.3125101654003934,
                    8.971700411909412
                ]
            ],
            "static_value": 0.0732409424320193,
            "active_dims": [
                0,
                1
            ]
        },
        {
            "type": "Ramp",
            "coeff": [
                0.05932113319515042
            ],
            "min_value": 0.07741556095687077,
            "max_value": 0.11106664721353485,
            "bounds": [
                [
                    4.316812287169094,
                    8.910471161801716
                ]
            ],
            "active_dims": [
                0
            ]
        },
        {
            "type": "StaticHypercube",
            "dimensions": [
                [
                    0.3650951998284452,
                    2.3990520971819502
                ],
                [
                    9.277977014476052,
                    9.70692532872813
                ],
                [
                    6.90533117447059,
                    9.282316824816027
                ]
            ],
            "static_value": 0.11762370440180361,
            "active_dims": [
                0,
                1,
                2
            ]
        },
        {
            "type": "Gaussian",
            "mean": [
                6.7039088189841936,
                0.29506518189606035
            ],
            "std_dev": [
                3.7424089192581147,
                0.5768413166817565
            ],
            "max_amplitude": 0.1922503063476399,
            "active_dims": [
                1,
                2
            ]
        },
        {
            "type": "Gaussian",
            "mean": [
                7.737605448588428
            ],
            "std_dev": [
                0.9656861409887386
            ],
            "max_amplitude": 0.16288702540252642,
            "active_dims": [
                0
            ]
        },
        {
            "type": "Gaussian",
            "mean": [
                4.225905031876978,
                6.5220738130667915,
                4.957173704001427
            ],
            "std_dev": [
                1.6426128056229565,
                2.7565960151160285,
                1.658359252904459
            ],
            "max_amplitude": 0.1294504227550189,
            "active_dims": [
                0,
                1,
                2
            ]
        }
    ],
    "stats": {
        "energy": 251266005.25814107,
        "bandwidth": 59,
        "mean": 0.1809553008897055,
        "std": 0.16911362643173378,
        "pct_over_06": 0.0329375,
        "pct_over_08": 0.019421875
    }
}