{
    "functions": [
        {
            "type": "Gaussian",
            "mean": [
                6.469184362623512
            ],
            "std_dev": [
                1.2976529876954006
            ],
            "max_amplitude": 0.24008332367566784,
            "active_dims": [
                2
            ]
        },
        {
            "type": "Ramp",
            "coeff": [
                1.164606119312643,
                0.3116470227056134
            ],
            "min_value": 0.12288703233538543,
            "max_value": 0.1441617160981475,
            "bounds": [
                [
                    3.59787817580851,
                    7.836007504195496
                ],
                [
                    5.412498459150821,
                    9.06872995081467
                ]
            ],
            "active_dims": [
                0,
                1
            ]
        },
        {
            "type": "Ramp",
            "coeff": [
                1.6315338017452772
            ],
            "min_value": 0.03580011929645877,
            "max_value": 0.23639658232571562,
            "bounds": [
                [
                    3.9071148211472777,
                    7.7041211619384224
                ]
            ],
            "active_dims": [
                1
            ]
        },
        {
            "type": "Sinus",
            "amplitudes": [
                0.165885915565167,
                0.08748685341457885,
                0.15075210955490448
            ],
            "frequencies": [
                0.7785353852262146,
                1.576668864965472,
                0.5464516952400036
            ],
            "weight_vectors": [
                [
                    0.3096721562994519,
                    0.6068782640151744,
                    0.6494770622100348
                ],
                [
                    0.41614574129667337,
                    0.9575169920583255,
                    0.7918315336688783
                ],
                [
                    0.7776305920034406,
                    0.046173664619736376,
                    0.43392735415521555
                ]
            ],
            "phases": [
                3.5099862716219232,
                0.10883505485947245,
                3.0294805467380144
            ],
            "offset": -0.2056977815282997,
            "bounds": [
                [
                    0.3380391975210107,
                    4.506113504144009
                ],
                [
                    3.0260531810701456,
                    4.979089923187359
                ],
                [
                    5.590750881840773,
                    9.723753298213122
                ]
            ],
            "minimum_value": 0.0,
            "active_dims": [
                0,
                1,
                2
            ]
        },
        {
            "type": "Sinus",
            "amplitudes": [
                0.4373201003686971,
                0.4319701363686259,
                0.08639442367350918
            ],
            "frequencies": [
                1.2187782548045865,
                0.9309302143767403,
                1.6593633123928508
            ],
            "weight_vectors": [
                [
                    0.538610630657012,
                    0.636331088802648
                ],
                [
                    0.10345833589685827,
                    0.6854352525380893
                ],
                [
                    0.2829378413705067,
                    0.003281058423001526
                ]
            ],
            "phases": [
                5.1086571927354685,
                6.180812278967191,
                6.131910759679695
            ],
            "offset": -0.09511073418808345,
            "bounds": [
                [
                    5.526944921232597,
                    6.133728180513891
                ],
                [
                    3.259604537618812,
                    4.872126440517889
                ]
            ],
            "minimum_value": 0.0,
            "active_dims": [
                0,
                2
            ]
        },
        {
            "type": "StaticHypercube",
            "dimensions": [
                [
                    3.651647682068307,
                    9.900476873717766
                ],
                [
                    2.313653847735787,
                    4.484416351505187
                ]
            ],
            "static_value": 0.05649675417086879,
            "active_dims": [
                0,
                2
            ]
        },
        {
            "type": "Sinus",
            "amplitudes": [
                0.09700837915968369,
                0.2671748655321067,
                0.4664580014693789
            ],
            "frequencies": [
                0.829657091979829,
                0.20209360899415407,
                0.3326150190243742
            ],
            "weight_vectors": [
                [
                    0.8869168028091597,
                    0.7387985423076427
                ],
                [
                    0.38744058514077184,
                    0.36516859089420495
                ],
                [
                    0.4583696742165255,
                    0.46486933972056543
                ]
            ],
            "phases": [
                6.138048349272033,
                0.25899667271431365,
                1.297884344913656
            ],
            "offset": 0.06998789184006377,
            "bounds": [
                [
                    5.527830804680011,
                    6.675661014388368
                ],
                [
                    3.900842917333778,
                    7.749416200015299
                ]
            ],
            "minimum_value": 0.0,
            "active_dims": [
                0,
                2
            ]
        },
        {
            "type": "StaticHypercube",
            "dimensions": [
                [
                    8.491882469079606,
                    9.949663736661178
                ],
                [
                    7.189921119252384,
                    9.874777240005844
                ]
            ],
            "static_value": 0.3798633017014483,
            "active_dims": [
                0,
                2
            ]
        },
        {
            "type": "Sinus",
            "amplitudes": [
                0.17647207137394497,
                0.18664025000607534,
                0.3396155130558309,
                0.19540005523086912
            ],
            "frequencies": [
                0.8363095467404503,
                1.325271926692545,
                1.232795647869729,
                1.4662913679051255
            ],
            "weight_vectors": [
                [
                    0.7517401121174194,
                    0.9299373859295206
                ],
                [
                    0.5102655893546049,
                    0.3782472107042647
                ],
                [
                    0.28625479949995547,
                    0.3641298152734648
                ],
                [
                    0.712969900321683,
                    0.6382630908094922
                ]
            ],
            "phases": [
                1.9205576102093571,
                1.049095397008436,
                6.204296362496658,
                0.6439674276710147
            ],
            "offset": 0.14438617790044025,
            "bounds": [
                [
                    5.753636639051547,
                    6.36121192108215
                ],
                [
                    0.8361485701013612,
                    4.3167200166756325
                ]
            ],
            "minimum_value": 0.0,