{
    "functions": [
        {
            "type": "Ramp",
            "coeff": [
                1.1154433657097658
            ],
            "min_value": 0.04966405974281259,
            "max_value": 0.23433051578320618,
            "bounds": [
                [
                    2.512558447336542,
                    6.556316045762589
                ]
            ],
            "active_dims": [
                2
            ]
        },
        {
            "type": "Gaussian",
            "mean": [
                4.399996916789057,
                1.4191249083123192
            ],
            "std_dev": [
                1.4919028901678253,
                2.6735476340818387
            ],
            "max_amplitude": 0.09904171723118312,
            "active_dims": [
                0,
                2
            ]
        },
        {
            "type": "Sinus",
            "amplitudes": [
                0.21115962749064457,
                0.08092944970919007,
                0.0579460229970891
            ],
            "frequencies": [
                1.814681816842629,
                1.3586288171738257,
                0.91422884254299
            ],
            "weight_vectors": [
                [
                    0.13946833863555064
                ],
                [
                    0.49391795081243706
                ],
                [
                    0.5912492001574396
                ]
            ],
            "phases": [
                4.806435744119223,
                0.08937826016070907,
                3.561077133645119
            ],
            "offset": -0.1690368566173928,
            "bounds": [
                [
                    1.7582023319753397,
                    5.150796630809314
                ]
            ],
            "minimum_value": 0.0,
            "active_dims": [
                2
            ]
        },
        {
            "type": "Sinus",
            "amplitudes": [
                0.1319546894175835,
                0.27111897294227466
            ],
            "frequencies": [
                1.0888583800278588,
                0.5083523525961646
            ],
            "weight_vectors": [
                [
                    0.2839308471328472,
                    0.7149316874778813
                ],
                [
                    0.11293865633219902,
                    0.3107010191412085
                ]
            ],
            "phases": [
                1.6051114808914078,
                4.004665921408693
            ],
            "offset": 0.04907535205827573,
            "bounds": [
                [
                    5.5666808017139084,
                    8.801670890225422
                ],
                [
                    5.04727090635598,
                    8.373677678508379
                ]
            ],
            "minimum_value": 0.0,
            "active_dims": [
                0,
                1
            ]
        },
        {
            "type": "Sinus",
            "amplitudes": [
                0.20035473119481806,
                0.27845944746461754,
                0.12011665629386338
            ],
            "frequencies": [
                0.28835075558290435,
                0.3497804388511021,
                0.33308463663988314
            ],
            "weight_vectors": [
                [
                    0.15381097781456143
                ],
                [
                    0.4083106627256001
                ],
                [
                    0.4918003294399447
                ]
            ],
            "phases": [
                0.6190514361548278,
                6.136086887377109,
                5.842081299597658
            ],
            "offset": -0.030564473522050075,
            "bounds": [
                [
                    0.32383863799308943,
                    5.298923567825818
                ]
            ],
            "minimum_value": 0.0,
            "active_dims": [
                1
            ]
        },
        {
            "type": "StaticHypercube",
            "dimensions": [
                [
                    2.780448478069636,
                    8.5829633783632
                ],
                [
                    2.723777065200609,
                    6.5636564343012935
                ]
            ],
            "static_value": 0.11192398593258285,
            "active_dims": [
                1,
                2
            ]
        },
        {
            "type": "Gaussian",
            "mean": [
                7.407511740007001
            ],
            "std_dev": [
                3.7248992129098024
            ],
            "max_amplitude": 0.2067278182661439,
            "active_dims": [
                0
            ]
        },
        {
            "type": "Gaussian",
            "mean": [
                8.93456686659542,
                8.027208466056921,
                4.386707266350789
            ],
            "std_dev": [
                3.75257264552747,
                0.28521932555928575,
                3.5048880829406004
            ],
            "max_amplitude": 0.11629409891044264,
            "active_dims": [
                0,
                1,
                2
            ]
        },
        {
            "type": "Gaussian",
            "mean": [
                3.3370719238289626,
                6.3791430801211755
            ],
            "std_dev": [
                1.8408424410531634,
                0.3410235003609237
            ],
            "max_amplitude": 0.1251917410056232,
            "active_dims": [
                0,
                1
            ]
        }
    ],
    "stats": {
        "energy": 781352994.0468179,
        "bandwidth": 17,
        "mean": 0.38680506593645175,
        "std": 0.20283453669951945,
        "pct_over_06": 0.183296875,
        "pct_over_08": 0.0328125
    }
}