{
    "functions": [
        {
            "type": "Sinus",
            "amplitudes": [
                0.10277089638673173,
                0.39615047205356113,
                0.4393373245879888,
                0.09757250498989732
            ],
            "frequencies": [
                1.1929041851406368,
                1.9519502999539342,
                1.3899986829966209,
                0.5657878913031086
            ],
            "weight_vectors": [
                [
                    0.7351487112714901,
                    0.7198214200646929
                ],
                [
                    0.6983038848718923,
                    0.4760273658054621
                ],
                [
                    0.29553761844362647,
                    0.47752022347315093
                ],
                [
                    0.7293904565387961,
                    0.46919857080390936
                ]
            ],
            "phases": [
                1.7451690395042718,
                3.627765742351141,
                4.1719359724900285,
                3.464253446641618
            ],
            "offset": 0.07048756019418188,
            "bounds": [
                [
                    0.938393750185543,
                    2.1971597939171836
                ],
                [
                    3.691061225965254,
                    8.03009303568691
                ]
            ],
            "minimum_value": 0.0,
            "active_dims": [
                0,
                1
            ]
        },
        {
            "type": "StaticHypercube",
            "dimensions": [
                [
                    1.9540776405323395,
                    7.183364709870824
                ],
                [
                    0.9145992059425417,
                    2.8427869620349466
                ],
                [
                    3.9055664936845043,
                    5.823873098020724
                ]
            ],
            "static_value": 0.2464237743501843,
            "active_dims": [
                0,
                1,
                2
            ]
        },
        {
            "type": "StaticHypercube",
            "dimensions": [
                [
                    2.6016655484959257,
                    3.4740980997688253
                ],
                [
                    1.2525739775874745,
                    1.9883579304196897
                ]
            ],
            "static_value": 0.13134023670215386,
            "active_dims": [
                0,
                2
            ]
        },
        {
            "type": "StaticHypercube",
            "dimensions": [
                [
                    0.6827094267668685,
                    1.822645987597889
                ]
            ],
            "static_value": 0.10117791601683639,
            "active_dims": [
                2
            ]
        },
        {
            "type": "StaticHypercube",
            "dimensions": [
                [
                    1.637937375218466,
                    2.479846676192276
                ],
                [
                    5.072899664227497,
                    9.080048252805263
                ]
            ],
            "static_value": 0.4295246347337472,
            "active_dims": [
                0,
                2
            ]
        },
        {
            "type": "StaticHypercube",
            "dimensions": [
                [
                    5.133653222312425,
                    9.004852437779656
                ],
                [
                    0.6721150525037283,
                    2.60237123876976
                ]
            ],
            "static_value": 0.36061118129579944,
            "active_dims": [
                0,
                2
            ]
        },
        {
            "type": "Gaussian",
            "mean": [
                4.299460775422594,
                3.5976839880987455
            ],
            "std_dev": [
                1.3319174594005156,
                0.1534425727628509
            ],
            "max_amplitude": 0.3704646370270073,
            "active_dims": [
                0,
                2
            ]
        },
        {
            "type": "Sinus",
            "amplitudes": [
                0.22718798271231774,
                0.13240955990452644,
                0.46930503356605197,
                0.4241465164016221
            ],
            "frequencies": [
                0.8457576726248318,
                0.858795908686309,
                1.1488992825887554,
                1.1590990190289163
            ],
            "weight_vectors": [
                [
                    0.8923203645354999
                ],
                [
                    0.004648501674836103
                ],
                [
                    0.5015423233517757
                ],
                [
                    0.4654365711980236
                ]
            ],
            "phases": [
                0.07444284349645298,
                5.4643546858436025,
                4.001616113740671,
                4.894529443714599
            ],
            "offset": 0.12039606952496602,
            "bounds": [
                [
                    3.271856410477083,
                    5.446093435283378
                ]
            ],
            "minimum_value": 0.0,
            "active_dims": [
                1
            ]
        },
        {
            "type": "StaticHypercube",
            "dimensions": [
                [
                    2.6245272957944032,
                    5.634643317282579
                ],
                [
                    4.696644079561026,
                    6.740584940597689
                ],
                [
                    8.631568437207351,
                    9.74742872084912
                ]
            ],
            "static_value": 0.1523279618879517,
            "active_dims": [
                0,
                1,
                2
            ]
        }
    ],
    "stats": {
        "energy": 238975288.59163967,
        "bandwidth": 184,
        "mean": 0.13021480491616036,
        "std": 0.20343962469726634,
        "pct_over_06": 0.053671875,
        "pct_over_08": 0.001734375
    }
}