{
    "functions": [
        {
            "type": "Gaussian",
            "mean": [
                3.5408455543650987
            ],
            "std_dev": [
                0.5484633814686857
            ],
            "max_amplitude": 0.32246974529901423,
            "active_dims": [
                1
            ]
        },
        {
            "type": "Sinus",
            "amplitudes": [
                0.3112792946125253,
                0.08585326931319104,
                0.1312817133810295
            ],
            "frequencies": [
                0.783093399487995,
                1.1441302908824156,
                0.4248736655943859
            ],
            "weight_vectors": [
                [
                    0.23919059219390182
                ],
                [
                    0.27011845855231953
                ],
                [
                    0.10786364087802236
                ]
            ],
            "phases": [
                5.715452058311724,
                3.049748476241888,
                4.296777289913571
            ],
            "offset": -0.015371997463708953,
            "bounds": [
                [
                    1.2324302907877844,
                    2.9719708915046104
                ]
            ],
            "minimum_value": 0.0,
            "active_dims": [
                1
            ]
        },
        {
            "type": "Gaussian",
            "mean": [
                0.16958386117881585,
                0.6791036682210938
            ],
            "std_dev": [
                3.1640899030627945,
                0.16645599882432366
            ],
            "max_amplitude": 0.17183766824985489,
            "active_dims": [
                0,
                1
            ]
        },
        {
            "type": "Ramp",
            "coeff": [
                1.5668167832912612,
                1.3537598183174133,
                0.5303292229569416
            ],
            "min_value": 0.0693155200939057,
            "max_value": 0.12808880796967842,
            "bounds": [
                [
                    2.477572728985225,
                    9.630316562459514
                ],
                [
                    2.192222046424925,
                    2.5712432392913636
                ],
                [
                    3.180207908979893,
                    6.897508570339663
                ]
            ],
            "active_dims": [
                0,
                1,
                2
            ]
        },
        {
            "type": "StaticHypercube",
            "dimensions": [
                [
                    2.088547549976979,
                    6.450498945210929
                ],
                [
                    2.8016647703804862,
                    4.343754034262752
                ],
                [
                    2.028153152051093,
                    4.216496540850359
                ]
            ],
            "static_value": 0.31495105120591294,
            "active_dims": [
                0,
                1,
                2
            ]
        },
        {
            "type": "StaticHypercube",
            "dimensions": [
                [
                    4.570939663180376,
                    5.558146043149854
                ],
                [
                    6.751882416617066,
                    8.193995740844898
                ]
            ],
            "static_value": 0.11490994208620016,
            "active_dims": [
                0,
                2
            ]
        },
        {
            "type": "Ramp",
            "coeff": [
                0.23534147912165793,
                1.7577726180314965
            ],
            "min_value": 0.21680514499795475,
            "max_value": 0.2831270662468797,
            "bounds": [
                [
                    3.388438633415989,
                    4.860817982366528
                ],
                [
                    4.6631804058505715,
                    7.269038813509182
                ]
            ],
            "active_dims": [
                0,
                2
            ]
        },
        {
            "type": "Sinus",
            "amplitudes": [
                0.06021762119235326,
                0.36133801199579235,
                0.1899233794953537,
                0.21265004230521745
            ],
            "frequencies": [
                0.16269345170895266,
                0.3750307095088018,
                1.4810183060144744,
                0.16327036578105208
            ],
            "weight_vectors": [
                [
                    0.21079827868168877
                ],
                [
                    0.8599823530526378
                ],
                [
                    0.46505708737379015
                ],
                [
                    0.9463538967943803
                ]
            ],
            "phases": [
                0.963266395620186,
                4.308252340501325,
                0.37469628968772767,
                1.5808301479929434
            ],
            "offset": 0.10391312697826623,
            "bounds": [
                [
                    0.5385774712650174,
                    2.253549343046108
                ]
            ],
            "minimum_value": 0.0,
            "active_dims": [
                2
            ]
        },
        {
            "type": "Gaussian",
            "mean": [
                1.993783782808225
            ],
            "std_dev": [
                1.1525596525450228
            ],
            "max_amplitude": 0.12876134341131945,
            "active_dims": [
                1
            ]
        }
    ],
    "stats": {
        "energy": 190305523.30359674,
        "bandwidth": 163,
        "mean": 0.13434041227188867,
        "std": 0.16856441804518285,
        "pct_over_06": 0.03040625,
        "pct_over_08": 0.003921875
    }
}