{
    "functions": [
        {
            "type": "Ramp",
            "coeff": [
                0.07938545758986448,
                0.8052329012442632,
                0.16306878480360054
            ],
            "min_value": 0.11217829023252814,
            "max_value": 0.26210701565662897,
            "bounds": [
                [
                    1.0535433068889892,
                    6.438300733980642
                ],
                [
                    2.8002467126199804,
                    6.130281753727739
                ],
                [
                    3.1989738779858907,
                    6.590230066521878
                ]
            ],
            "active_dims": [
                0,
                1,
                2
            ]
        },
        {
            "type": "Gaussian",
            "mean": [
                8.160315944295542
            ],
            "std_dev": [
                2.9614378438166225
            ],
            "max_amplitude": 0.21147310596250463,
            "active_dims": [
                2
            ]
        },
        {
            "type": "Sinus",
            "amplitudes": [
                0.1459712477736307,
                0.10060677362429456,
                0.14293527725499433,
                0.08899072877203107,
                0.16182450705749973
            ],
            "frequencies": [
                1.2416992591812446,
                1.7737158345602493,
                1.8752445196077738,
                0.8080963004451472,
                1.7020288022665406
            ],
            "weight_vectors": [
                [
                    0.17747126852516126,
                    0.5107618519588866,
                    0.47426722034518487
                ],
                [
                    0.3435386967512505,
                    0.8078406254148431,
                    0.25522802151478574
                ],
                [
                    0.42375192593185407,
                    0.7252374200273691,
                    0.8791117033861735
                ],
                [
                    0.6087442776021631,
                    0.5069292559330223,
                    0.7475134418686811
                ],
                [
                    0.691712290913702,
                    0.08742934114461864,
                    0.8452894351619126
                ]
            ],
            "phases": [
                1.0215706584848294,
                3.337613415705263,
                5.076254957471228,
                5.11160780691602,
                2.333418247893509
            ],
            "offset": 0.045453867815648516,
            "bounds": [
                [
                    1.4091106349137819,
                    3.4004093220981453
                ],
                [
                    1.5610933975834491,
                    7.461127260691871
                ],
                [
                    3.6471116049246337,
                    9.417551417656586
                ]
            ],
            "minimum_value": 0.0,
            "active_dims": [
                0,
                1,
                2
            ]
        },
        {
            "type": "StaticHypercube",
            "dimensions": [
                [
                    1.3783158754491238,
                    5.406220046908437
                ],
                [
                    2.9109877844466574,
                    5.182633767797077
                ],
                [
                    2.9206053380703403,
                    4.678423782745609
                ]
            ],
            "static_value": 0.12912934141528773,
            "active_dims": [
                0,
                1,
                2
            ]
        },
        {
            "type": "Sinus",
            "amplitudes": [
                0.11221898597573207,
                0.13398841352684604,
                0.16362231727271861,
                0.205167842107616,
                0.25167751572554464
            ],
            "frequencies": [
                1.875409056179399,
                0.4613366004237829,
                0.2120920973451399,
                0.5974301033971267,
                0.11785079808487325
            ],
            "weight_vectors": [
                [
                    0.07054806672293679
                ],
                [
                    0.8783657871109892
                ],
                [
                    0.17264024998938732
                ],
                [
                    0.21266810465668917
                ],
                [
                    0.001983520638366487
                ]
            ],
            "phases": [
                5.632099171869693,
                3.400935004635183,
                2.212372226550531,
                4.918485356935521,
                0.39697421352214673
            ],
            "offset": -0.11669700349024975,
            "bounds": [
                [
                    3.492102615126189,
                    4.128022610353398
                ]
            ],
            "minimum_value": 0.0,
            "active_dims": [
                1
            ]
        },
        {
            "type": "Gaussian",
            "mean": [
                0.7148258169203014,
                3.9296477613301084
            ],
            "std_dev": [
                2.3116497649410936,
                3.5691566475303733
            ],
            "max_amplitude": 0.2591896335135172,
            "active_dims": [
                0,
                1
            ]
        },
        {
            "type": "Sinus",
            "amplitudes": [
                0.16498623259383424,
                0.12308764702653158,
                0.1065183141900679,
                0.21748425307078825,
                0.13551424609280696
            ],
            "frequencies": [
                1.50418436372582,
                1.9698915843748357,
                1.0427314789306132,
                0.9721825307737264,
                1.157540286655651
            ],
            "weight_vectors": [
                [
                    0.989727348559492,
                    0.5238978258138661,
                    0.09199920022951347
                ],
                [
                    0.26693818501640665,
                    0.8105039607387036,
                    0.7512466389856548
                ],
                [
                    0.9769666811296915,
                    0.4203920666954465,
                    0.9262574186661454
                ],
                [
                    0.02782915413536713,
                    0.1346268798353829,
                    0.4351103132531561
                ],
                [
                    0.7621419720914864,
                    0.2885664485349225,
                    0.6955904531611928
                ]
            ],
            "phases": [
                4.494205368106837,
                1.6714405569066382,
                3.699292873625697,
                2.068986344421348,
                4.9429555681174975
            ],
            "offset": 0.05507990498421772,
            "bounds": [
                [
                    6.145530455476112,
                    7.4259011032854225
                ],
                [
                    4.740616447606326,
                    7.993391075794284
                ],
                [
                    4.958273038301471,
                    7.490487821134089
                ]
            ],
            "minimum_value": 0.0,
            "active_dims": [
                0,
                1,
                2
            ]
        },
        {
            "type": "Gaussian",
            "mean": [
                9.706797176555186,
                4.170156026060353
            ],
            "std_dev": [
                0.9756586762167252,
                3.170314051336178
            ],