{
    "functions": [
        {
            "type": "Ramp",
            "coeff": [
                1.8835662286209238
            ],
            "min_value": 0.03479564906961874,
            "max_value": 0.11557611041478813,
            "bounds": [
                [
                    6.487133127262748,
                    6.68254588911835
                ]
            ],
            "active_dims": [
                0
            ]
        },
        {
            "type": "Gaussian",
            "mean": [
                9.060823014134527,
                5.96715090541649,
                1.6305720975846205
            ],
            "std_dev": [
                3.0754542961003657,
                2.2670772743883916,
                1.7824712096983104
            ],
            "max_amplitude": 0.27190447890763786,
            "active_dims": [
                0,
                1,
                2
            ]
        },
        {
            "type": "Sinus",
            "amplitudes": [
                0.13524536350003497,
                0.10000513244279367,
                0.27499355313700824,
                0.2542016014690154,
                0.4847945282712364
            ],
            "frequencies": [
                0.7263642283389797,
                1.93637777164435,
                0.32334071205199033,
                1.197959305700913,
                1.8916369439964298
            ],
            "weight_vectors": [
                [
                    0.29563491561031274,
                    0.5414369044922906
                ],
                [
                    0.29309260314011454,
                    0.2358622014173526
                ],
                [
                    0.699595504253535,
                    0.34687864778266486
                ],
                [
                    0.4588639798415177,
                    0.6024089000949147
                ],
                [
                    0.11023417417608061,
                    0.40166246040897957
                ]
            ],
            "phases": [
                3.8404112451287027,
                5.824843838282828,
                2.47617113948755,
                2.7488543286921434,
                2.3257971810065254
            ],
            "offset": -0.07129460191896932,
            "bounds": [
                [
                    0.3052197009034713,
                    0.7768315962923069
                ],
                [
                    6.112999121414588,
                    9.986654198599714
                ]
            ],
            "minimum_value": 0.0,
            "active_dims": [
                0,
                2
            ]
        },
        {
            "type": "Ramp",
            "coeff": [
                1.3567918676288167,
                0.4009576365574661
            ],
            "min_value": 0.06129659715702135,
            "max_value": 0.3771233712182468,
            "bounds": [
                [
                    6.575215673969321,
                    7.6122162318016535
                ],
                [
                    4.03190959973946,
                    6.458263161821964
                ]
            ],
            "active_dims": [
                0,
                1
            ]
        },
        {
            "type": "Gaussian",
            "mean": [
                9.58616158776844
            ],
            "std_dev": [
                0.26461828818017163
            ],
            "max_amplitude": 0.42265378905532447,
            "active_dims": [
                1
            ]
        },
        {
            "type": "StaticHypercube",
            "dimensions": [
                [
                    3.959089831218514,
                    6.62006911465746
                ],
                [
                    1.5627315845624614,
                    6.260553645683922
                ],
                [
                    0.9223975022988107,
                    3.3191742782060327
                ]
            ],
            "static_value": 0.28652353992454443,
            "active_dims": [
                0,
                1,
                2
            ]
        },
        {
            "type": "Gaussian",
            "mean": [
                1.3089541441313823
            ],
            "std_dev": [
                1.2987606956369324
            ],
            "max_amplitude": 0.1851750446737747,
            "active_dims": [
                1
            ]
        },
        {
            "type": "Gaussian",
            "mean": [
                1.789067074958699,
                3.959080345922197,
                2.9309263675368067
            ],
            "std_dev": [
                3.1372127477139293,
                2.080573255722926,
                1.0819342285165396
            ],
            "max_amplitude": 0.22863957803124224,
            "active_dims": [
                0,
                1,
                2
            ]
        },
        {
            "type": "Gaussian",
            "mean": [
                7.777978180739471,
                5.814439706987166,
                0.12692993517785967
            ],
            "std_dev": [
                2.209555316701395,
                1.6517309207052542,
                0.43706830699477905
            ],
            "max_amplitude": 0.2915412638836704,
            "active_dims": [
                0,
                1,
                2
            ]
        }
    ],
    "stats": {
        "energy": 150183198.0579278,
        "bandwidth": 232,
        "mean": 0.1420975166242356,
        "std": 0.12835153137998145,
        "pct_over_06": 0.003796875,
        "pct_over_08": 0.000609375
    }
}