{
    "functions": [
        {
            "type": "StaticHypercube",
            "dimensions": [
                [
                    2.919391994362494,
                    7.345767101720545
                ],
                [
                    1.4689318620767093,
                    5.611285223272501
                ]
            ],
            "static_value": 0.13574820177928304,
            "active_dims": [
                0,
                2
            ]
        },
        {
            "type": "Sinus",
            "amplitudes": [
                0.12954566404578183,
                0.14256022310517338,
                0.05584651131901669,
                0.2494883579751046,
                0.0902955961542105
            ],
            "frequencies": [
                1.5172859760839799,
                1.60751071756135,
                0.30664880803942174,
                1.6759314841403647,
                1.3951305358966881
            ],
            "weight_vectors": [
                [
                    0.784468334848833
                ],
                [
                    0.12585999232265288
                ],
                [
                    0.9805641275719644
                ],
                [
                    0.991941142027785
                ],
                [
                    0.1722501473650252
                ]
            ],
            "phases": [
                1.5273581686537878,
                1.208846785822,
                6.270774430352843,
                5.253152639806355,
                1.1077674234134036
            ],
            "offset": -0.08029465175580444,
            "bounds": [
                [
                    0.9852718203479318,
                    4.093133365379291
                ]
            ],
            "minimum_value": 0.0,
            "active_dims": [
                2
            ]
        },
        {
            "type": "Sinus",
            "amplitudes": [
                0.17256352780678935,
                0.05320407002324209,
                0.1215096794110281,
                0.11687882780042345
            ],
            "frequencies": [
                1.5960801033104006,
                1.391707389837097,
                0.23723676999888688,
                0.8984567566156549
            ],
            "weight_vectors": [
                [
                    0.2886563073364016
                ],
                [
                    0.5527791861333342
                ],
                [
                    0.49969678565617925
                ],
                [
                    0.7073260059193728
                ]
            ],
            "phases": [
                2.394020026492324,
                4.663746612384814,
                5.4032884838467625,
                0.27546979440386204
            ],
            "offset": 0.08302028913623695,
            "bounds": [
                [
                    3.684761918636099,
                    9.411824551697778
                ]
            ],
            "minimum_value": 0.0,
            "active_dims": [
                2
            ]
        },
        {
            "type": "Sinus",
            "amplitudes": [
                0.12826194305062147,
                0.10762975944873053,
                0.160275467503436,
                0.029716606307245715
            ],
            "frequencies": [
                0.5150723974911715,
                1.998303731606278,
                1.1919353604324374,
                0.17265119725712594
            ],
            "weight_vectors": [
                [
                    0.3740331941777755
                ],
                [
                    0.1191186148077541
                ],
                [
                    0.9807627314168282
                ],
                [
                    0.1413852987104175
                ]
            ],
            "phases": [
                4.878188107097038,
                2.458871318372868,
                2.1406061607172995,
                1.7127106567744192
            ],
            "offset": 0.047936432293313784,
            "bounds": [
                [
                    3.7463516682259397,
                    6.845548441735875
                ]
            ],
            "minimum_value": 0.0,
            "active_dims": [
                1
            ]
        },
        {
            "type": "Ramp",
            "coeff": [
                1.4605479721332741,
                1.283328106496869
            ],
            "min_value": 0.11354349987188547,
            "max_value": 0.15198326477152488,
            "bounds": [
                [
                    0.2836890155910811,
                    1.8394458982747586
                ],
                [
                    5.962704356967043,
                    9.18657720714888
                ]
            ],
            "active_dims": [
                0,
                2
            ]
        },
        {
            "type": "StaticHypercube",
            "dimensions": [
                [
                    1.095746461907171,
                    2.239838735733641
                ],
                [
                    3.7722653190871824,
                    4.895520349429492
                ]
            ],
            "static_value": 0.1797755836725178,
            "active_dims": [
                0,
                1
            ]
        },
        {
            "type": "StaticHypercube",
            "dimensions": [
                [
                    2.7312119043328438,
                    6.364515407688666
                ]
            ],
            "static_value": 0.1797218675640397,
            "active_dims": [
                1
            ]
        },
        {
            "type": "StaticHypercube",
            "dimensions": [
                [
                    3.418083616511934,
                    6.669007681459532
                ],
                [
                    3.948752115884532,
                    8.266642048178083
                ],
                [
                    5.747114608194612,
                    8.698021854998046
                ]
            ],
            "static_value": 0.1840031167631486,
            "active_dims": [
                0,
                1,
                2
            ]
        },
        {
            "type": "Gaussian",
            "mean": [
                1.5794774824685853,
                1.730676015316972
            ],
            "std_dev": [
                0.9067336291991587,
                1.6631978236069762
            ],
            "max_amplitude": 0.12424926378823842,
            "active_dims": [
                0,
                2
            ]
        }
    ],
    "stats": {
        "energy": 316035956.696297,
        "bandwidth": 67,
        "mean": 0.20039598455197594,
        "std": 0.19235037136889327,
        "pct_over_06": 0.04025,
        "pct_over_08": 0.003734375
    }
}