{
    "functions": [
        {
            "type": "Sinus",
            "amplitudes": [
                0.1933785060902493,
                0.16798974989987273
            ],
            "frequencies": [
                0.515711151906278,
                1.0113416715812984
            ],
            "weight_vectors": [
                [
                    0.09076577635690275
                ],
                [
                    0.6357856243735663
                ]
            ],
            "phases": [
                3.8901894054351143,
                0.5229903625602897
            ],
            "offset": 0.03345362053613725,
            "bounds": [
                [
                    1.9522994672869145,
                    7.161453257046594
                ]
            ],
            "minimum_value": 0.0,
            "active_dims": [
                1
            ]
        },
        {
            "type": "Ramp",
            "coeff": [
                1.4951273213979281,
                0.4893312837193877,
                0.23290737968633124
            ],
            "min_value": 0.13738627670438694,
            "max_value": 0.3740252450310286,
            "bounds": [
                [
                    0.13326451869311318,
                    2.914754291788814
                ],
                [
                    1.4874570275791767,
                    7.154323818622201
                ],
                [
                    2.9875840507091205,
                    5.575749086743794
                ]
            ],
            "active_dims": [
                0,
                1,
                2
            ]
        },
        {
            "type": "Gaussian",
            "mean": [
                8.153417872095227
            ],
            "std_dev": [
                2.074691397022016
            ],
            "max_amplitude": 0.12377012340322427,
            "active_dims": [
                2
            ]
        },
        {
            "type": "Ramp",
            "coeff": [
                0.24219882215005262,
                0.04798107981003508
            ],
            "min_value": 0.03904348436481836,
            "max_value": 0.2506535590681449,
            "bounds": [
                [
                    4.001176506721639,
                    5.8874384294424695
                ],
                [
                    6.465362993331046,
                    9.801329334573614
                ]
            ],
            "active_dims": [
                0,
                2
            ]
        },
        {
            "type": "Gaussian",
            "mean": [
                0.10555082263302595,
                9.058341705279103
            ],
            "std_dev": [
                2.062034723416084,
                3.7164228554891867
            ],
            "max_amplitude": 0.07851843155609375,
            "active_dims": [
                0,
                1
            ]
        },
        {
            "type": "StaticHypercube",
            "dimensions": [
                [
                    1.122247161501285,
                    4.617005903223615
                ],
                [
                    4.399126182407292,
                    9.685376777943848
                ],
                [
                    1.0653784361905223,
                    3.2924260461844614
                ]
            ],
            "static_value": 0.15011110284048124,
            "active_dims": [
                0,
                1,
                2
            ]
        },
        {
            "type": "Sinus",
            "amplitudes": [
                0.12462482759340611,
                0.08027692395807443,
                0.23593970445513762,
                0.2102226871459921,
                0.13161359778674062
            ],
            "frequencies": [
                0.20173941481670893,
                1.4455153852882114,
                1.6176789787116832,
                0.11951498227320455,
                0.2572726700957756
            ],
            "weight_vectors": [
                [
                    0.5100468142156281
                ],
                [
                    0.4232122480253152
                ],
                [
                    0.44793535994187605
                ],
                [
                    0.11974435497286806
                ],
                [
                    0.2634766504117346
                ]
            ],
            "phases": [
                2.1219187136120325,
                0.9554316401389293,
                4.923408125637548,
                1.4737405183265924,
                5.849178731594791
            ],
            "offset": 0.12128586302486281,
            "bounds": [
                [
                    2.4779728256301707,
                    3.7531226757746783
                ]
            ],
            "minimum_value": 0.0,
            "active_dims": [
                2
            ]
        },
        {
            "type": "Gaussian",
            "mean": [
                1.0304853848677886,
                0.19733101927840058
            ],
            "std_dev": [
                3.4133607173473908,
                2.004130010187721
            ],
            "max_amplitude": 0.22031138798209604,
            "active_dims": [
                1,
                2
            ]
        },
        {
            "type": "StaticHypercube",
            "dimensions": [
                [
                    1.6926138402724633,
                    4.502438940891073
                ],
                [
                    1.7323271596648604,
                    4.332564552267931
                ],
                [
                    5.5158282295220005,
                    7.1937786894737865
                ]
            ],
            "static_value": 0.0997081392733508,
            "active_dims": [
                0,
                1,
                2
            ]
        }
    ],
    "stats": {
        "energy": 219812331.02977338,
        "bandwidth": 73,
        "mean": 0.16872683917978581,
        "std": 0.1587336562317975,
        "pct_over_06": 0.0405,
        "pct_over_08": 0.006890625
    }
}