{
    "functions": [
        {
            "type": "Sinus",
            "amplitudes": [
                0.1785433816558422,
                0.2183218112360416,
                0.14508879994151258
            ],
            "frequencies": [
                1.9987918785019796,
                0.3644926747458991,
                1.9488953908007602
            ],
            "weight_vectors": [
                [
                    0.23155040959978357,
                    0.9352892352438605
                ],
                [
                    0.1689665583185288,
                    0.4841058074837109
                ],
                [
                    0.5529338148478699,
                    0.11564014562697311
                ]
            ],
            "phases": [
                0.23155487701539798,
                1.6431707325993734,
                1.723041286914771
            ],
            "offset": 0.15881418875044032,
            "bounds": [
                [
                    0.18395678159567802,
                    3.7694155174488606
                ],
                [
                    3.292160351060752,
                    7.499377329070092
                ]
            ],
            "minimum_value": 0.0,
            "active_dims": [
                0,
                2
            ]
        },
        {
            "type": "Ramp",
            "coeff": [
                0.7847943856838155
            ],
            "min_value": 0.08654078323244167,
            "max_value": 0.26045808685234456,
            "bounds": [
                [
                    1.6533716440476514,
                    6.171417913471952
                ]
            ],
            "active_dims": [
                1
            ]
        },
        {
            "type": "StaticHypercube",
            "dimensions": [
                [
                    6.705424761316167,
                    9.265546912920547
                ],
                [
                    5.271036425832628,
                    7.608267678306191
                ]
            ],
            "static_value": 0.11171139023608428,
            "active_dims": [
                0,
                2
            ]
        },
        {
            "type": "Ramp",
            "coeff": [
                0.47742918667438405,
                0.8947007786239038
            ],
            "min_value": 0.08145033427365345,
            "max_value": 0.16754037766705218,
            "bounds": [
                [
                    2.4857031455927774,
                    5.250771035944409
                ],
                [
                    3.926439265153053,
                    8.820173214351945
                ]
            ],
            "active_dims": [
                1,
                2
            ]
        },
        {
            "type": "Gaussian",
            "mean": [
                4.380656498466991,
                4.869504199697744
            ],
            "std_dev": [
                3.8797373317549937,
                1.1928035566784991
            ],
            "max_amplitude": 0.19837620339363343,
            "active_dims": [
                0,
                2
            ]
        },
        {
            "type": "Gaussian",
            "mean": [
                8.182809147206957,
                9.68679815125389,
                6.613354624490424
            ],
            "std_dev": [
                0.983692538436919,
                3.870792457503162,
                1.6902784084184392
            ],
            "max_amplitude": 0.20262279855312393,
            "active_dims": [
                0,
                1,
                2
            ]
        },
        {
            "type": "Ramp",
            "coeff": [
                1.3990982109996204
            ],
            "min_value": 0.13957528629971835,
            "max_value": 0.2005444414794769,
            "bounds": [
                [
                    5.570131023530534,
                    8.262877288132678
                ]
            ],
            "active_dims": [
                0
            ]
        },
        {
            "type": "Gaussian",
            "mean": [
                4.866414443219287
            ],
            "std_dev": [
                3.5695606743337605
            ],
            "max_amplitude": 0.08832038439634066,
            "active_dims": [
                0
            ]
        },
        {
            "type": "Sinus",
            "amplitudes": [
                0.16980428496803537,
                0.17276001683374737
            ],
            "frequencies": [
                1.9732709994803272,
                1.1618294539464995
            ],
            "weight_vectors": [
                [
                    0.9983562232345554
                ],
                [
                    0.00785759347452708
                ]
            ],
            "phases": [
                3.228027994036628,
                0.9678316059396922
            ],
            "offset": -0.11671701341974325,
            "bounds": [
                [
                    1.8021477258755618,
                    4.319936494590056
                ]
            ],
            "minimum_value": 0.0,
            "active_dims": [
                0
            ]
        }
    ],
    "stats": {
        "energy": 576522626.1511025,
        "bandwidth": 31,
        "mean": 0.31718068050830917,
        "std": 0.2003721791752973,
        "pct_over_06": 0.1065,
        "pct_over_08": 0.02003125
    }
}