{
    "functions": [
        {
            "type": "Sinus",
            "amplitudes": [
                0.10705650144281646,
                0.3276788869113462,
                0.15322612952070475
            ],
            "frequencies": [
                1.9066146742326195,
                1.6658786142344104,
                0.7517104501340609
            ],
            "weight_vectors": [
                [
                    0.8880784095508907,
                    0.037647058240745435
                ],
                [
                    0.7379453988160449,
                    0.3770494029775845
                ],
                [
                    0.9692774982696452,
                    0.4231253282304479
                ]
            ],
            "phases": [
                3.8616668537027654,
                4.283309709361247,
                2.9606180769661905
            ],
            "offset": 0.030094574328485297,
            "bounds": [
                [
                    5.732182131100109,
                    9.194602854905547
                ],
                [
                    3.8860061205414156,
                    6.449559692814734
                ]
            ],
            "minimum_value": 0.0,
            "active_dims": [
                0,
                1
            ]
        },
        {
            "type": "Gaussian",
            "mean": [
                9.037823881125732,
                6.7401161078303495,
                5.795743477980673
            ],
            "std_dev": [
                1.5796401919994167,
                2.571162779313513,
                0.7670150453496283
            ],
            "max_amplitude": 0.18435870789826897,
            "active_dims": [
                0,
                1,
                2
            ]
        },
        {
            "type": "Gaussian",
            "mean": [
                1.297773975139308,
                0.8327471048625645
            ],
            "std_dev": [
                3.0481402442061474,
                1.4532618680490503
            ],
            "max_amplitude": 0.08601950929722209,
            "active_dims": [
                0,
                2
            ]
        },
        {
            "type": "Ramp",
            "coeff": [
                1.537022535629032
            ],
            "min_value": 0.1932859579184742,
            "max_value": 0.35670621344590897,
            "bounds": [
                [
                    3.680016765952355,
                    3.8399151115213113
                ]
            ],
            "active_dims": [
                1
            ]
        },
        {
            "type": "Gaussian",
            "mean": [
                4.199957762357416,
                5.132208699007417
            ],
            "std_dev": [
                3.892963707521765,
                0.7611264603255635
            ],
            "max_amplitude": 0.21891044211375396,
            "active_dims": [
                0,
                2
            ]
        },
        {
            "type": "Ramp",
            "coeff": [
                1.188736518915761,
                0.48068918136159455,
                1.2805037705963014
            ],
            "min_value": 0.012390186236180968,
            "max_value": 0.1897604478336428,
            "bounds": [
                [
                    2.07089806106631,
                    7.318095962297958
                ],
                [
                    3.136619815581652,
                    4.919174149355911
                ],
                [
                    5.330688666162063,
                    8.668385546586073
                ]
            ],
            "active_dims": [
                0,
                1,
                2
            ]
        },
        {
            "type": "StaticHypercube",
            "dimensions": [
                [
                    2.3713737558063364,
                    6.033576810342276
                ]
            ],
            "static_value": 0.08371734794564835,
            "active_dims": [
                2
            ]
        },
        {
            "type": "Gaussian",
            "mean": [
                4.52477987459201,
                2.130746726413016,
                5.998036426200169
            ],
            "std_dev": [
                2.1847875412992304,
                2.5287394194956985,
                0.757296245757419
            ],
            "max_amplitude": 0.15571652766171537,
            "active_dims": [
                0,
                1,
                2
            ]
        },
        {
            "type": "Sinus",
            "amplitudes": [
                0.2148472385491403,
                0.2967393148260206,
                0.14474782903181593,
                0.18454864717585184
            ],
            "frequencies": [
                1.6203048802937756,
                1.4420910874621515,
                0.9955920230331183,
                0.624478726683231
            ],
            "weight_vectors": [
                [
                    0.0385140777942633,
                    0.6847658127735797
                ],
                [
                    0.3928869922199424,
                    0.672104857010069
                ],
                [
                    0.3663305329041029,
                    0.0705856554742762
                ],
                [
                    0.497486266383494,
                    0.6344508813377603
                ]
            ],
            "phases": [
                5.938485305580448,
                3.0174341868587558,
                0.8030873266331365,
                0.24711433380283893
            ],
            "offset": 0.013133175762145715,
            "bounds": [
                [
                    7.386731327782309,
                    8.483866837635585
                ],
                [
                    1.6936393778630416,
                    7.588726840813603
                ]
            ],
            "minimum_value": 0.0,
            "active_dims": [
                0,
                2
            ]
        }
    ],
    "stats": {
        "energy": 90675840.92919378,
        "bandwidth": 310,
        "mean": 0.10171186028776494,
        "std": 0.10859260542806834,
        "pct_over_06": 0.0045,
        "pct_over_08": 0.00096875
    }
}