{
    "functions": [
        {
            "type": "StaticHypercube",
            "dimensions": [
                [
                    4.34283797752369,
                    6.605239145831412
                ],
                [
                    7.633545896570954,
                    8.842690225236007
                ]
            ],
            "static_value": 0.10895670400266866,
            "active_dims": [
                1,
                2
            ]
        },
        {
            "type": "Sinus",
            "amplitudes": [
                0.4031932863085362,
                0.12132281332046845,
                0.45210624255253223,
                0.20087867772995086,
                0.18649099788879853
            ],
            "frequencies": [
                0.18852211233070104,
                0.7710750406060548,
                0.6971335807608772,
                1.6292227231625944,
                1.3726719909365894
            ],
            "weight_vectors": [
                [
                    0.6295342173536871
                ],
                [
                    0.5688520596578678
                ],
                [
                    0.025270806246063482
                ],
                [
                    0.42221175131946065
                ],
                [
                    0.8752213582000085
                ]
            ],
            "phases": [
                2.207215950698779,
                4.845453132418058,
                4.150338608218573,
                5.476661662908408,
                5.576239501175776
            ],
            "offset": 0.09946694068497305,
            "bounds": [
                [
                    3.7267861885003177,
                    7.663980967964035
                ]
            ],
            "minimum_value": 0.0,
            "active_dims": [
                2
            ]
        },
        {
            "type": "Ramp",
            "coeff": [
                1.8977120960976357,
                1.035895006631528
            ],
            "min_value": 0.2077920456567018,
            "max_value": 0.24991269990583262,
            "bounds": [
                [
                    1.0143050368620616,
                    5.901256839097522
                ],
                [
                    5.033703284668021,
                    8.093128912175631
                ]
            ],
            "active_dims": [
                0,
                2
            ]
        },
        {
            "type": "Gaussian",
            "mean": [
                7.9656641192528355,
                2.247201220774243,
                0.2654071223483734
            ],
            "std_dev": [
                1.1363691481360862,
                3.1916414807789435,
                1.6900508564566052
            ],
            "max_amplitude": 0.19121577958503427,
            "active_dims": [
                0,
                1,
                2
            ]
        },
        {
            "type": "Gaussian",
            "mean": [
                5.450945901056061,
                1.094753964468077
            ],
            "std_dev": [
                1.820788459965505,
                3.7826253552668643
            ],
            "max_amplitude": 0.25492067928325507,
            "active_dims": [
                0,
                2
            ]
        },
        {
            "type": "Gaussian",
            "mean": [
                9.84965571132206,
                3.042520389486455
            ],
            "std_dev": [
                1.5013357181017397,
                1.3966816993124127
            ],
            "max_amplitude": 0.2780577346486878,
            "active_dims": [
                0,
                2
            ]
        },
        {
            "type": "Gaussian",
            "mean": [
                7.1792975756306285,
                7.703662553155221
            ],
            "std_dev": [
                2.0682288428701265,
                2.547985183569501
            ],
            "max_amplitude": 0.2897179778497815,
            "active_dims": [
                0,
                1
            ]
        },
        {
            "type": "StaticHypercube",
            "dimensions": [
                [
                    6.75472982735386,
                    7.395472713561226
                ],
                [
                    2.1979616862575786,
                    8.301165148568609
                ]
            ],
            "static_value": 0.2799974805461893,
            "active_dims": [
                0,
                1
            ]
        },
        {
            "type": "Sinus",
            "amplitudes": [
                0.2680426296757709,
                0.36393552823908704
            ],
            "frequencies": [
                1.3611154042232598,
                0.3315942958853486
            ],
            "weight_vectors": [
                [
                    0.016838621721734004,
                    0.8743997120694398
                ],
                [
                    0.2673850870660216,
                    0.5263158509291753
                ]
            ],
            "phases": [
                1.3625548667926461,
                3.2251473897383427
            ],
            "offset": 0.08520020153550413,
            "bounds": [
                [
                    3.5764439871284797,
                    7.066843562230497
                ],
                [
                    1.9515694312626146,
                    3.7177471683942813
                ]
            ],
            "minimum_value": 0.0,
            "active_dims": [
                0,
                2
            ]
        }
    ],
    "stats": {
        "energy": 339343693.0533971,
        "bandwidth": 33,
        "mean": 0.22070711333488457,
        "std": 0.18475917145096468,
        "pct_over_06": 0.03540625,
        "pct_over_08": 0.005109375
    }
}