{
    "functions": [
        {
            "type": "Gaussian",
            "mean": [
                7.106009597888851,
                1.9460570828197143,
                4.328562892035389
            ],
            "std_dev": [
                3.4304448435351333,
                0.16416803480384973,
                1.603488310347481
            ],
            "max_amplitude": 0.18487167820516062,
            "active_dims": [
                0,
                1,
                2
            ]
        },
        {
            "type": "Gaussian",
            "mean": [
                9.759183768771324,
                7.278122937680019
            ],
            "std_dev": [
                3.914839743283766,
                1.4523205804539494
            ],
            "max_amplitude": 0.21905215753332805,
            "active_dims": [
                0,
                2
            ]
        },
        {
            "type": "StaticHypercube",
            "dimensions": [
                [
                    4.144724402268744,
                    8.06542731536204
                ],
                [
                    0.08235352547316738,
                    1.846836065903738
                ],
                [
                    2.6374812204205895,
                    4.077447448839993
                ]
            ],
            "static_value": 0.21493666339566392,
            "active_dims": [
                0,
                1,
                2
            ]
        },
        {
            "type": "Sinus",
            "amplitudes": [
                0.2988543068908077,
                0.15312546102032254,
                0.10205016014177468,
                0.21176058758915883,
                0.3869634461602047
            ],
            "frequencies": [
                0.9036695636440912,
                1.128268312979348,
                0.586100538542452,
                1.5384542492595896,
                1.0763887535902295
            ],
            "weight_vectors": [
                [
                    0.650180625181164
                ],
                [
                    0.5377341709548639
                ],
                [
                    0.33320251540998536
                ],
                [
                    0.4328986955620068
                ],
                [
                    0.8858290505090208
                ]
            ],
            "phases": [
                5.1347550888723905,
                1.6186833627473525,
                4.3841443053106355,
                5.748244941257008,
                4.745905648882519
            ],
            "offset": -0.14834610875758186,
            "bounds": [
                [
                    6.656339412989708,
                    9.855033354553848
                ]
            ],
            "minimum_value": 0.0,
            "active_dims": [
                2
            ]
        },
        {
            "type": "Gaussian",
            "mean": [
                0.5779841909145844,
                4.884355579257943
            ],
            "std_dev": [
                0.2520352438706747,
                1.5929898207776065
            ],
            "max_amplitude": 0.22760652165939035,
            "active_dims": [
                1,
                2
            ]
        },
        {
            "type": "Gaussian",
            "mean": [
                2.9334980752568884
            ],
            "std_dev": [
                2.687892904240446
            ],
            "max_amplitude": 0.2022159932979738,
            "active_dims": [
                1
            ]
        },
        {
            "type": "StaticHypercube",
            "dimensions": [
                [
                    4.303909131249562,
                    4.481112672984986
                ],
                [
                    1.3161389562592873,
                    6.4690829696371965
                ]
            ],
            "static_value": 0.10276394679360631,
            "active_dims": [
                0,
                2
            ]
        },
        {
            "type": "Gaussian",
            "mean": [
                2.14257716271796
            ],
            "std_dev": [
                0.8872420742749106
            ],
            "max_amplitude": 0.06533190418114797,
            "active_dims": [
                0
            ]
        },
        {
            "type": "Ramp",
            "coeff": [
                1.589604084716798,
                1.2662208414088572,
                0.1978961157775605
            ],
            "min_value": 0.0846844284052479,
            "max_value": 0.09623895136258545,
            "bounds": [
                [
                    6.340943633314829,
                    9.928945484189018
                ],
                [
                    3.997048340872799,
                    6.294363633496202
                ],
                [
                    5.209313077402636,
                    7.8922379895009955
                ]
            ],
            "active_dims": [
                0,
                1,
                2
            ]
        }
    ],
    "stats": {
        "energy": 261955847.44132727,
        "bandwidth": 35,
        "mean": 0.21183841992442237,
        "std": 0.13812511777607422,
        "pct_over_06": 0.02275,
        "pct_over_08": 0.0035625
    }
}