{
    "functions": [
        {
            "type": "Sinus",
            "amplitudes": [
                0.18006604659553346
            ],
            "frequencies": [
                0.2363185708426153
            ],
            "weight_vectors": [
                [
                    0.03426956954880689,
                    0.29981265090891585,
                    0.569930726918434
                ]
            ],
            "phases": [
                0.9750454334864826
            ],
            "offset": -0.008747094193625642,
            "bounds": [
                [
                    6.877067204866184,
                    7.268233790735571
                ],
                [
                    4.2751820058860375,
                    8.992147755343352
                ],
                [
                    2.7230846504709167,
                    3.8363722953813357
                ]
            ],
            "minimum_value": 0.0,
            "active_dims": [
                0,
                1,
                2
            ]
        },
        {
            "type": "Sinus",
            "amplitudes": [
                0.09548070471988941
            ],
            "frequencies": [
                0.9786587809455826
            ],
            "weight_vectors": [
                [
                    0.8574275358716129,
                    0.8263718727211045
                ]
            ],
            "phases": [
                4.032719038946201
            ],
            "offset": -0.09863606306546323,
            "bounds": [
                [
                    4.492487048542942,
                    5.769537857394946
                ],
                [
                    4.581304827985302,
                    7.965794649071292
                ]
            ],
            "minimum_value": 0.0,
            "active_dims": [
                0,
                2
            ]
        },
        {
            "type": "Gaussian",
            "mean": [
                8.95551036141803
            ],
            "std_dev": [
                0.34775223642880676
            ],
            "max_amplitude": 0.203583963143635,
            "active_dims": [
                1
            ]
        },
        {
            "type": "Gaussian",
            "mean": [
                7.000855550555541,
                9.044064817548966,
                3.297587232154351
            ],
            "std_dev": [
                0.8427230869752494,
                0.6687715232110766,
                0.30403869593915644
            ],
            "max_amplitude": 0.18394402341141144,
            "active_dims": [
                0,
                1,
                2
            ]
        },
        {
            "type": "Ramp",
            "coeff": [
                0.7301281358834177,
                0.9365794489042456
            ],
            "min_value": 0.17230464464150536,
            "max_value": 0.24909055448673975,
            "bounds": [
                [
                    0.006315110832486075,
                    7.955828416371499
                ],
                [
                    4.611142889691309,
                    9.206064578438447
                ]
            ],
            "active_dims": [
                1,
                2
            ]
        },
        {
            "type": "Ramp",
            "coeff": [
                1.1100076983862732,
                0.2748180381904046
            ],
            "min_value": 0.15579841586402327,
            "max_value": 0.16959059495560513,
            "bounds": [
                [
                    0.358750280079899,
                    2.1871874970978764
                ],
                [
                    2.724939499681282,
                    5.2860782145057765
                ]
            ],
            "active_dims": [
                1,
                2
            ]
        },
        {
            "type": "StaticHypercube",
            "dimensions": [
                [
                    3.750886646186451,
                    5.967690118220548
                ],
                [
                    3.1906496697024207,
                    6.576895656837941
                ]
            ],
            "static_value": 0.2993553545520582,
            "active_dims": [
                1,
                2
            ]
        },
        {
            "type": "Gaussian",
            "mean": [
                5.643630972383608
            ],
            "std_dev": [
                2.2269079703704784
            ],
            "max_amplitude": 0.13198345482652943,
            "active_dims": [
                0
            ]
        },
        {
            "type": "Ramp",
            "coeff": [
                1.2971219339348725,
                0.5700470512083622
            ],
            "min_value": 0.2147634361042921,
            "max_value": 0.376776373103922,
            "bounds": [
                [
                    2.0012723048549743,
                    7.712266133146515
                ],
                [
                    5.961940025181264,
                    7.951961201079465
                ]
            ],
            "active_dims": [
                1,
                2
            ]
        }
    ],
    "stats": {
        "energy": 366202035.95774394,
        "bandwidth": 56,
        "mean": 0.22457307444002025,
        "std": 0.19741258362007527,
        "pct_over_06": 0.06703125,
        "pct_over_08": 0.014625
    }
}