{
    "functions": [
        {
            "type": "Gaussian",
            "mean": [
                7.344929213891859,
                1.3340528267635643,
                7.908802933700029
            ],
            "std_dev": [
                1.6907085614938495,
                0.31767537499826837,
                1.9249279408506534
            ],
            "max_amplitude": 0.12786107133294675,
            "active_dims": [
                0,
                1,
                2
            ]
        },
        {
            "type": "Gaussian",
            "mean": [
                6.421370656091421,
                1.9678505601226692
            ],
            "std_dev": [
                2.769748241301995,
                2.1263329575684864
            ],
            "max_amplitude": 0.16741836665992935,
            "active_dims": [
                0,
                1
            ]
        },
        {
            "type": "Ramp",
            "coeff": [
                1.41923361324957,
                0.49414975082234447
            ],
            "min_value": 0.1617659694896463,
            "max_value": 0.33685952015273696,
            "bounds": [
                [
                    6.407141803076762,
                    9.10639890223736
                ],
                [
                    2.53954592617088,
                    4.011088146500471
                ]
            ],
            "active_dims": [
                1,
                2
            ]
        },
        {
            "type": "Sinus",
            "amplitudes": [
                0.2460148937251788,
                0.1402027291672468,
                0.20053063763472978,
                0.2690316031862623
            ],
            "frequencies": [
                0.6997254867806066,
                0.8833682681681118,
                0.16958027214791357,
                0.14881968509499946
            ],
            "weight_vectors": [
                [
                    0.04197734732863456
                ],
                [
                    0.9344329601562754
                ],
                [
                    0.04199447061498718
                ],
                [
                    0.35155319631928195
                ]
            ],
            "phases": [
                2.389395289778804,
                4.4971990358609375,
                2.975489818707704,
                6.110885354777438
            ],
            "offset": 0.02589594676123511,
            "bounds": [
                [
                    3.0935227709513504,
                    6.083717110448092
                ]
            ],
            "minimum_value": 0.0,
            "active_dims": [
                1
            ]
        },
        {
            "type": "Sinus",
            "amplitudes": [
                0.09761566830506072,
                0.11400296003994713,
                0.08511252293911654,
                0.16614436370559119,
                0.2613230115125299
            ],
            "frequencies": [
                1.4118879555160746,
                0.8135823635450897,
                0.1482239606246387,
                1.3709155006210505,
                1.4719670553331865
            ],
            "weight_vectors": [
                [
                    0.6838011843624948,
                    0.30360958563487517
                ],
                [
                    0.11110126116525199,
                    0.9397871356976377
                ],
                [
                    0.7649497213390797,
                    0.7647959169556919
                ],
                [
                    0.5200320566977599,
                    0.036148812816365616
                ],
                [
                    0.5199669786301763,
                    0.569584545654154
                ]
            ],
            "phases": [
                6.04701344026626,
                3.0703342061148677,
                2.046821454835483,
                3.3045401058836377,
                1.2859842642151624
            ],
            "offset": -0.16341013540556792,
            "bounds": [
                [
                    4.606542617947756,
                    8.998794683207588
                ],
                [
                    3.3763288393112876,
                    5.976099228610986
                ]
            ],
            "minimum_value": 0.0,
            "active_dims": [
                1,
                2
            ]
        },
        {
            "type": "StaticHypercube",
            "dimensions": [
                [
                    4.896110464637174,
                    8.323456446367022
                ],
                [
                    6.220104966300585,
                    6.866733938091602
                ],
                [
                    3.074062320703947,
                    8.772584489769988
                ]
            ],
            "static_value": 0.23937709432681611,
            "active_dims": [
                0,
                1,
                2
            ]
        },
        {
            "type": "Gaussian",
            "mean": [
                4.638579357700651,
                4.5248807617474185
            ],
            "std_dev": [
                3.8924911231059425,
                2.3260082570825897
            ],
            "max_amplitude": 0.24032264270605053,
            "active_dims": [
                0,
                1
            ]
        },
        {
            "type": "Ramp",
            "coeff": [
                0.46913740196541065,
                1.372193202167611
            ],
            "min_value": 0.1297253641294389,
            "max_value": 0.32885699919721434,
            "bounds": [
                [
                    5.661148944552582,
                    7.857347119882464
                ],
                [
                    2.7642251434907843,
                    5.069831629673351
                ]
            ],
            "active_dims": [
                1,
                2
            ]
        },
        {
            "type": "Gaussian",
            "mean": [
                6.153722291201573
            ],
            "std_dev": [
                1.0143510291822297
            ],
            "max_amplitude": 0.2465349850123101,
            "active_dims": [
                2
            ]
        }
    ],
    "stats": {
        "energy": 498160917.311419,
        "bandwidth": 20,
        "mean": 0.28930781741595596,
        "std": 0.1947365001354368,
        "pct_over_06": 0.091890625,
        "pct_over_08": 0.017265625
    }
}