{
    "functions": [
        {
            "type": "Ramp",
            "coeff": [
                1.2467606618270037,
                0.2258050167438359,
                1.7173097153797319
            ],
            "min_value": 0.19918152900422917,
            "max_value": 0.44693579277299295,
            "bounds": [
                [
                    5.355436881825422,
                    7.187579381927614
                ],
                [
                    0.3013714525428146,
                    3.712479863836035
                ],
                [
                    2.8684676855352444,
                    7.4393587576414735
                ]
            ],
            "active_dims": [
                0,
                1,
                2
            ]
        },
        {
            "type": "Gaussian",
            "mean": [
                3.6646841181559333,
                2.306628300410647,
                9.22085567349564
            ],
            "std_dev": [
                2.5772811449135973,
                1.6522527884972085,
                1.9565875216942221
            ],
            "max_amplitude": 0.40015344448935164,
            "active_dims": [
                0,
                1,
                2
            ]
        },
        {
            "type": "Sinus",
            "amplitudes": [
                0.21363627479436867,
                0.11652782860520323,
                0.48251605841849615
            ],
            "frequencies": [
                1.549775061675393,
                0.614139204587716,
                0.42674896046170874
            ],
            "weight_vectors": [
                [
                    0.8068721140242718
                ],
                [
                    0.3766352986861671
                ],
                [
                    0.9313053143523365
                ]
            ],
            "phases": [
                2.701129592520564,
                1.6364724111770523,
                5.511262843290028
            ],
            "offset": -0.24505360937072057,
            "bounds": [
                [
                    1.941471646096312,
                    4.185614329914665
                ]
            ],
            "minimum_value": 0.0,
            "active_dims": [
                1
            ]
        },
        {
            "type": "Ramp",
            "coeff": [
                0.26357813948123865
            ],
            "min_value": 0.24604926654310624,
            "max_value": 0.37450043548804524,
            "bounds": [
                [
                    2.6321391759990673,
                    6.5496394029884595
                ]
            ],
            "active_dims": [
                1
            ]
        },
        {
            "type": "Ramp",
            "coeff": [
                0.38939366297136324,
                1.4143997560730204
            ],
            "min_value": 0.1601050549313942,
            "max_value": 0.16681304543757117,
            "bounds": [
                [
                    4.262775820696097,
                    6.585982294275932
                ],
                [
                    3.4776270951460493,
                    7.451343878558351
                ]
            ],
            "active_dims": [
                1,
                2
            ]
        },
        {
            "type": "Ramp",
            "coeff": [
                1.7334039038725602,
                0.18308483476775916
            ],
            "min_value": 0.18814502470807762,
            "max_value": 0.32025953911720056,
            "bounds": [
                [
                    7.248459030410665,
                    8.800534845383263
                ],
                [
                    0.7041472186897111,
                    5.3673556460693455
                ]
            ],
            "active_dims": [
                1,
                2
            ]
        },
        {
            "type": "Gaussian",
            "mean": [
                9.94948974147037
            ],
            "std_dev": [
                3.6201798479265523
            ],
            "max_amplitude": 0.17719125487406073,
            "active_dims": [
                0
            ]
        },
        {
            "type": "StaticHypercube",
            "dimensions": [
                [
                    7.833407529889933,
                    8.505851763250156
                ],
                [
                    4.362587390610863,
                    5.494251897009143
                ],
                [
                    2.983586228858008,
                    6.839993705956387
                ]
            ],
            "static_value": 0.22389009642663527,
            "active_dims": [
                0,
                1,
                2
            ]
        },
        {
            "type": "Sinus",
            "amplitudes": [
                0.1360159372574402,
                0.5075495503905504,
                0.1395426272831805,
                0.14657863659441095,
                0.2199448111484538
            ],
            "frequencies": [
                1.002804145916176,
                1.436869121089382,
                0.13783787607765266,
                0.27395764397979877,
                1.0868221589428781
            ],
            "weight_vectors": [
                [
                    0.21037549213473772,
                    0.059444946414107136,
                    0.16903295725314194
                ],
                [
                    0.2704922577161938,
                    0.507128942563326,
                    0.21416766559299394
                ],
                [
                    0.21564494203327167,
                    0.059206391436551375,
                    0.9832354878099862
                ],
                [
                    0.9093183733973492,
                    0.5745512666732502,
                    0.6234185836406302
                ],
                [
                    0.29825318288360725,
                    0.7208307019530173,
                    0.44829491272053545
                ]
            ],
            "phases": [
                2.1668932951833324,
                4.330113881816115,
                6.088442635367113,
                1.6649777749654338,
                4.168671531827407
            ],
            "offset": -0.14332999956387688,
            "bounds": [
                [
                    6.138899664461184,
                    6.590921350184145
                ],
                [
                    2.8021383408909757,
                    3.75717276437108
                ],
                [
                    1.0074036588527322,
                    4.266871693707536
                ]
            ],
            "minimum_value": 0.0,
            "active_dims": [
                0,
                1,
                2
            ]
        }
    ],
    "stats": {
        "energy": 558614234.4792821,
        "bandwidth": 49,
        "mean": 0.29055874309207663,
        "std": 0.22793868726572308,
        "pct_over_06": 0.11109375,
        "pct_over_08": 0.02503125
    }
}