{
    "functions": [
        {
            "type": "StaticHypercube",
            "dimensions": [
                [
                    3.5815666802626076,
                    5.518445661028255
                ]
            ],
            "static_value": 0.05819301932987723,
            "active_dims": [
                0
            ]
        },
        {
            "type": "Sinus",
            "amplitudes": [
                0.1555786842527777,
                0.11144122504285073,
                0.09741307612093625
            ],
            "frequencies": [
                1.4760941232080607,
                0.7523424842530897,
                0.8414525328161901
            ],
            "weight_vectors": [
                [
                    0.06131054913496803,
                    0.8777080311272812
                ],
                [
                    0.7138385955748114,
                    0.9659778927806568
                ],
                [
                    0.9138179430486978,
                    0.06965730932287828
                ]
            ],
            "phases": [
                1.6880642998723314,
                2.606792771107865,
                5.916724508042661
            ],
            "offset": 0.12193903045214481,
            "bounds": [
                [
                    3.8464182789366146,
                    8.86009205073412
                ],
                [
                    0.5358983529366474,
                    7.2999385427469985
                ]
            ],
            "minimum_value": 0.0,
            "active_dims": [
                1,
                2
            ]
        },
        {
            "type": "Ramp",
            "coeff": [
                0.45423174828208013
            ],
            "min_value": 0.14801772112967596,
            "max_value": 0.21225431991753063,
            "bounds": [
                [
                    2.5780549394231946,
                    4.260325933412992
                ]
            ],
            "active_dims": [
                1
            ]
        },
        {
            "type": "Sinus",
            "amplitudes": [
                0.4103280378125874,
                0.24075264222804926,
                0.1885982543545997
            ],
            "frequencies": [
                1.5595534843432088,
                0.9465045735998563,
                0.7090461973028978
            ],
            "weight_vectors": [
                [
                    0.16239065844917977,
                    0.7113716772567777,
                    0.0038687460349314806
                ],
                [
                    0.6870086219996819,
                    0.1562691527447171,
                    0.40477258212308176
                ],
                [
                    0.2199597477200499,
                    0.6124202046172936,
                    0.46018433713014406
                ]
            ],
            "phases": [
                5.322691848278669,
                0.1843025353074792,
                5.313184920466575
            ],
            "offset": 0.020341360176162556,
            "bounds": [
                [
                    4.500555403399532,
                    7.982617243084331
                ],
                [
                    2.1201252045837697,
                    3.7610409560496576
                ],
                [
                    2.0066189116702833,
                    3.3376015737826146
                ]
            ],
            "minimum_value": 0.0,
            "active_dims": [
                0,
                1,
                2
            ]
        },
        {
            "type": "StaticHypercube",
            "dimensions": [
                [
                    5.643287458392801,
                    8.113718787093271
                ]
            ],
            "static_value": 0.21236571674770774,
            "active_dims": [
                1
            ]
        },
        {
            "type": "Sinus",
            "amplitudes": [
                0.2606359196671028,
                0.22161466253294856,
                0.1029292198662768,
                0.16746496631681132
            ],
            "frequencies": [
                0.9963214922555368,
                0.8028227052052184,
                1.6691024791860112,
                0.13015266788177302
            ],
            "weight_vectors": [
                [
                    0.6512699727686798,
                    0.1899635382744338,
                    0.7562868378088516
                ],
                [
                    0.33952489734485913,
                    0.3119299611691987,
                    0.9988788765362945
                ],
                [
                    0.6832777115537397,
                    0.7379027860189138,
                    0.6839172200795466
                ],
                [
                    0.9345334398159543,
                    0.45949143107313406,
                    0.2825863516129561
                ]
            ],
            "phases": [
                1.2857043276921538,
                0.3554411167571312,
                2.904381862906092,
                1.5881577005565846
            ],
            "offset": -0.042729092805771494,
            "bounds": [
                [
                    1.9412456536913587,
                    8.660085432932483
                ],
                [
                    0.9045327466201231,
                    3.623344208805148
                ],
                [
                    0.2210845089736873,
                    3.1619983061181225
                ]
            ],
            "minimum_value": 0.0,
            "active_dims": [
                0,
                1,
                2
            ]
        },
        {
            "type": "Gaussian",
            "mean": [
                5.013639821863763,
                0.19931812126065762
            ],
            "std_dev": [
                2.5516211066310888,
                1.2742121697135593
            ],
            "max_amplitude": 0.26990529831278404,
            "active_dims": [
                0,
                1
            ]
        },
        {
            "type": "Gaussian",
            "mean": [
                0.5698826978712124
            ],
            "std_dev": [
                3.5845701075618495
            ],
            "max_amplitude": 0.14398796437625,
            "active_dims": [
                2
            ]
        },
        {
            "type": "Gaussian",
            "mean": [
                9.316253249776803,
                1.8518169730740686,
                8.49730005289249
            ],
            "std_dev": [
                3.5651305195596734,
                1.3350669775891464,
                3.0774757721909234
            ],
            "max_amplitude": 0.251412426980761,
            "active_dims": [
                0,
                1,
                2
            ]
        }
    ],
    "stats": {
        "energy": 449119718.5762301,
        "bandwidth": 32,
        "mean": 0.2565654022149689,
        "std": 0.2093383939445801,
        "pct_over_06": 0.087625,
        "pct_over_08": 0.0220625
    }
}