{
    "functions": [
        {
            "type": "Sinus",
            "amplitudes": [
                0.12912252505022767,
                0.22579543399271404,
                0.303186082652278,
                0.13318405575367623,
                0.32427894193784784
            ],
            "frequencies": [
                1.5416870834858405,
                0.3259709153017391,
                1.63426767471351,
                0.7880885407388861,
                0.341273470615031
            ],
            "weight_vectors": [
                [
                    0.37354126555716305,
                    0.8920415627171182
                ],
                [
                    0.7886991379078115,
                    0.8847757625481986
                ],
                [
                    0.5180481677973637,
                    0.923760537885012
                ],
                [
                    0.414042130903578,
                    0.5376801658976605
                ],
                [
                    0.08496595680796049,
                    0.8671022768918443
                ]
            ],
            "phases": [
                6.050359766825392,
                2.3130173803610607,
                1.0950355842920352,
                3.0231426001370796,
                6.1353383296987
            ],
            "offset": -0.03875190154547754,
            "bounds": [
                [
                    2.552825240218828,
                    7.291292505701366
                ],
                [
                    6.0037748141201535,
                    8.526398800021859
                ]
            ],
            "minimum_value": 0.0,
            "active_dims": [
                1,
                2
            ]
        },
        {
            "type": "Gaussian",
            "mean": [
                5.611963766556302,
                2.9074995999350053,
                0.2812158416745447
            ],
            "std_dev": [
                2.831888662286607,
                2.809946990333753,
                1.9153809434589986
            ],
            "max_amplitude": 0.2973727652936776,
            "active_dims": [
                0,
                1,
                2
            ]
        },
        {
            "type": "Ramp",
            "coeff": [
                1.4705664296048349,
                1.844004702880513
            ],
            "min_value": 0.2127883384160889,
            "max_value": 0.29193328248997796,
            "bounds": [
                [
                    5.500689745687045,
                    6.498772153842388
                ],
                [
                    4.187126507269242,
                    5.378297689135415
                ]
            ],
            "active_dims": [
                0,
                2
            ]
        },
        {
            "type": "StaticHypercube",
            "dimensions": [
                [
                    7.146441518575135,
                    9.372757484057416
                ],
                [
                    7.446773074618101,
                    8.71039280283819
                ]
            ],
            "static_value": 0.19509239013273402,
            "active_dims": [
                0,
                1
            ]
        },
        {
            "type": "Ramp",
            "coeff": [
                0.9561594570877479,
                0.05389931425937111,
                1.4096658952439483
            ],
            "min_value": 0.01259765384437533,
            "max_value": 0.14711930297228246,
            "bounds": [
                [
                    4.085076031722229,
                    7.626940437966598
                ],
                [
                    6.583632635421709,
                    8.69368886603381
                ],
                [
                    0.9352029556209474,
                    3.248495150200199
                ]
            ],
            "active_dims": [
                0,
                1,
                2
            ]
        },
        {
            "type": "Ramp",
            "coeff": [
                0.9181274472929875,
                1.9569261045504815
            ],
            "min_value": 0.1076126604611945,
            "max_value": 0.15019460010252944,
            "bounds": [
                [
                    1.967813309874479,
                    4.613202610659272
                ],
                [
                    6.672988941963185,
                    8.183065225395929
                ]
            ],
            "active_dims": [
                0,
                2
            ]
        },
        {
            "type": "StaticHypercube",
            "dimensions": [
                [
                    4.865925664931428,
                    8.260005163494728
                ],
                [
                    3.832830496126083,
                    4.459429868292763
                ]
            ],
            "static_value": 0.09821102150809728,
            "active_dims": [
                0,
                1
            ]
        },
        {
            "type": "Gaussian",
            "mean": [
                5.396692762520469,
                1.3845309779718429
            ],
            "std_dev": [
                1.30128529006331,
                2.9076924035456653
            ],
            "max_amplitude": 0.15041722755370387,
            "active_dims": [
                0,
                1
            ]
        },
        {
            "type": "StaticHypercube",
            "dimensions": [
                [
                    0.7422749102429889,
                    4.83465128531549
                ],
                [
                    4.585871943551222,
                    7.797742495393796
                ]
            ],
            "static_value": 0.2805030205772854,
            "active_dims": [
                0,
                1
            ]
        }
    ],
    "stats": {
        "energy": 170877609.71459368,
        "bandwidth": 294,
        "mean": 0.12885173380553355,
        "std": 0.15847838063765954,
        "pct_over_06": 0.019296875,
        "pct_over_08": 0.0029375
    }
}