{
    "functions": [
        {
            "type": "StaticHypercube",
            "dimensions": [
                [
                    0.8753195577478066,
                    3.754210503307431
                ]
            ],
            "static_value": 0.23394020177797548,
            "active_dims": [
                1
            ]
        },
        {
            "type": "StaticHypercube",
            "dimensions": [
                [
                    1.503979400093177,
                    3.351815451451764
                ],
                [
                    5.580914475670666,
                    6.681475090388662
                ],
                [
                    3.4472416347876274,
                    5.585826677456099
                ]
            ],
            "static_value": 0.1296939883955916,
            "active_dims": [
                0,
                1,
                2
            ]
        },
        {
            "type": "Gaussian",
            "mean": [
                2.3088308447880856
            ],
            "std_dev": [
                1.4619528833574094
            ],
            "max_amplitude": 0.21985214777557582,
            "active_dims": [
                0
            ]
        },
        {
            "type": "Sinus",
            "amplitudes": [
                0.23992111216336603,
                0.07204330456565344,
                0.13490278531205935
            ],
            "frequencies": [
                1.519021578022202,
                1.1499172700416345,
                0.5779702672421047
            ],
            "weight_vectors": [
                [
                    0.964005911844641,
                    0.14003824882907878
                ],
                [
                    0.7267597372120825,
                    0.5866117251171725
                ],
                [
                    0.515389145533676,
                    0.5611450667985219
                ]
            ],
            "phases": [
                5.363704043089859,
                5.251674980912186,
                0.41607574775801576
            ],
            "offset": -0.02076299917756769,
            "bounds": [
                [
                    1.9081189795068183,
                    3.866158531313797
                ],
                [
                    0.49728694584212746,
                    7.358363607668679
                ]
            ],
            "minimum_value": 0.0,
            "active_dims": [
                1,
                2
            ]
        },
        {
            "type": "Gaussian",
            "mean": [
                6.016996188004958,
                2.9866773264426416,
                1.363652226606401
            ],
            "std_dev": [
                0.3083631812428109,
                2.4730376221304615,
                1.8432147619285921
            ],
            "max_amplitude": 0.22346143702011334,
            "active_dims": [
                0,
                1,
                2
            ]
        },
        {
            "type": "Sinus",
            "amplitudes": [
                0.0747968604265317,
                0.15204010905263207,
                0.06511460919799633,
                0.09788098040412202
            ],
            "frequencies": [
                1.7469182565580708,
                1.0728857759600443,
                1.3626100961473226,
                1.535146371608266
            ],
            "weight_vectors": [
                [
                    0.30143906081416083
                ],
                [
                    0.28672381402634406
                ],
                [
                    0.034053674817840385
                ],
                [
                    0.16740014897446232
                ]
            ],
            "phases": [
                4.923734678619777,
                2.689367373487263,
                1.8393427163616611,
                5.1572335321288305
            ],
            "offset": -0.0738818240499031,
            "bounds": [
                [
                    3.1591907775598878,
                    8.657921921385482
                ]
            ],
            "minimum_value": 0.0,
            "active_dims": [
                0
            ]
        },
        {
            "type": "Ramp",
            "coeff": [
                1.3793314332268782
            ],
            "min_value": 0.12432789458188166,
            "max_value": 0.21330810614168702,
            "bounds": [
                [
                    5.848458283449661,
                    7.680985884696735
                ]
            ],
            "active_dims": [
                2
            ]
        },
        {
            "type": "Gaussian",
            "mean": [
                3.509329669330943
            ],
            "std_dev": [
                2.035307350250443
            ],
            "max_amplitude": 0.14795784478925444,
            "active_dims": [
                2
            ]
        },
        {
            "type": "Sinus",
            "amplitudes": [
                0.08480166170774565,
                0.1745138660790448
            ],
            "frequencies": [
                1.941741360143488,
                0.35544486860006064
            ],
            "weight_vectors": [
                [
                    0.27195889984917154,
                    0.16871562310896393
                ],
                [
                    0.5485252460919943,
                    0.6284705573623399
                ]
            ],
            "phases": [
                2.363503578110443,
                4.652775460232221
            ],
            "offset": -0.052257594893645606,
            "bounds": [
                [
                    0.07820295507344747,
                    6.5260856619588985
                ],
                [
                    3.2442825572639684,
                    3.751035702261569
                ]
            ],
            "minimum_value": 0.0,
            "active_dims": [
                1,
                2
            ]
        }
    ],
    "stats": {
        "energy": 458385152.51633644,
        "bandwidth": 10,
        "mean": 0.2557599593358242,
        "std": 0.21563228150394415,
        "pct_over_06": 0.0849375,
        "pct_over_08": 0.01690625
    }
}