{
    "functions": [
        {
            "type": "Ramp",
            "coeff": [
                1.1059753059510042,
                1.5039610109190806
            ],
            "min_value": 0.2157599000116544,
            "max_value": 0.31471403031985384,
            "bounds": [
                [
                    2.2971526977266565,
                    5.362572164429431
                ],
                [
                    4.417191456795175,
                    6.331137886132145
                ]
            ],
            "active_dims": [
                0,
                2
            ]
        },
        {
            "type": "StaticHypercube",
            "dimensions": [
                [
                    4.87922275003348,
                    7.507063139411187
                ],
                [
                    3.780177174746841,
                    6.844224753853853
                ]
            ],
            "static_value": 0.12746817812215627,
            "active_dims": [
                1,
                2
            ]
        },
        {
            "type": "Sinus",
            "amplitudes": [
                0.3045750038441862,
                0.20033158374438725,
                0.09482181340651565,
                0.08756305310825666
            ],
            "frequencies": [
                1.1445129278028392,
                0.5861108535523344,
                0.546365593199468,
                0.5788911868066382
            ],
            "weight_vectors": [
                [
                    0.5120994419555682
                ],
                [
                    0.5412972275214685
                ],
                [
                    0.6510887039981488
                ],
                [
                    0.1399036555703994
                ]
            ],
            "phases": [
                1.140354759144535,
                3.4119352181751244,
                6.131943408788413,
                5.8031461089278205
            ],
            "offset": -0.09798845417152309,
            "bounds": [
                [
                    3.8046554445500194,
                    4.64514476910008
                ]
            ],
            "minimum_value": 0.0,
            "active_dims": [
                1
            ]
        },
        {
            "type": "Gaussian",
            "mean": [
                6.249587573719926
            ],
            "std_dev": [
                0.7329469382992451
            ],
            "max_amplitude": 0.20469557285378046,
            "active_dims": [
                1
            ]
        },
        {
            "type": "Gaussian",
            "mean": [
                4.905213187982554
            ],
            "std_dev": [
                1.9543271573432193
            ],
            "max_amplitude": 0.28964239727410895,
            "active_dims": [
                0
            ]
        },
        {
            "type": "Gaussian",
            "mean": [
                3.804706647838363,
                6.463342079781775
            ],
            "std_dev": [
                0.47935355171980953,
                2.8844181623063476
            ],
            "max_amplitude": 0.24772326854519833,
            "active_dims": [
                0,
                1
            ]
        },
        {
            "type": "Gaussian",
            "mean": [
                3.6281608625360096,
                2.178713423085168
            ],
            "std_dev": [
                2.1201749045847467,
                0.914277953367639
            ],
            "max_amplitude": 0.30433141383591167,
            "active_dims": [
                0,
                2
            ]
        },
        {
            "type": "Gaussian",
            "mean": [
                3.657261366314668
            ],
            "std_dev": [
                1.2564802138456077
            ],
            "max_amplitude": 0.20713770272688964,
            "active_dims": [
                1
            ]
        },
        {
            "type": "Gaussian",
            "mean": [
                0.10660094201954795,
                7.892631832731474,
                2.7988573792184033
            ],
            "std_dev": [
                1.0782505733685759,
                0.2661178104641724,
                1.754088542825423
            ],
            "max_amplitude": 0.36801036971890516,
            "active_dims": [
                0,
                1,
                2
            ]
        }
    ],
    "stats": {
        "energy": 583707742.3400947,
        "bandwidth": 6,
        "mean": 0.3159281754825256,
        "std": 0.20663049380121076,
        "pct_over_06": 0.113140625,
        "pct_over_08": 0.020734375
    }
}