{
    "functions": [
        {
            "type": "Gaussian",
            "mean": [
                9.295624768475662,
                0.8669869080122583
            ],
            "std_dev": [
                1.6222638811614163,
                0.8268514843088114
            ],
            "max_amplitude": 0.5076453802295704,
            "active_dims": [
                1,
                2
            ]
        },
        {
            "type": "Ramp",
            "coeff": [
                0.618430041829481,
                0.9179091650449105
            ],
            "min_value": 0.037785403490046755,
            "max_value": 0.16330781660099197,
            "bounds": [
                [
                    5.516373558672798,
                    9.695875026936582
                ],
                [
                    6.5005466276782675,
                    7.999699079311462
                ]
            ],
            "active_dims": [
                0,
                1
            ]
        },
        {
            "type": "Sinus",
            "amplitudes": [
                0.5895250770482633,
                0.6186079318729996,
                0.32964001450759955,
                0.21365947013211004,
                0.14898426356343708
            ],
            "frequencies": [
                0.4960416209286971,
                0.43512503500392374,
                1.9245862182920628,
                0.8235273504876875,
                1.630458986728083
            ],
            "weight_vectors": [
                [
                    0.1297559465232826,
                    0.790812757790294
                ],
                [
                    0.561071777992272,
                    0.19042655169681044
                ],
                [
                    0.7305946559800179,
                    0.8310937325069937
                ],
                [
                    0.3714107903548025,
                    0.41282466942276363
                ],
                [
                    0.311278405892653,
                    0.6934522668704574
                ]
            ],
            "phases": [
                4.160032154442594,
                0.5412427411486577,
                4.592910842635756,
                2.9213795796105564,
                6.152766929382241
            ],
            "offset": -0.07755681553156818,
            "bounds": [
                [
                    6.885333380578844,
                    8.286868254050532
                ],
                [
                    0.5983246624756898,
                    4.336740036229761
                ]
            ],
            "minimum_value": 0.0,
            "active_dims": [
                0,
                1
            ]
        },
        {
            "type": "Ramp",
            "coeff": [
                0.3204804998046915,
                1.8865100727118636,
                1.2438604565860354
            ],
            "min_value": 0.011972602390594618,
            "max_value": 0.08977907562074766,
            "bounds": [
                [
                    2.776978498499401,
                    4.391654823872275
                ],
                [
                    1.2329539015936215,
                    8.599234397442224
                ],
                [
                    0.1827679859355761,
                    1.409564421853818
                ]
            ],
            "active_dims": [
                0,
                1,
                2
            ]
        },
        {
            "type": "Gaussian",
            "mean": [
                3.536032695939163,
                4.053693714858496
            ],
            "std_dev": [
                1.567157472738272,
                2.0492430430315323
            ],
            "max_amplitude": 0.1760752114472546,
            "active_dims": [
                1,
                2
            ]
        },
        {
            "type": "StaticHypercube",
            "dimensions": [
                [
                    1.3586680058566676,
                    2.9706152368754197
                ],
                [
                    4.261313640590761,
                    5.634223404914741
                ]
            ],
            "static_value": 0.14244238766850012,
            "active_dims": [
                0,
                1
            ]
        },
        {
            "type": "Gaussian",
            "mean": [
                5.954756753677389,
                8.490898949976003
            ],
            "std_dev": [
                2.6507287801270727,
                0.23725088761069157
            ],
            "max_amplitude": 0.3576950212885981,
            "active_dims": [
                0,
                2
            ]
        },
        {
            "type": "Ramp",
            "coeff": [
                0.12791453912196205
            ],
            "min_value": 0.08409930787901532,
            "max_value": 0.14197700724993823,
            "bounds": [
                [
                    2.023944809558884,
                    5.440962367968893
                ]
            ],
            "active_dims": [
                0
            ]
        },
        {
            "type": "Gaussian",
            "mean": [
                0.462370319663602,
                1.1177261106205871,
                2.9105516984021653
            ],
            "std_dev": [
                3.5245085735331725,
                3.872065821926604,
                2.6848807698903685
            ],
            "max_amplitude": 0.3091129798921952,
            "active_dims": [
                0,
                1,
                2
            ]
        }
    ],
    "stats": {
        "energy": 214693364.2801972,
        "bandwidth": 127,
        "mean": 0.17815803335463262,
        "std": 0.14378834198198967,
        "pct_over_06": 0.009953125,
        "pct_over_08": 0.001046875
    }
}