{
    "functions": [
        {
            "type": "Gaussian",
            "mean": [
                0.8746124891679041,
                0.5498569799034125,
                2.4949780749022454
            ],
            "std_dev": [
                2.543693284628557,
                2.7744536694754602,
                1.947290648961082
            ],
            "max_amplitude": 0.26573626827896357,
            "active_dims": [
                0,
                1,
                2
            ]
        },
        {
            "type": "Sinus",
            "amplitudes": [
                0.19054022157725406,
                0.14718091690526894,
                0.12692811321908218,
                0.11322758105114218,
                0.1532917062690058
            ],
            "frequencies": [
                0.17043249141467443,
                1.8310874153828323,
                0.7199477199373648,
                0.844320916876946,
                1.1003237614202
            ],
            "weight_vectors": [
                [
                    0.22398793091002367
                ],
                [
                    0.3068662389408212
                ],
                [
                    0.6361727055715383
                ],
                [
                    0.9457673980384107
                ],
                [
                    0.3427641047402141
                ]
            ],
            "phases": [
                4.243800139939614,
                6.274783981216628,
                1.3330794776507242,
                1.4634220450012125,
                3.1484993159699135
            ],
            "offset": -0.15262876272032405,
            "bounds": [
                [
                    2.167173582559732,
                    7.5381458253732285
                ]
            ],
            "minimum_value": 0.0,
            "active_dims": [
                1
            ]
        },
        {
            "type": "Gaussian",
            "mean": [
                7.2684022846267125,
                9.132384328165044
            ],
            "std_dev": [
                0.22896118226608111,
                1.7554530157817954
            ],
            "max_amplitude": 0.23551810465350528,
            "active_dims": [
                0,
                1
            ]
        },
        {
            "type": "Sinus",
            "amplitudes": [
                0.3740325744818446,
                0.129750827083237,
                0.16222005116317703
            ],
            "frequencies": [
                0.3159315965011318,
                1.4246067899930328,
                1.0149030844736258
            ],
            "weight_vectors": [
                [
                    0.9919469253826461,
                    0.9934483148611215,
                    0.5232359112333915
                ],
                [
                    0.12735391487868708,
                    0.14188741256633808,
                    0.318439877778093
                ],
                [
                    0.936839172842466,
                    0.7305423120794563,
                    0.7514897216086794
                ]
            ],
            "phases": [
                0.6551857597462936,
                6.1471089976194255,
                4.244672707242415
            ],
            "offset": 0.21238534281087176,
            "bounds": [
                [
                    5.652389488031442,
                    6.704599996830316
                ],
                [
                    8.297254434709465,
                    9.37315885515386
                ],
                [
                    4.488848522588636,
                    5.401941899227694
                ]
            ],
            "minimum_value": 0.0,
            "active_dims": [
                0,
                1,
                2
            ]
        },
        {
            "type": "Gaussian",
            "mean": [
                2.636621784047203
            ],
            "std_dev": [
                2.3448522177359385
            ],
            "max_amplitude": 0.2850103999688907,
            "active_dims": [
                0
            ]
        },
        {
            "type": "Ramp",
            "coeff": [
                1.9192957286047725
            ],
            "min_value": 0.18355928151544304,
            "max_value": 0.43495167548908553,
            "bounds": [
                [
                    3.3481823887085773,
                    4.774579385784411
                ]
            ],
            "active_dims": [
                1
            ]
        },
        {
            "type": "Sinus",
            "amplitudes": [
                0.1565351825879674,
                0.19923918354663198
            ],
            "frequencies": [
                1.2443217824568713,
                1.6057967423746824
            ],
            "weight_vectors": [
                [
                    0.26360767099641724
                ],
                [
                    0.8810716973587678
                ]
            ],
            "phases": [
                3.229178441350389,
                0.4654785034052173
            ],
            "offset": -0.016028655312235403,
            "bounds": [
                [
                    1.5948875133807754,
                    6.684867380618185
                ]
            ],
            "minimum_value": 0.0,
            "active_dims": [
                1
            ]
        },
        {
            "type": "Sinus",
            "amplitudes": [
                0.23553859982115385,
                0.13743568611283707,
                0.20193568789962055
            ],
            "frequencies": [
                1.2174567320232759,
                1.8549918211885323,
                1.1114237808882304
            ],
            "weight_vectors": [
                [
                    0.8896509349892645,
                    0.19512425698752223
                ],
                [
                    0.7392119539853353,
                    0.2419605638564053
                ],
                [
                    0.36351389709494075,
                    0.4345287666139557
                ]
            ],
            "phases": [
                3.249397245510963,
                0.009793611476213077,
                5.308440496457775
            ],
            "offset": 0.10937637568862196,
            "bounds": [
                [
                    2.415375467139176,
                    3.045015480358777
                ],
                [
                    0.4387960541325627,
                    2.767774510058333
                ]
            ],
            "minimum_value": 0.0,
            "active_dims": [
                0,
                2
            ]
        },
        {
            "type": "Sinus",
            "amplitudes": [
                0.20303526518431272,
                0.42994906213774026,
                0.2082753315310999,
                0.5352411671079654
            ],
            "frequencies": [
                1.8091698529572773,
                1.9404089347357085,
                1.790306565635412,
                0.6902980793332983
            ],
            "weight_vectors": [
                [
                    0.6340144582138344
                ],
                [
                    0.14221411916972737
                ],
                [
                    0.3704023801689734
                ],
                [
                    0.8990575485108405
                ]
            ],
            "phases": [
                0.7870283720823686,
                1.2593416829933974,
                3.152967827696811,
                6.2408675364443145
            ],
            "offset": 0.04617254960668065,
            "bounds": [
                [
                    8.591641932966262,
                    9.600878466339866
                ]
            ],