{
    "functions": [
        {
            "type": "Gaussian",
            "mean": [
                5.432646588997468
            ],
            "std_dev": [
                0.5597084609899265
            ],
            "max_amplitude": 0.17230777008598858,
            "active_dims": [
                2
            ]
        },
        {
            "type": "Gaussian",
            "mean": [
                7.6843510442284195
            ],
            "std_dev": [
                2.4293369703802785
            ],
            "max_amplitude": 0.17033306754009161,
            "active_dims": [
                2
            ]
        },
        {
            "type": "Gaussian",
            "mean": [
                9.441590442683033,
                8.023289415805493,
                8.239963710804211
            ],
            "std_dev": [
                2.0790100801469054,
                0.7189244410810863,
                0.3499516277381559
            ],
            "max_amplitude": 0.1438312038838583,
            "active_dims": [
                0,
                1,
                2
            ]
        },
        {
            "type": "Sinus",
            "amplitudes": [
                0.16193217601996596,
                0.11986898524544219,
                0.21257063205534513,
                0.09488527048455969,
                0.10196957375131555
            ],
            "frequencies": [
                1.478113583959928,
                0.8938089359845944,
                0.787431798311306,
                0.529216335730841,
                0.1882492145891967
            ],
            "weight_vectors": [
                [
                    0.5339892218092964,
                    0.73974036201168
                ],
                [
                    0.8889197998511946,
                    0.2557127839065366
                ],
                [
                    0.8589253826276451,
                    0.7672021134687924
                ],
                [
                    0.7701314854911429,
                    0.27386176790131145
                ],
                [
                    0.98974164054026,
                    0.1302450518401006
                ]
            ],
            "phases": [
                3.146493522608777,
                4.013790453458036,
                3.4307515546788383,
                2.2003662783854314,
                0.6448635383315539
            ],
            "offset": -0.07162396530601776,
            "bounds": [
                [
                    0.5971085696860564,
                    6.870472888571347
                ],
                [
                    2.0825768989219555,
                    7.336065388107389
                ]
            ],
            "minimum_value": 0.0,
            "active_dims": [
                0,
                2
            ]
        },
        {
            "type": "Gaussian",
            "mean": [
                4.179122415655839
            ],
            "std_dev": [
                2.879011700099401
            ],
            "max_amplitude": 0.15627283899981634,
            "active_dims": [
                2
            ]
        },
        {
            "type": "StaticHypercube",
            "dimensions": [
                [
                    0.6173775035443405,
                    2.750435142374479
                ],
                [
                    2.4794279070076426,
                    4.304538872193325
                ]
            ],
            "static_value": 0.20670024730225772,
            "active_dims": [
                0,
                2
            ]
        },
        {
            "type": "StaticHypercube",
            "dimensions": [
                [
                    0.6350875595581438,
                    4.344519176942935
                ],
                [
                    3.16044837825957,
                    3.86797672777989
                ]
            ],
            "static_value": 0.04039430668928051,
            "active_dims": [
                1,
                2
            ]
        },
        {
            "type": "Ramp",
            "coeff": [
                0.26921029231336036,
                0.776735861047976
            ],
            "min_value": 0.0954098139240246,
            "max_value": 0.26368703775419117,
            "bounds": [
                [
                    1.9121302186868006,
                    5.606211354862802
                ],
                [
                    4.45321009237329,
                    7.358479752412007
                ]
            ],
            "active_dims": [
                1,
                2
            ]
        },
        {
            "type": "Gaussian",
            "mean": [
                2.3379405119110763
            ],
            "std_dev": [
                3.293244922241908
            ],
            "max_amplitude": 0.1322067483813552,
            "active_dims": [
                2
            ]
        }
    ],
    "stats": {
        "energy": 572290271.3943571,
        "bandwidth": 13,
        "mean": 0.3411863646329388,
        "std": 0.15267995653718716,
        "pct_over_06": 0.0755,
        "pct_over_08": 0.0096875
    }
}