{
    "functions": [
        {
            "type": "Ramp",
            "coeff": [
                0.44522403306652425,
                1.2556959614451648
            ],
            "min_value": 0.03952258192860313,
            "max_value": 0.16678516376061947,
            "bounds": [
                [
                    0.7246391262442948,
                    5.092655335009174
                ],
                [
                    3.897057500055519,
                    6.131848520005402
                ]
            ],
            "active_dims": [
                0,
                1
            ]
        },
        {
            "type": "Sinus",
            "amplitudes": [
                0.062065530779736734,
                0.078612971698474,
                0.04717025055457084,
                0.23393802915685286
            ],
            "frequencies": [
                0.10529374015402276,
                0.25003646424274806,
                1.0333838196481497,
                0.5349522451167955
            ],
            "weight_vectors": [
                [
                    0.89234249909152,
                    0.14042246292455263,
                    0.3586372299140188
                ],
                [
                    0.443466554238944,
                    0.49526051403114757,
                    0.3742351431219334
                ],
                [
                    0.3198002618882778,
                    0.9479496331713275,
                    0.7881435893814622
                ],
                [
                    0.9872447345305175,
                    0.26911232770243343,
                    0.21951471075224038
                ]
            ],
            "phases": [
                6.251087221563778,
                3.2293899920878117,
                5.942605486956012,
                5.237075887425162
            ],
            "offset": 0.15056567326894324,
            "bounds": [
                [
                    0.5402387745122831,
                    8.65682405026967
                ],
                [
                    4.707870735824054,
                    5.174445633138744
                ],
                [
                    6.333903584209722,
                    7.934898495592305
                ]
            ],
            "minimum_value": 0.0,
            "active_dims": [
                0,
                1,
                2
            ]
        },
        {
            "type": "Ramp",
            "coeff": [
                1.5631388017250596
            ],
            "min_value": 0.007446127224194452,
            "max_value": 0.20217976104031418,
            "bounds": [
                [
                    0.41847207770084555,
                    1.7958043610635488
                ]
            ],
            "active_dims": [
                0
            ]
        },
        {
            "type": "Sinus",
            "amplitudes": [
                0.14846255635200137,
                0.14000617187434475
            ],
            "frequencies": [
                0.4287559422144863,
                0.9023055325224763
            ],
            "weight_vectors": [
                [
                    0.4057000394665662,
                    0.021949524862519665
                ],
                [
                    0.005192725984985658,
                    0.16226861140538418
                ]
            ],
            "phases": [
                3.0113040362644585,
                3.1541477239541473
            ],
            "offset": -0.1681383296925559,
            "bounds": [
                [
                    6.854140041600831,
                    8.69581929917185
                ],
                [
                    3.210982991776478,
                    6.637179630692408
                ]
            ],
            "minimum_value": 0.0,
            "active_dims": [
                1,
                2
            ]
        },
        {
            "type": "Gaussian",
            "mean": [
                9.568846278949707,
                0.42101608107573796
            ],
            "std_dev": [
                2.5189747644209963,
                2.2891263976194516
            ],
            "max_amplitude": 0.2683314365677755,
            "active_dims": [
                0,
                1
            ]
        },
        {
            "type": "Gaussian",
            "mean": [
                5.956917079064114
            ],
            "std_dev": [
                1.8239716534531445
            ],
            "max_amplitude": 0.22180596499115524,
            "active_dims": [
                1
            ]
        },
        {
            "type": "Gaussian",
            "mean": [
                9.826853241357997,
                5.68169538716612
            ],
            "std_dev": [
                2.1511440299427207,
                3.639225304916474
            ],
            "max_amplitude": 0.12017505417517554,
            "active_dims": [
                0,
                2
            ]
        },
        {
            "type": "Gaussian",
            "mean": [
                2.009048628130766,
                2.452463955320159
            ],
            "std_dev": [
                1.5416249175675925,
                2.195246817513819
            ],
            "max_amplitude": 0.30089581798383036,
            "active_dims": [
                1,
                2
            ]
        },
        {
            "type": "Ramp",
            "coeff": [
                0.7897836402576157,
                0.5077934138839142
            ],
            "min_value": 0.1915911460777232,
            "max_value": 0.4175680294140996,
            "bounds": [
                [
                    4.151035373511715,
                    9.57423494079155
                ],
                [
                    0.5190414293565163,
                    4.176207241194295
                ]
            ],
            "active_dims": [
                0,
                2
            ]
        }
    ],
    "stats": {
        "energy": 489940216.90375,
        "bandwidth": 31,
        "mean": 0.2875219513868615,
        "std": 0.19221196174590266,
        "pct_over_06": 0.083234375,
        "pct_over_08": 0.0213125
    }
}