{
    "functions": [
        {
            "type": "Sinus",
            "amplitudes": [
                0.1738003744166323,
                0.19374507295890867,
                0.17966861007437607
            ],
            "frequencies": [
                0.5254496448640071,
                1.4730733252845394,
                1.6889447696936095
            ],
            "weight_vectors": [
                [
                    0.5564122233234722,
                    0.9766933964855147
                ],
                [
                    0.5086629774520669,
                    0.18428428198050073
                ],
                [
                    0.6141270359227073,
                    0.9282220193026515
                ]
            ],
            "phases": [
                2.247403272720247,
                2.0563058895821165,
                0.5979045090434189
            ],
            "offset": -0.15522928519646065,
            "bounds": [
                [
                    1.7763691706890736,
                    3.1025278771891904
                ],
                [
                    5.846525052721355,
                    8.836301062480137
                ]
            ],
            "minimum_value": 0.0,
            "active_dims": [
                1,
                2
            ]
        },
        {
            "type": "Sinus",
            "amplitudes": [
                0.23472775702147397
            ],
            "frequencies": [
                1.9181132660478042
            ],
            "weight_vectors": [
                [
                    0.1628144275600093,
                    0.42957360880982265
                ]
            ],
            "phases": [
                5.016833102327632
            ],
            "offset": 0.039063423264661494,
            "bounds": [
                [
                    4.946499089295119,
                    6.489777235029496
                ],
                [
                    3.7753957101884206,
                    8.341137742618937
                ]
            ],
            "minimum_value": 0.0,
            "active_dims": [
                0,
                2
            ]
        },
        {
            "type": "Ramp",
            "coeff": [
                0.049037014938322576,
                1.4445812608903807
            ],
            "min_value": 0.08599532591552,
            "max_value": 0.211865767573459,
            "bounds": [
                [
                    4.703256477525375,
                    9.757790385942068
                ],
                [
                    2.256736794644995,
                    4.093862081879312
                ]
            ],
            "active_dims": [
                0,
                1
            ]
        },
        {
            "type": "Gaussian",
            "mean": [
                6.606372013674765,
                0.13047431016882327
            ],
            "std_dev": [
                1.0712441781734934,
                3.777577723120023
            ],
            "max_amplitude": 0.2238572653931071,
            "active_dims": [
                1,
                2
            ]
        },
        {
            "type": "Gaussian",
            "mean": [
                8.018653796952663
            ],
            "std_dev": [
                0.7898508746047477
            ],
            "max_amplitude": 0.2623710216673084,
            "active_dims": [
                2
            ]
        },
        {
            "type": "Sinus",
            "amplitudes": [
                0.2837835569349343
            ],
            "frequencies": [
                1.8814832946354627
            ],
            "weight_vectors": [
                [
                    0.7699875523385508,
                    0.17648344850362008
                ]
            ],
            "phases": [
                5.59354366210828
            ],
            "offset": 0.18592796067619635,
            "bounds": [
                [
                    3.9288287640637507,
                    9.53584722071112
                ],
                [
                    6.555435996346666,
                    8.243234880363518
                ]
            ],
            "minimum_value": 0.0,
            "active_dims": [
                0,
                2
            ]
        },
        {
            "type": "Gaussian",
            "mean": [
                8.753475663358184
            ],
            "std_dev": [
                1.6604440088377168
            ],
            "max_amplitude": 0.14262360567802004,
            "active_dims": [
                0
            ]
        },
        {
            "type": "Gaussian",
            "mean": [
                3.1969155785813106
            ],
            "std_dev": [
                1.7265727500359622
            ],
            "max_amplitude": 0.07345286491738406,
            "active_dims": [
                2
            ]
        },
        {
            "type": "Ramp",
            "coeff": [
                0.9061078247222984,
                1.6759485970466839
            ],
            "min_value": 0.10168328863257628,
            "max_value": 0.25361819432417493,
            "bounds": [
                [
                    2.2713622544910694,
                    4.948735772402989
                ],
                [
                    1.244404628287402,
                    3.64865792751369
                ]
            ],
            "active_dims": [
                0,
                1
            ]
        }
    ],
    "stats": {
        "energy": 285190946.46592987,
        "bandwidth": 112,
        "mean": 0.2122626877273113,
        "std": 0.15675218439725686,
        "pct_over_06": 0.031953125,
        "pct_over_08": 0.007859375
    }
}