{
    "functions": [
        {
            "type": "Ramp",
            "coeff": [
                1.7168420000951017,
                1.5915828972728951
            ],
            "min_value": 0.1428821371674814,
            "max_value": 0.23788871166107123,
            "bounds": [
                [
                    2.6158177569052414,
                    6.0205525256431045
                ],
                [
                    3.6342930453379805,
                    7.285542421204159
                ]
            ],
            "active_dims": [
                0,
                1
            ]
        },
        {
            "type": "StaticHypercube",
            "dimensions": [
                [
                    4.008245487673832,
                    9.281230071206453
                ],
                [
                    3.0262241346847167,
                    8.447615369545169
                ]
            ],
            "static_value": 0.032285028796912654,
            "active_dims": [
                0,
                1
            ]
        },
        {
            "type": "Sinus",
            "amplitudes": [
                0.17474318383659532,
                0.19243917688353504,
                0.21560219368614408
            ],
            "frequencies": [
                1.553562209151926,
                1.6177750966407114,
                0.1165189321494558
            ],
            "weight_vectors": [
                [
                    0.8043841063071326,
                    0.5489319476047181
                ],
                [
                    0.9987266035007643,
                    0.37898241463703775
                ],
                [
                    0.8662119294410349,
                    0.27537984223053535
                ]
            ],
            "phases": [
                4.393237465868498,
                2.0832297158241966,
                0.21883851788185724
            ],
            "offset": -0.056183715283616084,
            "bounds": [
                [
                    3.3873840872583734,
                    7.872009261025546
                ],
                [
                    4.181536658115666,
                    8.755339033615986
                ]
            ],
            "minimum_value": 0.0,
            "active_dims": [
                0,
                1
            ]
        },
        {
            "type": "Ramp",
            "coeff": [
                1.9884444664101089,
                0.31743596422471665
            ],
            "min_value": 0.044025040041599975,
            "max_value": 0.2175596430270909,
            "bounds": [
                [
                    1.4575801335265934,
                    6.808833352723313
                ],
                [
                    1.7142971090615138,
                    8.56978952645148
                ]
            ],
            "active_dims": [
                0,
                1
            ]
        },
        {
            "type": "Ramp",
            "coeff": [
                0.2532831474406174
            ],
            "min_value": 0.05020763172512165,
            "max_value": 0.20493384686154514,
            "bounds": [
                [
                    5.319727572863884,
                    6.9984403074221255
                ]
            ],
            "active_dims": [
                2
            ]
        },
        {
            "type": "Sinus",
            "amplitudes": [
                0.21058355295287665,
                0.27362754991896476,
                0.14245822123900082
            ],
            "frequencies": [
                0.5154937818822891,
                0.9840576602209244,
                1.2702286745193072
            ],
            "weight_vectors": [
                [
                    0.7527306664814937,
                    0.6147867800095592,
                    0.21845465612656167
                ],
                [
                    0.5507776565179537,
                    0.07581687394099446,
                    0.20564805503206562
                ],
                [
                    0.549993200875317,
                    0.8149233576422384,
                    0.49075666526991946
                ]
            ],
            "phases": [
                4.199178859242828,
                4.5191648656269985,
                4.517406774061559
            ],
            "offset": -0.04954681672103008,
            "bounds": [
                [
                    0.48018324183786665,
                    2.5432984115814516
                ],
                [
                    0.9898926454060963,
                    3.6395238231076217
                ],
                [
                    3.73593126343645,
                    9.340609657766958
                ]
            ],
            "minimum_value": 0.0,
            "active_dims": [
                0,
                1,
                2
            ]
        },
        {
            "type": "Gaussian",
            "mean": [
                7.300784822904567,
                2.4326824840138963
            ],
            "std_dev": [
                2.8561565123304966,
                3.807847557158906
            ],
            "max_amplitude": 0.10914577963828545,
            "active_dims": [
                0,
                2
            ]
        },
        {
            "type": "Gaussian",
            "mean": [
                2.9741130633096438,
                1.7730762548375312
            ],
            "std_dev": [
                1.4955398280249264,
                1.1780515477132112
            ],
            "max_amplitude": 0.176105298584288,
            "active_dims": [
                0,
                1
            ]
        },
        {
            "type": "Gaussian",
            "mean": [
                1.5326383542300837,
                0.7400560453471339
            ],
            "std_dev": [
                2.986791627266879,
                2.7766105286459153
            ],
            "max_amplitude": 0.08577112224269626,
            "active_dims": [
                0,
                1
            ]
        }
    ],
    "stats": {
        "energy": 314762050.5501565,
        "bandwidth": 48,
        "mean": 0.2065812898612083,
        "std": 0.18485230435911862,
        "pct_over_06": 0.05471875,
        "pct_over_08": 0.011734375
    }
}