{
    "functions": [
        {
            "type": "Sinus",
            "amplitudes": [
                0.3399156789720749,
                0.1489705626451072,
                0.33877618528631065
            ],
            "frequencies": [
                0.16557497710957114,
                0.8255661385117106,
                0.4764476964648793
            ],
            "weight_vectors": [
                [
                    0.4169504930159462,
                    0.39950843463064567,
                    0.10890219765348053
                ],
                [
                    0.5876605862759934,
                    0.26557135436815726,
                    0.5837705394440758
                ],
                [
                    0.7145616194143458,
                    0.9369088641450516,
                    0.6585416466666628
                ]
            ],
            "phases": [
                3.9426375717241093,
                2.597550450456455,
                1.24774438775028
            ],
            "offset": -0.36004901819106966,
            "bounds": [
                [
                    0.06099100946231798,
                    5.708998537700186
                ],
                [
                    1.0997734926250804,
                    4.090643349856815
                ],
                [
                    1.992639678814268,
                    2.866279466234541
                ]
            ],
            "minimum_value": 0.0,
            "active_dims": [
                0,
                1,
                2
            ]
        },
        {
            "type": "Sinus",
            "amplitudes": [
                0.22416023891488537,
                0.21773132512996698
            ],
            "frequencies": [
                1.610660399918323,
                1.5430175142315987
            ],
            "weight_vectors": [
                [
                    0.9196541369480536,
                    0.4588476508738075,
                    0.2927165940090021
                ],
                [
                    0.7456195993659217,
                    0.5965529951249474,
                    0.5502075191182496
                ]
            ],
            "phases": [
                3.9303685124015675,
                2.809032959394249
            ],
            "offset": 0.2773198978647186,
            "bounds": [
                [
                    6.588852841332021,
                    8.088549948469524
                ],
                [
                    0.41392204797929655,
                    2.245486805164313
                ],
                [
                    3.342492355886173,
                    4.876080924858058
                ]
            ],
            "minimum_value": 0.0,
            "active_dims": [
                0,
                1,
                2
            ]
        },
        {
            "type": "Ramp",
            "coeff": [
                0.6445274999134505,
                0.2680722397022921
            ],
            "min_value": 0.1456430370850318,
            "max_value": 0.479350791119723,
            "bounds": [
                [
                    7.6715609751080835,
                    8.822947307012
                ],
                [
                    3.6013230551471698,
                    9.576535797794866
                ]
            ],
            "active_dims": [
                1,
                2
            ]
        },
        {
            "type": "StaticHypercube",
            "dimensions": [
                [
                    3.466746515572102,
                    6.827583077110612
                ],
                [
                    4.665670938820264,
                    7.162909407316274
                ]
            ],
            "static_value": 0.03938193527417174,
            "active_dims": [
                0,
                2
            ]
        },
        {
            "type": "StaticHypercube",
            "dimensions": [
                [
                    4.649777661677355,
                    9.76505538318037
                ],
                [
                    0.4247457116007064,
                    6.583247208551845
                ]
            ],
            "static_value": 0.49550040695789893,
            "active_dims": [
                0,
                1
            ]
        },
        {
            "type": "Gaussian",
            "mean": [
                0.46842132851022233,
                6.347475991467303
            ],
            "std_dev": [
                0.12521378023720706,
                0.612114224285856
            ],
            "max_amplitude": 0.22527000255663762,
            "active_dims": [
                0,
                2
            ]
        },
        {
            "type": "StaticHypercube",
            "dimensions": [
                [
                    4.634186332020234,
                    5.797562691409194
                ]
            ],
            "static_value": 0.19968788413206054,
            "active_dims": [
                2
            ]
        },
        {
            "type": "StaticHypercube",
            "dimensions": [
                [
                    3.3310983419966167,
                    4.937622517964725
                ],
                [
                    5.644319665046374,
                    9.129849586219676
                ],
                [
                    7.21361313549383,
                    8.409497007619603
                ]
            ],
            "static_value": 0.26542977363586884,
            "active_dims": [
                0,
                1,
                2
            ]
        },
        {
            "type": "Gaussian",
            "mean": [
                2.796150830397963,
                6.362983696733648,
                0.8107059931368388
            ],
            "std_dev": [
                0.3583371717961067,
                3.0772217305645295,
                3.8824542460267524
            ],
            "max_amplitude": 0.4970232966139757,
            "active_dims": [
                0,
                1,
                2
            ]
        }
    ],
    "stats": {
        "energy": 430342548.1670301,
        "bandwidth": 94,
        "mean": 0.21269106011640057,
        "std": 0.2445947906643823,
        "pct_over_06": 0.063765625,
        "pct_over_08": 0.000609375
    }
}