{
    "functions": [
        {
            "type": "Sinus",
            "amplitudes": [
                0.27468646187946044,
                0.18095358981272994,
                0.261627454862952,
                0.28795205777785166
            ],
            "frequencies": [
                1.5575172037501943,
                1.4493591544930435,
                1.2609624087543192,
                0.17690640556337717
            ],
            "weight_vectors": [
                [
                    0.05422724019928493
                ],
                [
                    0.7008400844365799
                ],
                [
                    0.4633680361692619
                ],
                [
                    0.05836090866224086
                ]
            ],
            "phases": [
                3.4136779407744813,
                5.6520752997910995,
                4.55957767900941,
                4.8267152437190495
            ],
            "offset": 0.1092549007457382,
            "bounds": [
                [
                    7.734998919281729,
                    8.815676606358192
                ]
            ],
            "minimum_value": 0.0,
            "active_dims": [
                0
            ]
        },
        {
            "type": "Gaussian",
            "mean": [
                1.4424675936414733,
                7.644502417679689
            ],
            "std_dev": [
                2.4232897881990554,
                0.417363083269654
            ],
            "max_amplitude": 0.18237977669866423,
            "active_dims": [
                0,
                2
            ]
        },
        {
            "type": "Gaussian",
            "mean": [
                5.3768781494142095
            ],
            "std_dev": [
                2.0884848624141212
            ],
            "max_amplitude": 0.12882162240882525,
            "active_dims": [
                0
            ]
        },
        {
            "type": "Sinus",
            "amplitudes": [
                0.18932053787073697,
                0.07544673484899332
            ],
            "frequencies": [
                0.9993253198632677,
                1.1293130293974887
            ],
            "weight_vectors": [
                [
                    0.5184397354999396,
                    0.7543030213901224
                ],
                [
                    0.27008293044604226,
                    0.27707624431652655
                ]
            ],
            "phases": [
                4.652926363414525,
                1.1934706537739368
            ],
            "offset": -0.143994893757561,
            "bounds": [
                [
                    6.72356916215869,
                    7.203612242695947
                ],
                [
                    0.09604249008487588,
                    7.16319720568707
                ]
            ],
            "minimum_value": 0.0,
            "active_dims": [
                1,
                2
            ]
        },
        {
            "type": "StaticHypercube",
            "dimensions": [
                [
                    0.303874593893128,
                    1.5125808012295785
                ]
            ],
            "static_value": 0.027095825184201755,
            "active_dims": [
                1
            ]
        },
        {
            "type": "StaticHypercube",
            "dimensions": [
                [
                    7.817550763436629,
                    8.758541032873454
                ]
            ],
            "static_value": 0.20412035470591597,
            "active_dims": [
                1
            ]
        },
        {
            "type": "Ramp",
            "coeff": [
                1.5369357988351708,
                0.7402877540772734
            ],
            "min_value": 0.13739975201946808,
            "max_value": 0.31916102129791785,
            "bounds": [
                [
                    1.5426308306810617,
                    4.132569060896739
                ],
                [
                    0.4203913445752746,
                    1.9375087538434967
                ]
            ],
            "active_dims": [
                1,
                2
            ]
        },
        {
            "type": "Sinus",
            "amplitudes": [
                0.22269215254899954,
                0.08257962672140932,
                0.08431258812258281
            ],
            "frequencies": [
                0.40341085192796056,
                0.38906671549363514,
                1.058537746830545
            ],
            "weight_vectors": [
                [
                    0.29906775702060784
                ],
                [
                    0.07439826499244095
                ],
                [
                    0.6915966628654758
                ]
            ],
            "phases": [
                0.28254391201627205,
                2.8529541123158313,
                4.1480014181184215
            ],
            "offset": 0.09545695136893365,
            "bounds": [
                [
                    0.15929013837221837,
                    3.1488725122694103
                ]
            ],
            "minimum_value": 0.0,
            "active_dims": [
                1
            ]
        },
        {
            "type": "StaticHypercube",
            "dimensions": [
                [
                    1.2386906322382292,
                    6.306569291172035
                ]
            ],
            "static_value": 0.3200040814510705,
            "active_dims": [
                0
            ]
        }
    ],
    "stats": {
        "energy": 687373093.3642762,
        "bandwidth": 8,
        "mean": 0.34187375112375196,
        "std": 0.22569456111017094,
        "pct_over_06": 0.1514375,
        "pct_over_08": 0.01215625
    }
}