{
    "functions": [
        {
            "type": "Sinus",
            "amplitudes": [
                0.17723303084297864,
                0.2434579913921076,
                0.19615359864660425,
                0.11620278488421738
            ],
            "frequencies": [
                1.7280743262401057,
                0.2778809916990016,
                1.032754275630086,
                0.6371048910242604
            ],
            "weight_vectors": [
                [
                    0.03245902930234201,
                    0.26682949344096274,
                    0.3660498583642833
                ],
                [
                    0.9684719406290724,
                    0.36580802426402415,
                    0.48388806423605435
                ],
                [
                    0.19819739171635187,
                    0.9149364989375494,
                    0.21358491634658494
                ],
                [
                    0.8441922174254892,
                    0.05218182530283322,
                    0.23213351521986214
                ]
            ],
            "phases": [
                0.84477948248154,
                1.666787913372559,
                4.724124239311624,
                5.239897661209281
            ],
            "offset": -0.0004693864030188776,
            "bounds": [
                [
                    0.45414263342339245,
                    4.194561784628526
                ],
                [
                    2.6874789487352078,
                    4.282932205357489
                ],
                [
                    2.4074989386922225,
                    3.6794002321232133
                ]
            ],
            "minimum_value": 0.0,
            "active_dims": [
                0,
                1,
                2
            ]
        },
        {
            "type": "Gaussian",
            "mean": [
                3.589824730977683
            ],
            "std_dev": [
                2.1917434922817733
            ],
            "max_amplitude": 0.24120654495602342,
            "active_dims": [
                2
            ]
        },
        {
            "type": "Ramp",
            "coeff": [
                0.0822026248651877,
                1.4876442150693439,
                1.9057633224414572
            ],
            "min_value": 0.18418533451265937,
            "max_value": 0.41936878078811207,
            "bounds": [
                [
                    3.394821753862334,
                    4.773243639056457
                ],
                [
                    6.743950831343899,
                    7.644459585837714
                ],
                [
                    0.7704106518214677,
                    5.549084219521689
                ]
            ],
            "active_dims": [
                0,
                1,
                2
            ]
        },
        {
            "type": "Gaussian",
            "mean": [
                5.460687552310073,
                0.7375458425832604,
                2.9405326689944933
            ],
            "std_dev": [
                0.5145236148512994,
                2.0467727528278084,
                1.7802627452810946
            ],
            "max_amplitude": 0.11241091361819273,
            "active_dims": [
                0,
                1,
                2
            ]
        },
        {
            "type": "Sinus",
            "amplitudes": [
                0.1075525268055753,
                0.18451368232357573,
                0.2199272979848555
            ],
            "frequencies": [
                1.6759049383833657,
                1.5094026382712944,
                1.2241989621640907
            ],
            "weight_vectors": [
                [
                    0.9812362189247529,
                    0.38604914742267626
                ],
                [
                    0.20103797445081073,
                    0.10444798880890149
                ],
                [
                    0.28277434361544307,
                    0.08005388427905313
                ]
            ],
            "phases": [
                0.49723230149741504,
                2.909761672289786,
                4.958609675498535
            ],
            "offset": -0.1829976840952639,
            "bounds": [
                [
                    4.374704271730296,
                    8.358610660379771
                ],
                [
                    6.375233741733954,
                    8.37375699140807
                ]
            ],
            "minimum_value": 0.0,
            "active_dims": [
                0,
                2
            ]
        },
        {
            "type": "Gaussian",
            "mean": [
                9.70594128589779,
                6.596026350087044
            ],
            "std_dev": [
                3.7485239806263975,
                3.347215987453169
            ],
            "max_amplitude": 0.1462969948479313,
            "active_dims": [
                1,
                2
            ]
        },
        {
            "type": "StaticHypercube",
            "dimensions": [
                [
                    1.4932222435759483,
                    6.300567730495975
                ]
            ],
            "static_value": 0.09887031098701797,
            "active_dims": [
                1
            ]
        },
        {
            "type": "Ramp",
            "coeff": [
                1.3189897383224,
                1.2705383149165856,
                0.07111918210103685
            ],
            "min_value": 0.07774766910581367,
            "max_value": 0.22615621225016627,
            "bounds": [
                [
                    1.2872472373108532,
                    2.2420615745046875
                ],
                [
                    1.8188797321710588,
                    4.777359727510349
                ],
                [
                    7.972143343972282,
                    9.841905221952976
                ]
            ],
            "active_dims": [
                0,
                1,
                2
            ]
        },
        {
            "type": "StaticHypercube",
            "dimensions": [
                [
                    2.3845738766113818,
                    4.982989907612854
                ],
                [
                    6.295899767433884,
                    7.935709775919451
                ],
                [
                    2.382930524491898,
                    7.3226450862529155
                ]
            ],
            "static_value": 0.20639168389228327,
            "active_dims": [
                0,
                1,
                2
            ]
        }
    ],
    "stats": {
        "energy": 269826698.7249175,
        "bandwidth": 5,
        "mean": 0.2280325736324711,
        "std": 0.1177998481787633,
        "pct_over_06": 0.00859375,
        "pct_over_08": 0.0028125
    }
}