{
    "functions": [
        {
            "type": "Sinus",
            "amplitudes": [
                0.1659193204035612,
                0.16455519970556573
            ],
            "frequencies": [
                0.12723725460339308,
                0.2717003246598966
            ],
            "weight_vectors": [
                [
                    0.5225965547148727
                ],
                [
                    0.07754031666102801
                ]
            ],
            "phases": [
                0.6435964561339677,
                5.9524534299777585
            ],
            "offset": 0.05955239850585034,
            "bounds": [
                [
                    3.9246399748348355,
                    6.541039599179057
                ]
            ],
            "minimum_value": 0.0,
            "active_dims": [
                1
            ]
        },
        {
            "type": "Ramp",
            "coeff": [
                1.6547235173400388,
                0.38556696249612776
            ],
            "min_value": 0.18251689926788411,
            "max_value": 0.39803410813479745,
            "bounds": [
                [
                    2.6527970568571293,
                    7.637703451259639
                ],
                [
                    4.138685264765381,
                    6.495801769464393
                ]
            ],
            "active_dims": [
                0,
                2
            ]
        },
        {
            "type": "Sinus",
            "amplitudes": [
                0.2666771165234606,
                0.15348186662969382,
                0.17259423976699625,
                0.11193120265945777
            ],
            "frequencies": [
                1.4980499252975856,
                1.5822881975242733,
                0.4989204850744311,
                0.8712305136060742
            ],
            "weight_vectors": [
                [
                    0.899032302641813
                ],
                [
                    0.979163620441914
                ],
                [
                    0.1571263640300401
                ],
                [
                    0.21499682922214103
                ]
            ],
            "phases": [
                4.33834603291721,
                1.3226283999974595,
                0.827843626002903,
                3.0609932519111793
            ],
            "offset": -0.067245724870713,
            "bounds": [
                [
                    1.013333774810946,
                    2.517440514460332
                ]
            ],
            "minimum_value": 0.0,
            "active_dims": [
                1
            ]
        },
        {
            "type": "Ramp",
            "coeff": [
                1.6203782309286783
            ],
            "min_value": 0.0002896047067210808,
            "max_value": 0.22309448049696945,
            "bounds": [
                [
                    2.3552042948704157,
                    7.029404475982557
                ]
            ],
            "active_dims": [
                1
            ]
        },
        {
            "type": "Gaussian",
            "mean": [
                2.8932814419916353
            ],
            "std_dev": [
                0.9183444401062287
            ],
            "max_amplitude": 0.2163648866444424,
            "active_dims": [
                2
            ]
        },
        {
            "type": "Gaussian",
            "mean": [
                6.512740353839023,
                2.0787718041102012
            ],
            "std_dev": [
                1.5909412394131683,
                2.823195615254326
            ],
            "max_amplitude": 0.15256974020165404,
            "active_dims": [
                0,
                1
            ]
        },
        {
            "type": "StaticHypercube",
            "dimensions": [
                [
                    3.9492253629697034,
                    7.076770893477647
                ]
            ],
            "static_value": 0.0587535225408466,
            "active_dims": [
                2
            ]
        },
        {
            "type": "Gaussian",
            "mean": [
                4.937702973480356,
                3.245600005201
            ],
            "std_dev": [
                2.521810190170635,
                1.3504063162000561
            ],
            "max_amplitude": 0.21789664873243503,
            "active_dims": [
                1,
                2
            ]
        },
        {
            "type": "Sinus",
            "amplitudes": [
                0.1364801427655894,
                0.1801706405817787
            ],
            "frequencies": [
                1.4942943343471555,
                1.4505265394173696
            ],
            "weight_vectors": [
                [
                    0.49796091592354796,
                    0.8297344162141062
                ],
                [
                    0.5824366836036329,
                    0.6958010466733211
                ]
            ],
            "phases": [
                3.237142914190102,
                0.6859283463940228
            ],
            "offset": -0.16426483265474098,
            "bounds": [
                [
                    4.3173663848137425,
                    7.045646444248769
                ],
                [
                    0.31147951281082353,
                    3.481027513088743
                ]
            ],
            "minimum_value": 0.0,
            "active_dims": [
                1,
                2
            ]
        }
    ],
    "stats": {
        "energy": 492801241.7047773,
        "bandwidth": 25,
        "mean": 0.2734730851695549,
        "std": 0.2133665269868398,
        "pct_over_06": 0.08725,
        "pct_over_08": 0.016921875
    }
}