{
    "functions": [
        {
            "type": "Gaussian",
            "mean": [
                4.719642798533875,
                6.072396190889559,
                9.974186240457772
            ],
            "std_dev": [
                0.9804707437008016,
                0.6918946105090072,
                1.899909800026218
            ],
            "max_amplitude": 0.26453071337689654,
            "active_dims": [
                0,
                1,
                2
            ]
        },
        {
            "type": "StaticHypercube",
            "dimensions": [
                [
                    0.7007350082097341,
                    4.037838039314082
                ],
                [
                    0.7795223055395525,
                    3.475851700054075
                ],
                [
                    0.306379903050398,
                    6.918169642657872
                ]
            ],
            "static_value": 0.17647974534305866,
            "active_dims": [
                0,
                1,
                2
            ]
        },
        {
            "type": "Ramp",
            "coeff": [
                0.2988729031430206,
                0.7486333313958142
            ],
            "min_value": 0.16137854583275604,
            "max_value": 0.2412428817709648,
            "bounds": [
                [
                    4.611731540236622,
                    9.45339904041267
                ],
                [
                    2.5304177111601094,
                    4.5215179070634415
                ]
            ],
            "active_dims": [
                0,
                2
            ]
        },
        {
            "type": "Sinus",
            "amplitudes": [
                0.10964360149765785,
                0.06778449335818097,
                0.19996859790038146,
                0.17167549212038727,
                0.16490403103081078
            ],
            "frequencies": [
                1.408331571975012,
                1.7460403925421273,
                1.7257234758221518,
                1.1425571844883202,
                0.986286720443099
            ],
            "weight_vectors": [
                [
                    0.9735456183247698,
                    0.5903446841036943,
                    0.6488653766664095
                ],
                [
                    0.5112191228134906,
                    0.7548291281372806,
                    0.08607238316821553
                ],
                [
                    0.6558885355390911,
                    0.9846885153198607,
                    0.7833796027284798
                ],
                [
                    0.11154677429882343,
                    0.13693341997527542,
                    0.24066711280670638
                ],
                [
                    0.13127012222479917,
                    0.3717905342083194,
                    0.9993397810152981
                ]
            ],
            "phases": [
                0.5089068212555574,
                3.3453450130271944,
                4.675109448670266,
                4.117531739295837,
                6.175661297883656
            ],
            "offset": -0.0015490138069834663,
            "bounds": [
                [
                    4.301852844234732,
                    4.913048532243206
                ],
                [
                    6.981034594632404,
                    9.647871199975006
                ],
                [
                    2.586252535383845,
                    7.7140307601361195
                ]
            ],
            "minimum_value": 0.0,
            "active_dims": [
                0,
                1,
                2
            ]
        },
        {
            "type": "StaticHypercube",
            "dimensions": [
                [
                    6.538608213751175,
                    8.52760162899354
                ],
                [
                    0.7407421727832201,
                    4.476941305357992
                ],
                [
                    3.6296626880685956,
                    8.970970958114243
                ]
            ],
            "static_value": 0.2199140933475348,
            "active_dims": [
                0,
                1,
                2
            ]
        },
        {
            "type": "StaticHypercube",
            "dimensions": [
                [
                    0.9580282143855198,
                    3.987961857230266
                ]
            ],
            "static_value": 0.266724705493051,
            "active_dims": [
                1
            ]
        },
        {
            "type": "StaticHypercube",
            "dimensions": [
                [
                    3.2239699102777575,
                    7.894414756665663
                ]
            ],
            "static_value": 0.16411489981974756,
            "active_dims": [
                1
            ]
        },
        {
            "type": "Gaussian",
            "mean": [
                6.4366870873711965,
                2.8567866227377037
            ],
            "std_dev": [
                2.8831214468151143,
                2.527878189891335
            ],
            "max_amplitude": 0.33806603011723946,
            "active_dims": [
                0,
                2
            ]
        },
        {
            "type": "Ramp",
            "coeff": [
                0.7253890554881997,
                0.47981505460080864,
                1.9353194119772708
            ],
            "min_value": 0.1213617720656603,
            "max_value": 0.13156192169330494,
            "bounds": [
                [
                    4.507295862768291,
                    6.887381935583983
                ],
                [
                    1.4496308461074918,
                    3.2657912154058435
                ],
                [
                    4.401603480814532,
                    4.640060308778472
                ]
            ],
            "active_dims": [
                0,
                1,
                2
            ]
        }
    ],
    "stats": {
        "energy": 551769077.9622443,
        "bandwidth": 16,
        "mean": 0.3094270204381902,
        "std": 0.1973934309244356,
        "pct_over_06": 0.10240625,
        "pct_over_08": 0.00728125
    }
}