{
    "functions": [
        {
            "type": "Gaussian",
            "mean": [
                0.8607571197883979,
                4.3208063818881275
            ],
            "std_dev": [
                3.20201645633676,
                0.7977695198111135
            ],
            "max_amplitude": 0.1712069091619381,
            "active_dims": [
                0,
                1
            ]
        },
        {
            "type": "StaticHypercube",
            "dimensions": [
                [
                    1.6530009382220048,
                    3.2502967048747804
                ]
            ],
            "static_value": 0.033606009274649934,
            "active_dims": [
                2
            ]
        },
        {
            "type": "Sinus",
            "amplitudes": [
                0.054889264799517605,
                0.09652129287492944,
                0.19392220115536682,
                0.13651769407061853
            ],
            "frequencies": [
                1.0413553986107802,
                0.5135668068696774,
                0.1259305324206051,
                0.9197277640804253
            ],
            "weight_vectors": [
                [
                    0.2700397103996591,
                    0.6313741275469081
                ],
                [
                    0.6511643010131132,
                    0.3213108005910401
                ],
                [
                    0.40045970454075674,
                    0.8209414485774257
                ],
                [
                    0.1525223802996143,
                    0.1473939384725712
                ]
            ],
            "phases": [
                5.775769259806803,
                3.585382456919689,
                2.811201707354449,
                1.2397855098635486
            ],
            "offset": 0.08098215261615631,
            "bounds": [
                [
                    8.5629810468449,
                    9.855840950627439
                ],
                [
                    2.902475666897372,
                    5.480119978992345
                ]
            ],
            "minimum_value": 0.0,
            "active_dims": [
                0,
                2
            ]
        },
        {
            "type": "Gaussian",
            "mean": [
                6.246597409202517
            ],
            "std_dev": [
                3.682731994109652
            ],
            "max_amplitude": 0.13302833133341457,
            "active_dims": [
                1
            ]
        },
        {
            "type": "Gaussian",
            "mean": [
                8.675313693255898,
                1.440279475513293
            ],
            "std_dev": [
                2.4211946012226857,
                2.972345518990074
            ],
            "max_amplitude": 0.1800591067003392,
            "active_dims": [
                0,
                1
            ]
        },
        {
            "type": "Sinus",
            "amplitudes": [
                0.08791370429723354,
                0.2694510022706078,
                0.048598983956607694,
                0.1823572922362497
            ],
            "frequencies": [
                1.5079610438368491,
                0.9297377366624877,
                1.4704025455308323,
                0.5075150960049344
            ],
            "weight_vectors": [
                [
                    0.9436548667095401,
                    0.44988413925202375
                ],
                [
                    0.23470041564454225,
                    0.19807068339053013
                ],
                [
                    0.4944182503756145,
                    0.05244992958958106
                ],
                [
                    0.896850807954544,
                    0.4064837613560769
                ]
            ],
            "phases": [
                0.8720638099271399,
                6.0744606576314,
                0.27644707963816695,
                5.182252640434494
            ],
            "offset": 0.07734117778000367,
            "bounds": [
                [
                    2.6027460223544816,
                    3.187284063456092
                ],
                [
                    3.0205323006370004,
                    6.792549650103577
                ]
            ],
            "minimum_value": 0.0,
            "active_dims": [
                1,
                2
            ]
        },
        {
            "type": "Sinus",
            "amplitudes": [
                0.1524017108978444,
                0.24219458164664776,
                0.12408050414737648
            ],
            "frequencies": [
                1.2198438158100993,
                1.1038039571968732,
                1.6092413606819966
            ],
            "weight_vectors": [
                [
                    0.3811769829621582,
                    0.6623396109477978
                ],
                [
                    0.5891212176994499,
                    0.6949533214311492
                ],
                [
                    0.3715065738779876,
                    0.6940826406857475
                ]
            ],
            "phases": [
                4.5990183622773735,
                5.286098247148893,
                4.640859949440661
            ],
            "offset": -0.05924282539239084,
            "bounds": [
                [
                    7.14010392371882,
                    7.583907202450658
                ],
                [
                    3.9576089193154647,
                    8.554865839659975
                ]
            ],
            "minimum_value": 0.0,
            "active_dims": [
                0,
                1
            ]
        },
        {
            "type": "Sinus",
            "amplitudes": [
                0.054150701287501914,
                0.1265699044613231,
                0.02936180444120574
            ],
            "frequencies": [
                1.0149144824244445,
                0.2701863170373893,
                1.044842397875346
            ],
            "weight_vectors": [
                [
                    0.5436424173244859,
                    0.3500558251494409
                ],
                [
                    0.029808391467387896,
                    0.32027973655743136
                ],
                [
                    0.580493060722358,
                    0.5736208325096638
                ]
            ],
            "phases": [
                1.7709068122384306,
                2.118546092100765,
                2.221031844554407
            ],
            "offset": -0.030576230907044814,
            "bounds": [
                [
                    4.107770523806704,
                    6.44527548009102
                ],
                [
                    0.36531062860157754,
                    2.9816961306329115
                ]
            ],
            "minimum_value": 0.0,
            "active_dims": [
                1,
                2
            ]
        },
        {
            "type": "StaticHypercube",
            "dimensions": [
                [
                    1.428469464945365,
                    4.56096601412785
                ]
            ],
            "static_value": 0.15983045087992226,
            "active_dims": [
                2
            ]
        }
    ],
    "stats": {
        "energy": 251424622.25358215,
        "bandwidth": 23,
        "mean": 0.21750514720522096,
        "std": 0.11863589404819112,
        "pct_over_06": 0.016875,
        "pct_over_08": 0.007609375
    }
}