{
    "functions": [
        {
            "type": "Gaussian",
            "mean": [
                8.965040302972767
            ],
            "std_dev": [
                3.649733147867747
            ],
            "max_amplitude": 0.12707460677558446,
            "active_dims": [
                0
            ]
        },
        {
            "type": "Sinus",
            "amplitudes": [
                0.2986758819835043,
                0.21825509618359468,
                0.10941205396455163
            ],
            "frequencies": [
                1.312294252287287,
                1.8618908144998363,
                1.96867435316848
            ],
            "weight_vectors": [
                [
                    0.6872703970638684,
                    0.11051853658119015
                ],
                [
                    0.03732847742434742,
                    0.37089088234418355
                ],
                [
                    0.08176985542814863,
                    0.8724720491032085
                ]
            ],
            "phases": [
                5.463205508559513,
                1.096060627357857,
                2.6276341959387826
            ],
            "offset": 0.05517250411483559,
            "bounds": [
                [
                    2.3895874114763616,
                    5.348759006342734
                ],
                [
                    0.6102312541922471,
                    2.6390080075843994
                ]
            ],
            "minimum_value": 0.0,
            "active_dims": [
                0,
                1
            ]
        },
        {
            "type": "StaticHypercube",
            "dimensions": [
                [
                    1.309051607398197,
                    3.7906006617793224
                ],
                [
                    3.8827539845827643,
                    9.93823471452468
                ]
            ],
            "static_value": 0.2829880897814204,
            "active_dims": [
                1,
                2
            ]
        },
        {
            "type": "Ramp",
            "coeff": [
                1.3776713011907962
            ],
            "min_value": 0.03725160706632728,
            "max_value": 0.13132215468990957,
            "bounds": [
                [
                    5.843653915644165,
                    9.429710373427996
                ]
            ],
            "active_dims": [
                1
            ]
        },
        {
            "type": "Ramp",
            "coeff": [
                1.5670821770061287,
                0.30151921271700277
            ],
            "min_value": 0.020985583041288412,
            "max_value": 0.1296173421356297,
            "bounds": [
                [
                    1.4559258457345385,
                    3.8829123163186985
                ],
                [
                    8.113009827558555,
                    9.070930642049644
                ]
            ],
            "active_dims": [
                1,
                2
            ]
        },
        {
            "type": "StaticHypercube",
            "dimensions": [
                [
                    0.7138202620357706,
                    1.723210721487836
                ]
            ],
            "static_value": 0.26913450251041837,
            "active_dims": [
                2
            ]
        },
        {
            "type": "Gaussian",
            "mean": [
                1.4722608073616206
            ],
            "std_dev": [
                1.569944944419601
            ],
            "max_amplitude": 0.17005052576282012,
            "active_dims": [
                2
            ]
        },
        {
            "type": "Ramp",
            "coeff": [
                0.512600966099156,
                0.7819668807219304
            ],
            "min_value": 0.18084104128607334,
            "max_value": 0.3038770363727491,
            "bounds": [
                [
                    0.7420531947849068,
                    1.4837912579754131
                ],
                [
                    2.3320521481267176,
                    4.765904708657019
                ]
            ],
            "active_dims": [
                1,
                2
            ]
        },
        {
            "type": "Ramp",
            "coeff": [
                0.2710331806634616,
                0.18199740787297536
            ],
            "min_value": 0.13871119469685414,
            "max_value": 0.263827922799921,
            "bounds": [
                [
                    1.8569180640658989,
                    4.446855689339458
                ],
                [
                    1.116382065398025,
                    2.958411629286538
                ]
            ],
            "active_dims": [
                0,
                2
            ]
        }
    ],
    "stats": {
        "energy": 349440726.5559396,
        "bandwidth": 83,
        "mean": 0.2449984292334016,
        "std": 0.15902341668756564,
        "pct_over_06": 0.038359375,
        "pct_over_08": 0.0041875
    }
}