{
    "functions": [
        {
            "type": "StaticHypercube",
            "dimensions": [
                [
                    2.9263793844575705,
                    9.20101494800408
                ],
                [
                    1.8732234367109504,
                    6.4181590467836225
                ]
            ],
            "static_value": 0.15239132219800774,
            "active_dims": [
                0,
                2
            ]
        },
        {
            "type": "Gaussian",
            "mean": [
                8.632370117460708,
                6.482630902935297
            ],
            "std_dev": [
                2.587192750561197,
                2.386399472717821
            ],
            "max_amplitude": 0.18028160023869721,
            "active_dims": [
                0,
                2
            ]
        },
        {
            "type": "Sinus",
            "amplitudes": [
                0.1418727457169719,
                0.20152640534524272,
                0.1085653197081383
            ],
            "frequencies": [
                0.2738707192240963,
                0.24435498780877368,
                1.3404068571144374
            ],
            "weight_vectors": [
                [
                    0.9393199169290805,
                    0.8781497020080308
                ],
                [
                    0.18248485144639026,
                    0.21952379009196477
                ],
                [
                    0.6594377441340952,
                    0.9519382881344995
                ]
            ],
            "phases": [
                0.30339054626072515,
                3.3067668592631416,
                1.1203728748606616
            ],
            "offset": 0.1342298411209773,
            "bounds": [
                [
                    5.325383347133405,
                    7.9003293642294965
                ],
                [
                    7.2487526632420245,
                    8.638311437013797
                ]
            ],
            "minimum_value": 0.0,
            "active_dims": [
                1,
                2
            ]
        },
        {
            "type": "Gaussian",
            "mean": [
                8.34328082407596,
                8.268483822832803,
                5.048378084952024
            ],
            "std_dev": [
                2.9223137728574597,
                3.4823220500704997,
                1.5513324159221666
            ],
            "max_amplitude": 0.12745052156761405,
            "active_dims": [
                0,
                1,
                2
            ]
        },
        {
            "type": "Gaussian",
            "mean": [
                2.2555923813841816,
                1.063052983063033,
                6.636435882356009
            ],
            "std_dev": [
                1.166915539713375,
                3.9425932850253136,
                3.08182533655572
            ],
            "max_amplitude": 0.14412248581273823,
            "active_dims": [
                0,
                1,
                2
            ]
        },
        {
            "type": "Sinus",
            "amplitudes": [
                0.14682496383641697,
                0.04565464545051467,
                0.17866583350665927
            ],
            "frequencies": [
                0.6899050889608974,
                1.3737091078424912,
                1.1790123009553408
            ],
            "weight_vectors": [
                [
                    0.6119183058756045,
                    0.6381140761773513,
                    0.6855856861633971
                ],
                [
                    0.597847877612003,
                    0.44018343301201923,
                    0.8648186106784673
                ],
                [
                    0.368506584966627,
                    0.779297857970644,
                    0.49828922581926105
                ]
            ],
            "phases": [
                2.320404049602975,
                5.805215871239914,
                5.290504271818885
            ],
            "offset": 0.11986737996477971,
            "bounds": [
                [
                    2.7021201450053316,
                    8.129518477751866
                ],
                [
                    0.33110471589156554,
                    3.091472403003457
                ],
                [
                    1.1774309104936063,
                    6.3043799215867535
                ]
            ],
            "minimum_value": 0.0,
            "active_dims": [
                0,
                1,
                2
            ]
        },
        {
            "type": "Gaussian",
            "mean": [
                5.782453692379343
            ],
            "std_dev": [
                2.3675171829517283
            ],
            "max_amplitude": 0.19377919031896565,
            "active_dims": [
                0
            ]
        },
        {
            "type": "Gaussian",
            "mean": [
                0.6186206871895483,
                7.267580517824596
            ],
            "std_dev": [
                3.180333188208454,
                3.600015449979141
            ],
            "max_amplitude": 0.12352394286857461,
            "active_dims": [
                0,
                2
            ]
        },
        {
            "type": "StaticHypercube",
            "dimensions": [
                [
                    7.077527416191927,
                    9.705375315377703
                ]
            ],
            "static_value": 0.1283226551119148,
            "active_dims": [
                1
            ]
        }
    ],
    "stats": {
        "energy": 477762930.5140044,
        "bandwidth": 8,
        "mean": 0.3038473148729491,
        "std": 0.1559427770113753,
        "pct_over_06": 0.038109375,
        "pct_over_08": 0.007484375
    }
}