{
    "functions": [
        {
            "type": "Sinus",
            "amplitudes": [
                0.19161588248044178,
                0.07796563206177605,
                0.25584676717523935,
                0.11776147593491654,
                0.14940079652893615
            ],
            "frequencies": [
                0.9511932468408741,
                1.5334846368133068,
                0.5186372163727568,
                0.8339268966300064,
                1.8663079100723796
            ],
            "weight_vectors": [
                [
                    0.3255715862102534,
                    0.5864183296987157
                ],
                [
                    0.22465150940479706,
                    0.9372966025082935
                ],
                [
                    0.05132372451869327,
                    0.9709120561968397
                ],
                [
                    0.9751557079139289,
                    0.913816434924754
                ],
                [
                    0.09896851046104627,
                    0.6762335103160474
                ]
            ],
            "phases": [
                1.5309991331558697,
                2.529612149489716,
                5.311493560989747,
                4.3177074154298,
                5.733610627420863
            ],
            "offset": -0.07968754298282331,
            "bounds": [
                [
                    2.557133080516,
                    5.440853807785741
                ],
                [
                    0.08410676710768028,
                    5.399547539616766
                ]
            ],
            "minimum_value": 0.0,
            "active_dims": [
                0,
                1
            ]
        },
        {
            "type": "StaticHypercube",
            "dimensions": [
                [
                    0.8132555357554746,
                    6.019287344337633
                ]
            ],
            "static_value": 0.09222165573429628,
            "active_dims": [
                2
            ]
        },
        {
            "type": "Gaussian",
            "mean": [
                6.08184263958088
            ],
            "std_dev": [
                1.977423623873051
            ],
            "max_amplitude": 0.18814279042323723,
            "active_dims": [
                1
            ]
        },
        {
            "type": "Gaussian",
            "mean": [
                0.8978996576731069
            ],
            "std_dev": [
                2.162915438890946
            ],
            "max_amplitude": 0.1865738788060052,
            "active_dims": [
                0
            ]
        },
        {
            "type": "Sinus",
            "amplitudes": [
                0.12256632858217995,
                0.23614714852130136
            ],
            "frequencies": [
                0.9358565735920865,
                1.0282886291716722
            ],
            "weight_vectors": [
                [
                    0.46560869121478365,
                    0.12025642958013993
                ],
                [
                    0.5286065140277663,
                    0.5445352052520808
                ]
            ],
            "phases": [
                1.2209123703370612,
                0.10899914837192624
            ],
            "offset": -0.013203566022575849,
            "bounds": [
                [
                    3.8640740603946107,
                    6.334678568237676
                ],
                [
                    4.307169976050715,
                    4.822901340607606
                ]
            ],
            "minimum_value": 0.0,
            "active_dims": [
                1,
                2
            ]
        },
        {
            "type": "Gaussian",
            "mean": [
                3.1541833728752233
            ],
            "std_dev": [
                0.45294885638856497
            ],
            "max_amplitude": 0.09758982840076062,
            "active_dims": [
                2
            ]
        },
        {
            "type": "Sinus",
            "amplitudes": [
                0.07645757081133286,
                0.13748912945539668,
                0.1535776819415478,
                0.06667341624542941
            ],
            "frequencies": [
                1.7381003968269535,
                1.4466888091460215,
                0.9049611657444235,
                1.76076624663299
            ],
            "weight_vectors": [
                [
                    0.4693533967373428
                ],
                [
                    0.6222538096811578
                ],
                [
                    0.7739305142933512
                ],
                [
                    0.25591074145506665
                ]
            ],
            "phases": [
                2.6707207551180536,
                4.904002785396553,
                5.247510495853805,
                1.5469233093460595
            ],
            "offset": -0.014567204507594278,
            "bounds": [
                [
                    2.547427478840468,
                    5.758274141223927
                ]
            ],
            "minimum_value": 0.0,
            "active_dims": [
                2
            ]
        },
        {
            "type": "Sinus",
            "amplitudes": [
                0.15427343218023176
            ],
            "frequencies": [
                1.6528519245485847
            ],
            "weight_vectors": [
                [
                    0.20260059391451124
                ]
            ],
            "phases": [
                3.2765566225116167
            ],
            "offset": -0.0685445420577705,
            "bounds": [
                [
                    1.6372349889158337,
                    7.281837152303121
                ]
            ],
            "minimum_value": 0.0,
            "active_dims": [
                2
            ]
        },
        {
            "type": "Sinus",
            "amplitudes": [
                0.21287582366418636,
                0.21669734146214906,
                0.24055859969105392,
                0.2596235798623839,
                0.09750152327982486
            ],
            "frequencies": [
                1.7148014386220252,
                0.5346501000856687,
                0.5609021208557086,
                0.36462974419743444,
                0.3416011099429819
            ],
            "weight_vectors": [
                [
                    0.6093587845566341,
                    0.873894449258053,
                    0.8689474094096392
                ],
                [
                    0.42068699228976936,
                    0.9030441307361131,
                    0.4594414194635915
                ],
                [
                    0.028339894247490616,
                    0.8696734513872268,
                    0.4891706432231465
                ],
                [
                    0.4083231151954445,
                    0.49611666784244723,
                    0.9335898850595946
                ],
                [
                    0.12908068665308225,
                    0.5371770887502793,
                    0.9767743657717661
                ]
            ],
            "phases": [
                5.9217279967216,
                0.17158099143080252,
                5.123288664360613,
                5.175061008078116,
                3.6342234416249144
            ],
            "offset": -0.02177995564938579,