{
    "functions": [
        {
            "type": "Sinus",
            "amplitudes": [
                0.42438459776739484,
                0.3461549557569208,
                0.1364555466394095
            ],
            "frequencies": [
                1.9021451270128922,
                1.545713221435643,
                0.754061763933479
            ],
            "weight_vectors": [
                [
                    0.36925104001019016
                ],
                [
                    0.9898072477493113
                ],
                [
                    0.35432604078787866
                ]
            ],
            "phases": [
                5.73266443061019,
                3.0235605433379575,
                0.5578647396728983
            ],
            "offset": -0.18793912753525968,
            "bounds": [
                [
                    7.3661018397172855,
                    8.761930809785731
                ]
            ],
            "minimum_value": 0.0,
            "active_dims": [
                0
            ]
        },
        {
            "type": "Ramp",
            "coeff": [
                0.3263777843101341,
                1.895566220140767,
                1.2440294771271654
            ],
            "min_value": 0.15816909994854542,
            "max_value": 0.2323018111537561,
            "bounds": [
                [
                    1.8240060209293492,
                    5.087077215253075
                ],
                [
                    2.961589271543499,
                    6.170958841386041
                ],
                [
                    1.8432628654103542,
                    3.060693362981085
                ]
            ],
            "active_dims": [
                0,
                1,
                2
            ]
        },
        {
            "type": "Gaussian",
            "mean": [
                9.787900371427662,
                9.863302703068568
            ],
            "std_dev": [
                0.7461545233166148,
                0.8911074862596982
            ],
            "max_amplitude": 0.1781319228433487,
            "active_dims": [
                0,
                2
            ]
        },
        {
            "type": "Gaussian",
            "mean": [
                0.6282923429543819,
                5.546466301096662
            ],
            "std_dev": [
                1.0597727293675314,
                1.916692310596308
            ],
            "max_amplitude": 0.224395859100937,
            "active_dims": [
                1,
                2
            ]
        },
        {
            "type": "Sinus",
            "amplitudes": [
                0.18109719139740138,
                0.05639523206484862
            ],
            "frequencies": [
                0.8536851395815803,
                1.2439225070315696
            ],
            "weight_vectors": [
                [
                    0.08793185642012591
                ],
                [
                    0.8012635535491447
                ]
            ],
            "phases": [
                5.099269657069156,
                5.999882063539786
            ],
            "offset": -0.10048071549512887,
            "bounds": [
                [
                    0.4523863492284269,
                    1.4654630721849227
                ]
            ],
            "minimum_value": 0.0,
            "active_dims": [
                0
            ]
        },
        {
            "type": "Gaussian",
            "mean": [
                0.7114564554827563,
                2.2400598962093623,
                9.309146594350635
            ],
            "std_dev": [
                2.0833929513950795,
                1.0322295280025489,
                3.224998756914111
            ],
            "max_amplitude": 0.19010202354940048,
            "active_dims": [
                0,
                1,
                2
            ]
        },
        {
            "type": "Ramp",
            "coeff": [
                1.571898092211257
            ],
            "min_value": 0.1994464326545481,
            "max_value": 0.41021977290936495,
            "bounds": [
                [
                    8.710456616893985,
                    9.950068558518291
                ]
            ],
            "active_dims": [
                2
            ]
        },
        {
            "type": "Gaussian",
            "mean": [
                6.192463282298357,
                8.207505125289421
            ],
            "std_dev": [
                1.377023498177794,
                3.5692527443090754
            ],
            "max_amplitude": 0.19280500196198191,
            "active_dims": [
                1,
                2
            ]
        },
        {
            "type": "Ramp",
            "coeff": [
                1.1547723098236422
            ],
            "min_value": 0.18022051869559175,
            "max_value": 0.3245860776872289,
            "bounds": [
                [
                    4.660210456425244,
                    7.675404453037441
                ]
            ],
            "active_dims": [
                1
            ]
        }
    ],
    "stats": {
        "energy": 266310185.82230884,
        "bandwidth": 26,
        "mean": 0.17722837872880923,
        "std": 0.18332276722677512,
        "pct_over_06": 0.0316875,
        "pct_over_08": 0.00578125
    }
}