{
    "functions": [
        {
            "type": "Sinus",
            "amplitudes": [
                0.3778002351082767,
                0.3360930599184983,
                0.13039824319246648,
                0.5784532212713674,
                0.294135290889601
            ],
            "frequencies": [
                0.8285440023324523,
                1.0150713765735926,
                1.9935774277022424,
                0.3875335613237594,
                0.7933400583244612
            ],
            "weight_vectors": [
                [
                    0.38576948931109944,
                    0.471612270792492
                ],
                [
                    0.29454585856860005,
                    0.3158615576788817
                ],
                [
                    0.41576350318833666,
                    0.676639326742534
                ],
                [
                    0.6589169956390444,
                    0.8181164053789667
                ],
                [
                    0.16918270302911198,
                    0.44252369168947114
                ]
            ],
            "phases": [
                1.250273495669725,
                5.522094969298975,
                4.739014637536892,
                4.087541232604986,
                5.877321834615215
            ],
            "offset": -0.1759610576022819,
            "bounds": [
                [
                    2.8653429652475704,
                    6.579639109238962
                ],
                [
                    4.943533564727644,
                    5.807290283695876
                ]
            ],
            "minimum_value": 0.0,
            "active_dims": [
                0,
                1
            ]
        },
        {
            "type": "Gaussian",
            "mean": [
                1.5559389893693576,
                5.438242182410501
            ],
            "std_dev": [
                1.428475631654302,
                1.3884845086377828
            ],
            "max_amplitude": 0.2895410065450939,
            "active_dims": [
                0,
                1
            ]
        },
        {
            "type": "Sinus",
            "amplitudes": [
                0.2018368433173766,
                0.14652247754843709
            ],
            "frequencies": [
                1.6095497236464733,
                0.22113075649270952
            ],
            "weight_vectors": [
                [
                    0.929213754907787,
                    0.9418449423989662
                ],
                [
                    0.7446517190509532,
                    0.9748871115292795
                ]
            ],
            "phases": [
                2.14143540691656,
                0.7415721741028761
            ],
            "offset": -0.0635648197178906,
            "bounds": [
                [
                    2.1004844083400704,
                    7.134236951281521
                ],
                [
                    1.1178972039731596,
                    1.561635538129629
                ]
            ],
            "minimum_value": 0.0,
            "active_dims": [
                0,
                2
            ]
        },
        {
            "type": "Gaussian",
            "mean": [
                1.1214346273752729,
                2.718516781259226
            ],
            "std_dev": [
                0.13500173366224494,
                2.3282356491696508
            ],
            "max_amplitude": 0.3362073097760723,
            "active_dims": [
                0,
                1
            ]
        },
        {
            "type": "Gaussian",
            "mean": [
                2.766779992236179
            ],
            "std_dev": [
                1.0444155073095256
            ],
            "max_amplitude": 0.28821037887386036,
            "active_dims": [
                0
            ]
        },
        {
            "type": "Gaussian",
            "mean": [
                7.106443972712845,
                5.749810122083794
            ],
            "std_dev": [
                1.2825011155035535,
                0.11987034126335205
            ],
            "max_amplitude": 0.34355704602803194,
            "active_dims": [
                0,
                1
            ]
        },
        {
            "type": "Sinus",
            "amplitudes": [
                0.25397992656754,
                0.23699951055906246,
                0.38979026224926044,
                0.30744899258204167,
                0.14548847348551353
            ],
            "frequencies": [
                0.341164608629931,
                0.13435703252617706,
                0.712799268622726,
                0.48179703983141464,
                1.827209213125319
            ],
            "weight_vectors": [
                [
                    0.5930077987318156,
                    0.4643542196497218,
                    0.2474999839144998
                ],
                [
                    0.1709680917035753,
                    0.7390963870887485,
                    0.39403806210033576
                ],
                [
                    0.6636097652671451,
                    0.24588050436127473,
                    0.338424791542989
                ],
                [
                    0.846027982730174,
                    0.7124778506787484,
                    0.0882923249552352
                ],
                [
                    0.0278550155317705,
                    0.4946369862204507,
                    0.483331086416539
                ]
            ],
            "phases": [
                3.646825841318537,
                5.550351496007523,
                3.0484041599106506,
                5.12958520350647,
                1.5956606721427984
            ],
            "offset": 0.22198715090275883,
            "bounds": [
                [
                    0.8059481065933222,
                    2.456228389243468
                ],
                [
                    2.3297086650950507,
                    3.8974075720881434
                ],
                [
                    2.179868209042312,
                    7.504273319088989
                ]
            ],
            "minimum_value": 0.0,
            "active_dims": [
                0,
                1,
                2
            ]
        },
        {
            "type": "Gaussian",
            "mean": [
                5.833953849621269
            ],
            "std_dev": [
                1.0965178351992961
            ],
            "max_amplitude": 0.3149599812858549,
            "active_dims": [
                0
            ]
        },
        {
            "type": "Sinus",
            "amplitudes": [
                0.1995994686714468
            ],
            "frequencies": [
                1.0782669014029462
            ],
            "weight_vectors": [
                [
                    0.3398807625064263
                ]
            ],
            "phases": [
                2.3037824880180215
            ],
            "offset": 0.21681156609239605,
            "bounds": [
                [
                    1.1004701531112342,
                    5.547405248894789
                ]
            ],
            "minimum_value": 0.0,
            "active_dims": [
                0
            ]
        }
    ],
    "stats": {
        "energy": 483234271.22941244,
        "bandwidth": 8,
        "mean": 0.26945824069291585,
        "std": 0.21300087681051189,
        "pct_over_06": 0.079625,
        "pct_over_08": 0.00584375
    }
}