{
    "functions": [
        {
            "type": "StaticHypercube",
            "dimensions": [
                [
                    5.088336353072729,
                    8.843326019495333
                ],
                [
                    1.0395495658157565,
                    6.248684809200251
                ]
            ],
            "static_value": 0.3853667134368483,
            "active_dims": [
                1,
                2
            ]
        },
        {
            "type": "Sinus",
            "amplitudes": [
                0.169834521644631,
                0.20822018703962386,
                0.09912662257374193,
                0.3181942811975986
            ],
            "frequencies": [
                1.5988822899017494,
                1.4046729442636476,
                1.6990741263049178,
                0.15189560870713997
            ],
            "weight_vectors": [
                [
                    0.143738021728672,
                    0.9260730910402036
                ],
                [
                    0.7947789210308019,
                    0.24089150763856837
                ],
                [
                    0.1768545020696567,
                    0.7957868074383566
                ],
                [
                    0.8016645224389556,
                    0.1612162720920336
                ]
            ],
            "phases": [
                2.116347705839016,
                1.206122595411541,
                2.8834751511980636,
                5.372954062150267
            ],
            "offset": 0.053376212478952474,
            "bounds": [
                [
                    6.188181491704975,
                    8.74868689672773
                ],
                [
                    8.278435559960977,
                    9.733006553939989
                ]
            ],
            "minimum_value": 0.0,
            "active_dims": [
                0,
                2
            ]
        },
        {
            "type": "Ramp",
            "coeff": [
                0.5967207377241901
            ],
            "min_value": 0.09563000992242657,
            "max_value": 0.16405889881740396,
            "bounds": [
                [
                    4.096367983027194,
                    8.747474187170821
                ]
            ],
            "active_dims": [
                0
            ]
        },
        {
            "type": "Gaussian",
            "mean": [
                8.83032882855842
            ],
            "std_dev": [
                3.6195232912002004
            ],
            "max_amplitude": 0.14841571463043599,
            "active_dims": [
                2
            ]
        },
        {
            "type": "Gaussian",
            "mean": [
                2.0063223808530237,
                2.63425377557287
            ],
            "std_dev": [
                1.7679089789987432,
                3.640598823564037
            ],
            "max_amplitude": 0.17899379276594432,
            "active_dims": [
                0,
                1
            ]
        },
        {
            "type": "Sinus",
            "amplitudes": [
                0.18169922713740805,
                0.2503887744467833,
                0.1598038461417296
            ],
            "frequencies": [
                1.4320683061607937,
                1.2753115404397732,
                1.5983889137397174
            ],
            "weight_vectors": [
                [
                    0.9281526810793169,
                    0.5606563079469202
                ],
                [
                    0.6846317558777533,
                    0.513258600257061
                ],
                [
                    0.775562881459211,
                    0.7529927558486903
                ]
            ],
            "phases": [
                5.918833175692203,
                3.8759684294212815,
                5.012596124888113
            ],
            "offset": -0.015021724826525612,
            "bounds": [
                [
                    3.2270357098618345,
                    5.547092375341592
                ],
                [
                    3.6697372207661045,
                    3.95223764690413
                ]
            ],
            "minimum_value": 0.0,
            "active_dims": [
                0,
                1
            ]
        },
        {
            "type": "Ramp",
            "coeff": [
                0.05024653696801451,
                1.393626883005356
            ],
            "min_value": 0.059675107523584264,
            "max_value": 0.11463282624474373,
            "bounds": [
                [
                    2.577033457833067,
                    8.839180450183527
                ],
                [
                    2.1073138605401662,
                    5.0179110961822815
                ]
            ],
            "active_dims": [
                0,
                1
            ]
        },
        {
            "type": "StaticHypercube",
            "dimensions": [
                [
                    7.0638639702636485,
                    7.802161324057368
                ]
            ],
            "static_value": 0.10016701559072086,
            "active_dims": [
                0
            ]
        },
        {
            "type": "Gaussian",
            "mean": [
                5.674157396397234,
                1.2648793514813172,
                9.188918830111023
            ],
            "std_dev": [
                2.113808867899023,
                2.7196171602396038,
                2.902242693716856
            ],
            "max_amplitude": 0.22283610445413715,
            "active_dims": [
                0,
                1,
                2
            ]
        }
    ],
    "stats": {
        "energy": 619740982.557925,
        "bandwidth": 24,
        "mean": 0.3113990321595284,
        "std": 0.2330978197879914,
        "pct_over_06": 0.16596875,
        "pct_over_08": 0.05734375
    }
}