{
    "functions": [
        {
            "type": "Gaussian",
            "mean": [
                0.27543396196409886
            ],
            "std_dev": [
                1.0062347932955558
            ],
            "max_amplitude": 0.23663848634433132,
            "active_dims": [
                0
            ]
        },
        {
            "type": "Ramp",
            "coeff": [
                0.7667965463570288,
                0.5872270819611247,
                1.4756507979168603
            ],
            "min_value": 0.24215124461284201,
            "max_value": 0.5056584233156596,
            "bounds": [
                [
                    8.428096077550533,
                    9.127717256749154
                ],
                [
                    1.6108564355316648,
                    2.4410177695493154
                ],
                [
                    0.684396083283879,
                    4.421808567677227
                ]
            ],
            "active_dims": [
                0,
                1,
                2
            ]
        },
        {
            "type": "Sinus",
            "amplitudes": [
                0.2192845330216263,
                0.36336103922275675,
                0.20710877321910912
            ],
            "frequencies": [
                0.4113198104877839,
                1.1412572638044431,
                1.862736119323866
            ],
            "weight_vectors": [
                [
                    0.2709331827163787,
                    0.267116158317963
                ],
                [
                    0.01866221555877312,
                    0.34374501683439396
                ],
                [
                    0.3201558038596277,
                    0.46009053781913467
                ]
            ],
            "phases": [
                5.399129830597398,
                5.639141403607735,
                2.892328828773533
            ],
            "offset": -0.002150490717144425,
            "bounds": [
                [
                    2.9547725139421464,
                    3.8584514166984945
                ],
                [
                    1.1095579991458682,
                    7.459565131329615
                ]
            ],
            "minimum_value": 0.0,
            "active_dims": [
                1,
                2
            ]
        },
        {
            "type": "Gaussian",
            "mean": [
                4.815570873297231
            ],
            "std_dev": [
                1.9719669765937937
            ],
            "max_amplitude": 0.3085131022603234,
            "active_dims": [
                1
            ]
        },
        {
            "type": "Sinus",
            "amplitudes": [
                0.08317840156455389,
                0.1556494804250548,
                0.1373687715503049,
                0.21347883519924932
            ],
            "frequencies": [
                0.8785503468459496,
                1.2524048146811315,
                1.051633894706801,
                1.6937575060952614
            ],
            "weight_vectors": [
                [
                    0.9695303650081015,
                    0.780971478609762
                ],
                [
                    0.9510508244291989,
                    0.8912861636698072
                ],
                [
                    0.09792054427263863,
                    0.3897055100625052
                ],
                [
                    0.2291515215561305,
                    0.6914492207617159
                ]
            ],
            "phases": [
                5.451977951824958,
                4.774680772922507,
                3.1904236748613055,
                1.9604510912243436
            ],
            "offset": -0.2220272629583548,
            "bounds": [
                [
                    3.509961788908468,
                    5.144323117582169
                ],
                [
                    3.424740588287664,
                    5.898906364060416
                ]
            ],
            "minimum_value": 0.0,
            "active_dims": [
                0,
                2
            ]
        },
        {
            "type": "Sinus",
            "amplitudes": [
                0.4330268501811694,
                0.3321955903592531,
                0.09964277121507745,
                0.23965205536104342,
                0.27972507492381027
            ],
            "frequencies": [
                0.3781782244144406,
                1.8464696572399408,
                1.8782635895960684,
                1.2912453718075958,
                0.6524630069750711
            ],
            "weight_vectors": [
                [
                    0.961360068150445
                ],
                [
                    0.8563872944061331
                ],
                [
                    0.7579083040419534
                ],
                [
                    0.9020866392604272
                ],
                [
                    0.2537299371174625
                ]
            ],
            "phases": [
                0.8950154110009374,
                4.42205932726707,
                0.9345233525833576,
                4.269635556035229,
                4.499455006972374
            ],
            "offset": -0.16181981362113618,
            "bounds": [
                [
                    0.3803840179223295,
                    3.5398833342665843
                ]
            ],
            "minimum_value": 0.0,
            "active_dims": [
                1
            ]
        },
        {
            "type": "Gaussian",
            "mean": [
                1.7337191908046168
            ],
            "std_dev": [
                0.2473775321099314
            ],
            "max_amplitude": 0.1669057680317247,
            "active_dims": [
                2
            ]
        },
        {
            "type": "Gaussian",
            "mean": [
                7.973549074902091,
                0.6922501574011131
            ],
            "std_dev": [
                0.30044854847292535,
                2.6334466988934495
            ],
            "max_amplitude": 0.2757616177863704,
            "active_dims": [
                0,
                1
            ]
        },
        {
            "type": "Sinus",
            "amplitudes": [
                0.24629841283730372
            ],
            "frequencies": [
                1.1666130721394623
            ],
            "weight_vectors": [
                [
                    0.6477163011912827
                ]
            ],
            "phases": [
                3.9010139323096644
            ],
            "offset": 0.16736701459500927,
            "bounds": [
                [
                    7.495020012989125,
                    9.467227764711772
                ]
            ],
            "minimum_value": 0.0,
            "active_dims": [
                1
            ]
        }
    ],
    "stats": {
        "energy": 442792920.90309805,
        "bandwidth": 43,
        "mean": 0.2607595841496099,
        "std": 0.20027026671221168,
        "pct_over_06": 0.080703125,
        "pct_over_08": 0.005328125
    }
}