{
    "functions": [
        {
            "type": "Sinus",
            "amplitudes": [
                0.2384866243172139,
                0.10295292231725904,
                0.32299955264779884,
                0.2920676996034144,
                0.1322158700818142
            ],
            "frequencies": [
                1.404662115846544,
                1.0159277604937647,
                1.9958005613731098,
                0.5523443156820325,
                1.0051037620441654
            ],
            "weight_vectors": [
                [
                    0.04056167791171994,
                    0.2641328964803714
                ],
                [
                    0.9622626550223455,
                    0.7670087947537937
                ],
                [
                    0.005480131167803437,
                    0.3505678022860209
                ],
                [
                    0.9601407977594792,
                    0.9077382563697655
                ],
                [
                    0.06354690992746581,
                    0.8759149854357422
                ]
            ],
            "phases": [
                0.853883489333655,
                3.0863325192537254,
                3.5946986448215177,
                5.7958812160303115,
                2.564978018419799
            ],
            "offset": -0.11574550988061674,
            "bounds": [
                [
                    5.3621399013043,
                    8.155786688975697
                ],
                [
                    2.9935791007844315,
                    5.890648246206645
                ]
            ],
            "minimum_value": 0.0,
            "active_dims": [
                0,
                1
            ]
        },
        {
            "type": "Ramp",
            "coeff": [
                1.3876942305837476,
                1.1146702405884954,
                1.04078921123442
            ],
            "min_value": 0.09677319409326697,
            "max_value": 0.2662930599372983,
            "bounds": [
                [
                    7.312598062997881,
                    9.82080305818294
                ],
                [
                    4.789465971363973,
                    6.217327126585928
                ],
                [
                    2.4970711038260127,
                    7.827196794289279
                ]
            ],
            "active_dims": [
                0,
                1,
                2
            ]
        },
        {
            "type": "Gaussian",
            "mean": [
                1.9289507868869815
            ],
            "std_dev": [
                0.41354378976705997
            ],
            "max_amplitude": 0.20930837252091392,
            "active_dims": [
                1
            ]
        },
        {
            "type": "Sinus",
            "amplitudes": [
                0.15096659504528775,
                0.17353767590524613
            ],
            "frequencies": [
                1.57510178360629,
                0.39417550321478
            ],
            "weight_vectors": [
                [
                    0.3050845725521184,
                    0.9842504168356594
                ],
                [
                    0.8658789053862133,
                    0.2082640564308169
                ]
            ],
            "phases": [
                5.358636775744562,
                2.9587239630995312
            ],
            "offset": 0.10385702813577136,
            "bounds": [
                [
                    3.0611366370988806,
                    5.196600425428538
                ],
                [
                    1.9667376990905563,
                    8.527084454013284
                ]
            ],
            "minimum_value": 0.0,
            "active_dims": [
                1,
                2
            ]
        },
        {
            "type": "Gaussian",
            "mean": [
                5.9148868629219065
            ],
            "std_dev": [
                3.9357118419360027
            ],
            "max_amplitude": 0.22823444892249542,
            "active_dims": [
                2
            ]
        },
        {
            "type": "StaticHypercube",
            "dimensions": [
                [
                    7.2244832133883286,
                    8.679945284563336
                ],
                [
                    1.0025634904265632,
                    3.731320834296279
                ],
                [
                    1.7572960736349046,
                    5.449139748678012
                ]
            ],
            "static_value": 0.07027159293503943,
            "active_dims": [
                0,
                1,
                2
            ]
        },
        {
            "type": "StaticHypercube",
            "dimensions": [
                [
                    3.6389106935897906,
                    9.946727801894331
                ],
                [
                    6.869446370027229,
                    7.799491007924671
                ]
            ],
            "static_value": 0.18538903299861614,
            "active_dims": [
                0,
                2
            ]
        },
        {
            "type": "Gaussian",
            "mean": [
                8.6239566932708
            ],
            "std_dev": [
                3.493555762975168
            ],
            "max_amplitude": 0.1948043128810229,
            "active_dims": [
                0
            ]
        },
        {
            "type": "Sinus",
            "amplitudes": [
                0.5010513918584723,
                0.1746562419218359,
                0.33542833146197304,
                0.06961629768365725,
                0.21626052933887577
            ],
            "frequencies": [
                1.9705331761204046,
                0.21501218900806074,
                1.5627667424721667,
                0.23539644640679125,
                0.7061929256641343
            ],
            "weight_vectors": [
                [
                    0.6871744954623021,
                    0.289189215330525
                ],
                [
                    0.8298915476995723,
                    0.013037253920560654
                ],
                [
                    0.5643735374639404,
                    0.41356009621907586
                ],
                [
                    0.7730596434198648,
                    0.3014594472768397
                ],
                [
                    0.7784672762527168,
                    0.33337043844072745
                ]
            ],
            "phases": [
                6.2250043969319675,
                4.263208314103563,
                3.214112567010734,
                4.689547151465421,
                2.145575261087779
            ],
            "offset": 0.008966358389394772,
            "bounds": [
                [
                    3.614467993056476,
                    5.966281210569744
                ],
                [
                    4.322848625575656,
                    7.618943824956492
                ]
            ],
            "minimum_value": 0.0,
            "active_dims": [
                0,
                1
            ]
        }
    ],
    "stats": {
        "energy": 522548215.9153412,
        "bandwidth": 7,
        "mean": 0.3336399966105234,
        "std": 0.1275131392756694,
        "pct_over_06": 0.033328125,
        "pct_over_08": 0.003453125
    }
}