{
    "functions": [
        {
            "type": "StaticHypercube",
            "dimensions": [
                [
                    4.700681734406801,
                    5.265966780464956
                ]
            ],
            "static_value": 0.10764923307900444,
            "active_dims": [
                2
            ]
        },
        {
            "type": "Sinus",
            "amplitudes": [
                0.1615275734780868,
                0.31672069712876133,
                0.22913313897750862
            ],
            "frequencies": [
                1.1283417014727177,
                1.7963492477526015,
                1.6203230860176558
            ],
            "weight_vectors": [
                [
                    0.3318101698916579,
                    0.5529989451933871,
                    0.4551719451330549
                ],
                [
                    0.3994771234392931,
                    0.5892222949454199,
                    0.06984229963848099
                ],
                [
                    0.07472870532607012,
                    0.5729508234753912,
                    0.45476634613650946
                ]
            ],
            "phases": [
                0.5739085026503613,
                5.443021861685009,
                6.268980642564925
            ],
            "offset": -0.08929331485575304,
            "bounds": [
                [
                    6.1909801944496525,
                    8.908445635616475
                ],
                [
                    0.2837676959075154,
                    4.35985599903883
                ],
                [
                    4.29362608813051,
                    6.540347236819809
                ]
            ],
            "minimum_value": 0.0,
            "active_dims": [
                0,
                1,
                2
            ]
        },
        {
            "type": "Sinus",
            "amplitudes": [
                0.1583581730355061,
                0.3219437616487539,
                0.12948061059687888
            ],
            "frequencies": [
                0.28304355718087504,
                1.9847077935482762,
                1.0488924264272896
            ],
            "weight_vectors": [
                [
                    0.21783465779574718,
                    0.6253579146670452
                ],
                [
                    0.05305539524002989,
                    0.6234700458167894
                ],
                [
                    0.08920096543474465,
                    0.818209964452817
                ]
            ],
            "phases": [
                5.2895224435381145,
                2.6458092274507177,
                4.957581984143602
            ],
            "offset": -0.0495609772541263,
            "bounds": [
                [
                    1.9026967213277628,
                    2.448894091924084
                ],
                [
                    4.191851587840607,
                    8.599369995090395
                ]
            ],
            "minimum_value": 0.0,
            "active_dims": [
                0,
                2
            ]
        },
        {
            "type": "Sinus",
            "amplitudes": [
                0.2842940097577718,
                0.19582737385425633,
                0.20506594521997681
            ],
            "frequencies": [
                0.8000983792553458,
                1.0639321974964513,
                1.2032785355378517
            ],
            "weight_vectors": [
                [
                    0.8517812895721144,
                    0.005336107892901176
                ],
                [
                    0.12247855559009924,
                    0.6437619526159727
                ],
                [
                    0.26909641887076374,
                    0.9076870832654339
                ]
            ],
            "phases": [
                2.286141600627195,
                5.800557524765354,
                4.088026014772313
            ],
            "offset": -0.009687379706147223,
            "bounds": [
                [
                    1.6800312880351893,
                    4.117651468942515
                ],
                [
                    4.370871129547828,
                    8.931795413319254
                ]
            ],
            "minimum_value": 0.0,
            "active_dims": [
                1,
                2
            ]
        },
        {
            "type": "Gaussian",
            "mean": [
                2.9979329035771074,
                0.7653014101234634,
                2.410121952245614
            ],
            "std_dev": [
                1.1819109607553255,
                2.8903043144607294,
                1.6539359083528438
            ],
            "max_amplitude": 0.13941391499550795,
            "active_dims": [
                0,
                1,
                2
            ]
        },
        {
            "type": "Gaussian",
            "mean": [
                7.741462991400271
            ],
            "std_dev": [
                1.5341941487347595
            ],
            "max_amplitude": 0.17569067570490066,
            "active_dims": [
                1
            ]
        },
        {
            "type": "Ramp",
            "coeff": [
                0.7313236394091318,
                0.3247290236537461
            ],
            "min_value": 0.15407208160388067,
            "max_value": 0.1697928994262418,
            "bounds": [
                [
                    1.9589052726980567,
                    9.593255983884081
                ],
                [
                    0.6923181443163353,
                    4.426643962520614
                ]
            ],
            "active_dims": [
                0,
                2
            ]
        },
        {
            "type": "Ramp",
            "coeff": [
                0.897807053615423,
                1.7323340806754484
            ],
            "min_value": 0.08986963786062854,
            "max_value": 0.18160849610829366,
            "bounds": [
                [
                    5.92485282480212,
                    7.483744035650801
                ],
                [
                    4.821224903292697,
                    7.449379937458144
                ]
            ],
            "active_dims": [
                0,
                2
            ]
        },
        {
            "type": "Sinus",
            "amplitudes": [
                0.03779806546489919,
                0.14195606223092352,
                0.2407565069732916,
                0.14051212977606142
            ],
            "frequencies": [
                0.38195534005611953,
                0.80713692462566,
                1.5859243137040924,
                0.9400705906774353
            ],
            "weight_vectors": [
                [
                    0.18578684498132236,
                    0.46534999423617074
                ],
                [
                    0.718907275965069,
                    0.19663219455344672
                ],
                [
                    0.9346153756121052,
                    0.14339860741011612
                ],
                [
                    0.9588924139223738,
                    0.8796051715156972
                ]
            ],
            "phases": [
                2.326432954744243,
                5.48781869048775,
                2.053599643987902,
                2.328708425333113
            ],
            "offset": -0.015636040185381027,
            "bounds": [
                [
                    0.19937249812837413,
                    1.8373450333150856
                ],
                [
                    1.1461411913936084,
                    7.712591916562559
                ]
            ],