{
    "functions": [
        {
            "type": "Gaussian",
            "mean": [
                6.733659976913264
            ],
            "std_dev": [
                2.4313852991534195
            ],
            "max_amplitude": 0.1586416313445224,
            "active_dims": [
                1
            ]
        },
        {
            "type": "Sinus",
            "amplitudes": [
                0.2785349515282491,
                0.1874611739212625,
                0.3587110889789102,
                0.2785419407781562,
                0.21778715517768846
            ],
            "frequencies": [
                1.7227302102731223,
                1.6700915307237247,
                1.3295368725071948,
                0.5298298131731768,
                0.3343378417031303
            ],
            "weight_vectors": [
                [
                    0.755792024819593,
                    0.5759348049165349,
                    0.7862871939986387
                ],
                [
                    0.6417318692637803,
                    0.659621436046723,
                    0.8432675776625589
                ],
                [
                    0.9107119416521237,
                    0.618207820006319,
                    0.8390563897783415
                ],
                [
                    0.32552424325952123,
                    0.10971982661279678,
                    0.32228909691157615
                ],
                [
                    0.31092383289030456,
                    0.05145668109063928,
                    0.6449619936890766
                ]
            ],
            "phases": [
                3.907228722029222,
                0.9567027180394555,
                3.4570990641683133,
                1.008251581084606,
                4.045250455842073
            ],
            "offset": -0.15024037344333363,
            "bounds": [
                [
                    6.168283291669882,
                    7.695668424136415
                ],
                [
                    0.4750455503269808,
                    3.373081381760505
                ],
                [
                    1.3496256071813042,
                    7.80740881938002
                ]
            ],
            "minimum_value": 0.0,
            "active_dims": [
                0,
                1,
                2
            ]
        },
        {
            "type": "StaticHypercube",
            "dimensions": [
                [
                    0.5590402695474318,
                    6.8130654782045585
                ]
            ],
            "static_value": 0.03683650435462258,
            "active_dims": [
                0
            ]
        },
        {
            "type": "Ramp",
            "coeff": [
                1.9479115768288044
            ],
            "min_value": 0.07814872506348214,
            "max_value": 0.1802946897560588,
            "bounds": [
                [
                    3.002940814225671,
                    6.147972236823186
                ]
            ],
            "active_dims": [
                0
            ]
        },
        {
            "type": "Gaussian",
            "mean": [
                4.6974787045908695,
                9.905689126756096
            ],
            "std_dev": [
                2.058254120281591,
                2.901454508825801
            ],
            "max_amplitude": 0.3756131589307933,
            "active_dims": [
                0,
                2
            ]
        },
        {
            "type": "Sinus",
            "amplitudes": [
                0.2958311185568397,
                0.5160810168961196,
                0.49254415096737136,
                0.16154954052446208,
                0.16644015153515113
            ],
            "frequencies": [
                1.7079832241588233,
                1.196597946206432,
                0.13250271459600277,
                0.12017323163572675,
                1.3743744231842856
            ],
            "weight_vectors": [
                [
                    0.12906922648758645,
                    0.054428184395961865
                ],
                [
                    0.1544677007579941,
                    0.14390595699706132
                ],
                [
                    0.7914802256741198,
                    0.9918735317991528
                ],
                [
                    0.2035513161527892,
                    0.45422867638474107
                ],
                [
                    0.7260416079943247,
                    0.8014255147260004
                ]
            ],
            "phases": [
                3.22633293726758,
                0.4220520021614012,
                1.1167830105870145,
                5.350056067672405,
                2.1963541538246534
            ],
            "offset": -0.17270617222589493,
            "bounds": [
                [
                    0.8637349628734264,
                    3.866358068768397
                ],
                [
                    6.7545155948129665,
                    9.323203132437996
                ]
            ],
            "minimum_value": 0.0,
            "active_dims": [
                0,
                1
            ]
        },
        {
            "type": "Gaussian",
            "mean": [
                7.621621105159193,
                7.715302256928121
            ],
            "std_dev": [
                0.5060359234086141,
                1.9504208211213854
            ],
            "max_amplitude": 0.2524704618668743,
            "active_dims": [
                0,
                2
            ]
        },
        {
            "type": "StaticHypercube",
            "dimensions": [
                [
                    0.017169660553405547,
                    0.2328843944003596
                ],
                [
                    7.402551739636287,
                    8.59068361246844
                ],
                [
                    1.1430629906156056,
                    5.694732067420938
                ]
            ],
            "static_value": 0.4190943622705491,
            "active_dims": [
                0,
                1,
                2
            ]
        },
        {
            "type": "Ramp",
            "coeff": [
                1.2601999969472117
            ],
            "min_value": 0.09688282328749293,
            "max_value": 0.24614471482936157,
            "bounds": [
                [
                    6.87441028889237,
                    8.354617342980601
                ]
            ],
            "active_dims": [
                2
            ]
        }
    ],
    "stats": {
        "energy": 459095998.2955086,
        "bandwidth": 21,
        "mean": 0.27320475036460434,
        "std": 0.1935023212705176,
        "pct_over_06": 0.080625,
        "pct_over_08": 0.0099375
    }
}