{
    "functions": [
        {
            "type": "Ramp",
            "coeff": [
                1.8920127129588586,
                1.7944564941591337
            ],
            "min_value": 0.0029726947262884965,
            "max_value": 0.11610024900823654,
            "bounds": [
                [
                    7.839000361282359,
                    8.218561957441327
                ],
                [
                    3.5542496339480456,
                    5.918222250592814
                ]
            ],
            "active_dims": [
                0,
                1
            ]
        },
        {
            "type": "Sinus",
            "amplitudes": [
                0.15080144976487309,
                0.2988544656423059,
                0.1715474388779505,
                0.13794758201074422
            ],
            "frequencies": [
                1.4448441113880497,
                0.861982721634858,
                0.977539728860837,
                0.8644213640773496
            ],
            "weight_vectors": [
                [
                    0.8005025728693368
                ],
                [
                    0.9055683588589154
                ],
                [
                    0.7583155222732467
                ],
                [
                    0.8198203668730346
                ]
            ],
            "phases": [
                4.058151114974876,
                4.25629332802428,
                0.31262411017720065,
                5.348888717611301
            ],
            "offset": 0.11384747137350709,
            "bounds": [
                [
                    4.423049006156086,
                    8.821439535032358
                ]
            ],
            "minimum_value": 0.0,
            "active_dims": [
                1
            ]
        },
        {
            "type": "Gaussian",
            "mean": [
                5.0117602402043895
            ],
            "std_dev": [
                1.323047379540381
            ],
            "max_amplitude": 0.15679211829513018,
            "active_dims": [
                1
            ]
        },
        {
            "type": "Sinus",
            "amplitudes": [
                0.11054739744762646,
                0.07146502658360121,
                0.07741932304166359,
                0.1696183445765414
            ],
            "frequencies": [
                1.0445856686995463,
                1.9823146170719672,
                1.930892245025909,
                1.5660945101203845
            ],
            "weight_vectors": [
                [
                    0.5622225037791605,
                    0.4734034410159965
                ],
                [
                    0.5618178087365254,
                    0.19792939360107342
                ],
                [
                    0.9266374026465148,
                    0.971777084939163
                ],
                [
                    0.5543088122091318,
                    0.016707548158445662
                ]
            ],
            "phases": [
                2.1961941508222202,
                1.8558535153049327,
                4.050172543244278,
                4.350023201142793
            ],
            "offset": -0.10224374660596586,
            "bounds": [
                [
                    3.722667672203021,
                    7.624303495583324
                ],
                [
                    6.342099709478377,
                    6.625038508903505
                ]
            ],
            "minimum_value": 0.0,
            "active_dims": [
                0,
                2
            ]
        },
        {
            "type": "Gaussian",
            "mean": [
                8.590145258753694
            ],
            "std_dev": [
                3.509005604794501
            ],
            "max_amplitude": 0.1881940641524629,
            "active_dims": [
                1
            ]
        },
        {
            "type": "Gaussian",
            "mean": [
                5.4190521531199
            ],
            "std_dev": [
                1.481017416573345
            ],
            "max_amplitude": 0.18776401893146838,
            "active_dims": [
                0
            ]
        },
        {
            "type": "Ramp",
            "coeff": [
                0.18446347621483272,
                1.3948267777302394
            ],
            "min_value": 0.08517238204511594,
            "max_value": 0.2148355536198611,
            "bounds": [
                [
                    1.274728881929573,
                    1.6631675971115865
                ],
                [
                    4.686661335887102,
                    9.47155484899906
                ]
            ],
            "active_dims": [
                0,
                2
            ]
        },
        {
            "type": "Ramp",
            "coeff": [
                1.1503265491370496
            ],
            "min_value": 0.05107753475335441,
            "max_value": 0.22793979055425348,
            "bounds": [
                [
                    8.370215692778308,
                    8.762069772549578
                ]
            ],
            "active_dims": [
                0
            ]
        },
        {
            "type": "Sinus",
            "amplitudes": [
                0.2187869566230277,
                0.08006714843598568
            ],
            "frequencies": [
                0.18819142351364956,
                0.19118590358748114
            ],
            "weight_vectors": [
                [
                    0.9570398264530883,
                    0.038024715931316844
                ],
                [
                    0.8972493912252366,
                    0.7825283354977015
                ]
            ],
            "phases": [
                5.017232209482398,
                0.12435412212943708
            ],
            "offset": 0.1409957177009366,
            "bounds": [
                [
                    6.368261892451828,
                    6.58819160915466
                ],
                [
                    0.41977748382545543,
                    1.725450023603445
                ]
            ],
            "minimum_value": 0.0,
            "active_dims": [
                1,
                2
            ]
        }
    ],
    "stats": {
        "energy": 592870956.1495098,
        "bandwidth": 17,
        "mean": 0.30852556417088056,
        "std": 0.22261145979425406,
        "pct_over_06": 0.11471875,
        "pct_over_08": 0.068125
    }
}