{
    "functions": [
        {
            "type": "Sinus",
            "amplitudes": [
                0.0974875804069972
            ],
            "frequencies": [
                0.5067948148823018
            ],
            "weight_vectors": [
                [
                    0.3699521277719292,
                    0.5289505255455753
                ]
            ],
            "phases": [
                0.8256515666405042
            ],
            "offset": 0.11989935725904849,
            "bounds": [
                [
                    3.1329819417406304,
                    5.4633998452755295
                ],
                [
                    0.45475157714717895,
                    5.083555347323406
                ]
            ],
            "minimum_value": 0.0,
            "active_dims": [
                0,
                1
            ]
        },
        {
            "type": "Sinus",
            "amplitudes": [
                0.10295325203142189,
                0.13446811014717625,
                0.11457969256150688
            ],
            "frequencies": [
                0.3516037800796089,
                0.10958232678703345,
                0.3012850300566371
            ],
            "weight_vectors": [
                [
                    0.27969248329810736
                ],
                [
                    0.2348113090135785
                ],
                [
                    0.18179623830169445
                ]
            ],
            "phases": [
                0.6417628611056889,
                1.7851304385082978,
                1.0210050029036815
            ],
            "offset": 0.09964657558591307,
            "bounds": [
                [
                    5.335386041228093,
                    9.586189161932097
                ]
            ],
            "minimum_value": 0.0,
            "active_dims": [
                0
            ]
        },
        {
            "type": "Gaussian",
            "mean": [
                9.597763493482622,
                2.6785880168159615,
                5.344419310709526
            ],
            "std_dev": [
                3.7141061210859956,
                2.4102360108523295,
                2.209943021577426
            ],
            "max_amplitude": 0.07338734792199407,
            "active_dims": [
                0,
                1,
                2
            ]
        },
        {
            "type": "Gaussian",
            "mean": [
                4.238414661300348,
                6.123446919866335,
                5.959402176330098
            ],
            "std_dev": [
                2.5802801153557007,
                1.6683032565863931,
                1.5549649323159456
            ],
            "max_amplitude": 0.11456714863108029,
            "active_dims": [
                0,
                1,
                2
            ]
        },
        {
            "type": "Sinus",
            "amplitudes": [
                0.2176866481990448
            ],
            "frequencies": [
                1.5773362747129063
            ],
            "weight_vectors": [
                [
                    0.6048953583211772
                ]
            ],
            "phases": [
                3.1095674257661274
            ],
            "offset": -0.09453122720878045,
            "bounds": [
                [
                    3.035951615356761,
                    5.101374069910778
                ]
            ],
            "minimum_value": 0.0,
            "active_dims": [
                1
            ]
        },
        {
            "type": "Gaussian",
            "mean": [
                2.512139164702666
            ],
            "std_dev": [
                3.7107486140795127
            ],
            "max_amplitude": 0.14652464754762914,
            "active_dims": [
                1
            ]
        },
        {
            "type": "Gaussian",
            "mean": [
                3.091229638966749,
                3.8199367287551556,
                9.651638657911796
            ],
            "std_dev": [
                2.492826803435502,
                1.4118557602126083,
                1.9828586788725624
            ],
            "max_amplitude": 0.10330689358155234,
            "active_dims": [
                0,
                1,
                2
            ]
        },
        {
            "type": "StaticHypercube",
            "dimensions": [
                [
                    5.7066673580340606,
                    9.404474780361452
                ],
                [
                    1.037312117892081,
                    1.7993802169580497
                ]
            ],
            "static_value": 0.18750825925699577,
            "active_dims": [
                0,
                2
            ]
        },
        {
            "type": "Ramp",
            "coeff": [
                0.8818083717010485,
                0.9558292347557236
            ],
            "min_value": 0.08822504602729038,
            "max_value": 0.21947222570928424,
            "bounds": [
                [
                    6.795642635052748,
                    8.374652002410745
                ],
                [
                    3.991013197184685,
                    7.8667554630102465
                ]
            ],
            "active_dims": [
                0,
                2
            ]
        }
    ],
    "stats": {
        "energy": 732751658.6820863,
        "bandwidth": 10,
        "mean": 0.34583600671122766,
        "std": 0.2434992903120314,
        "pct_over_06": 0.173296875,
        "pct_over_08": 0.023890625
    }
}