{
    "functions": [
        {
            "type": "Sinus",
            "amplitudes": [
                0.15263057644182665,
                0.2375092526868845,
                0.1334676555126596,
                0.1613427147932633
            ],
            "frequencies": [
                1.4806113522225774,
                0.8108493304438587,
                0.28441928798154925,
                1.913260303435829
            ],
            "weight_vectors": [
                [
                    0.4289992329747272
                ],
                [
                    0.9601994452542892
                ],
                [
                    0.13418646868657425
                ],
                [
                    0.9792392315390199
                ]
            ],
            "phases": [
                3.8598660544966106,
                3.9100182467196896,
                5.502484424584458,
                2.5803777685198344
            ],
            "offset": -0.06779091119561545,
            "bounds": [
                [
                    3.54208426079043,
                    9.414215922180695
                ]
            ],
            "minimum_value": 0.0,
            "active_dims": [
                1
            ]
        },
        {
            "type": "Gaussian",
            "mean": [
                4.132017890364198,
                0.022549583932871542,
                3.880161243345881
            ],
            "std_dev": [
                3.823928061264847,
                1.4521279394145454,
                3.2649138150165213
            ],
            "max_amplitude": 0.1694008460872557,
            "active_dims": [
                0,
                1,
                2
            ]
        },
        {
            "type": "StaticHypercube",
            "dimensions": [
                [
                    2.7388995444836612,
                    8.890961853832467
                ],
                [
                    0.6727410983130592,
                    3.353099285949397
                ],
                [
                    5.172322756791282,
                    9.592260472902538
                ]
            ],
            "static_value": 0.05345115027338342,
            "active_dims": [
                0,
                1,
                2
            ]
        },
        {
            "type": "Ramp",
            "coeff": [
                1.1698336532590232,
                1.2411653747664457,
                0.43426297904162303
            ],
            "min_value": 0.06921721977055292,
            "max_value": 0.16325424469174118,
            "bounds": [
                [
                    5.544191606895177,
                    9.437499371718014
                ],
                [
                    0.18585502467988527,
                    4.301786710832054
                ],
                [
                    2.0493183755062496,
                    5.172390103657669
                ]
            ],
            "active_dims": [
                0,
                1,
                2
            ]
        },
        {
            "type": "Gaussian",
            "mean": [
                2.3823244804980757,
                4.946259460207411,
                9.535747474369012
            ],
            "std_dev": [
                3.8810675775514367,
                3.5454873100187574,
                1.7556081214929502
            ],
            "max_amplitude": 0.13604655126315507,
            "active_dims": [
                0,
                1,
                2
            ]
        },
        {
            "type": "Gaussian",
            "mean": [
                4.580602908603975,
                7.437772246742094
            ],
            "std_dev": [
                3.9639045291108785,
                0.9326682250301243
            ],
            "max_amplitude": 0.1669176550753077,
            "active_dims": [
                0,
                1
            ]
        },
        {
            "type": "StaticHypercube",
            "dimensions": [
                [
                    4.142617258207614,
                    4.7702515778173495
                ]
            ],
            "static_value": 0.17936771382428174,
            "active_dims": [
                0
            ]
        },
        {
            "type": "Gaussian",
            "mean": [
                6.112404301850286,
                9.771357234456985
            ],
            "std_dev": [
                1.8742577934303326,
                0.2214442997314984
            ],
            "max_amplitude": 0.21792965835309855,
            "active_dims": [
                1,
                2
            ]
        },
        {
            "type": "Gaussian",
            "mean": [
                8.203718331855507
            ],
            "std_dev": [
                3.8739461541806164
            ],
            "max_amplitude": 0.18213831464684357,
            "active_dims": [
                2
            ]
        }
    ],
    "stats": {
        "energy": 298541645.4031613,
        "bandwidth": 38,
        "mean": 0.23266623996119917,
        "std": 0.13694000394177688,
        "pct_over_06": 0.017859375,
        "pct_over_08": 0.002140625
    }
}