{
    "functions": [
        {
            "type": "Ramp",
            "coeff": [
                0.1477364297434247
            ],
            "min_value": 0.17084343770426258,
            "max_value": 0.3563318025582775,
            "bounds": [
                [
                    6.155251031732717,
                    7.045489308372156
                ]
            ],
            "active_dims": [
                1
            ]
        },
        {
            "type": "Ramp",
            "coeff": [
                1.8310262720635595,
                1.3333291872512987
            ],
            "min_value": 0.03573828263391868,
            "max_value": 0.18010086421436236,
            "bounds": [
                [
                    8.703356845819897,
                    9.734450094934566
                ],
                [
                    1.3185695066295928,
                    6.882068783086927
                ]
            ],
            "active_dims": [
                0,
                1
            ]
        },
        {
            "type": "Sinus",
            "amplitudes": [
                0.09098281127835778,
                0.4931252326542757,
                0.26119647976811483,
                0.2841958177976073
            ],
            "frequencies": [
                1.866710311111956,
                1.2307339043344456,
                1.6008134231613262,
                1.2749949245604655
            ],
            "weight_vectors": [
                [
                    0.055192616188516785,
                    0.8505994369312284,
                    0.06622048880856501
                ],
                [
                    0.23666872379475745,
                    0.10228903479698126,
                    0.9934740254220966
                ],
                [
                    0.542407271666836,
                    0.5000793934261701,
                    0.4087802983138926
                ],
                [
                    0.1903446391664967,
                    0.022830639406556053,
                    0.6056785595754268
                ]
            ],
            "phases": [
                4.750140063618165,
                1.5546512336882348,
                1.7086747270975062,
                1.9415753566703566
            ],
            "offset": 0.003292163915942911,
            "bounds": [
                [
                    4.086516753567005,
                    5.339562319437947
                ],
                [
                    3.588208926516447,
                    4.356588599097608
                ],
                [
                    1.1379263635119226,
                    6.87678904424614
                ]
            ],
            "minimum_value": 0.0,
            "active_dims": [
                0,
                1,
                2
            ]
        },
        {
            "type": "StaticHypercube",
            "dimensions": [
                [
                    1.7844639253400714,
                    6.4710407105594765
                ]
            ],
            "static_value": 0.15886760951748574,
            "active_dims": [
                0
            ]
        },
        {
            "type": "StaticHypercube",
            "dimensions": [
                [
                    0.4779956199957263,
                    1.2470084792843017
                ]
            ],
            "static_value": 0.21872502312557277,
            "active_dims": [
                0
            ]
        },
        {
            "type": "Gaussian",
            "mean": [
                9.784988306769923,
                1.789203680283591
            ],
            "std_dev": [
                2.3375121827899146,
                3.766795101178812
            ],
            "max_amplitude": 0.3389614087585695,
            "active_dims": [
                0,
                1
            ]
        },
        {
            "type": "Sinus",
            "amplitudes": [
                0.27724839926499995,
                0.23138302466292418,
                0.4335898182293589,
                0.09841838861506437
            ],
            "frequencies": [
                0.479254483200346,
                0.339948098867202,
                0.7247404869180887,
                1.0700269230195227
            ],
            "weight_vectors": [
                [
                    0.10649872202218924,
                    0.5902649847790946,
                    0.8926533472925717
                ],
                [
                    0.5872007153615797,
                    0.6976400554039648,
                    0.7245963013192618
                ],
                [
                    0.7548839720345238,
                    0.7988634316605041,
                    0.04348967933044867
                ],
                [
                    0.5673523713366543,
                    0.28066275675381547,
                    0.3315820243231362
                ]
            ],
            "phases": [
                0.3590385521537069,
                4.538249768209356,
                4.983614799810802,
                5.489450789473305
            ],
            "offset": -0.027224125954448057,
            "bounds": [
                [
                    0.9818707569370847,
                    9.335275558965003
                ],
                [
                    3.4738027748234983,
                    8.197123106322282
                ],
                [
                    6.3175807798048,
                    9.084712024102094
                ]
            ],
            "minimum_value": 0.0,
            "active_dims": [
                0,
                1,
                2
            ]
        },
        {
            "type": "Gaussian",
            "mean": [
                5.097799675520371,
                0.3043398309674272,
                0.2338725113030926
            ],
            "std_dev": [
                3.972382112521995,
                3.616978336984944,
                2.1430363393537957
            ],
            "max_amplitude": 0.26086096286575794,
            "active_dims": [
                0,
                1,
                2
            ]
        },
        {
            "type": "StaticHypercube",
            "dimensions": [
                [
                    4.565327047919408,
                    8.93525942850875
                ]
            ],
            "static_value": 0.24145504329426007,
            "active_dims": [
                1
            ]
        }
    ],
    "stats": {
        "energy": 568624539.4509009,
        "bandwidth": 28,
        "mean": 0.3231993165264417,
        "std": 0.1853821788865399,
        "pct_over_06": 0.075890625,
        "pct_over_08": 0.00409375
    }
}