{
    "functions": [
        {
            "type": "Gaussian",
            "mean": [
                3.306896522712491,
                0.14973993578620282,
                5.256972048266558
            ],
            "std_dev": [
                2.2212450749809447,
                1.226904935614787,
                0.7333475185904585
            ],
            "max_amplitude": 0.18943622606890625,
            "active_dims": [
                0,
                1,
                2
            ]
        },
        {
            "type": "Sinus",
            "amplitudes": [
                0.1860019747967936,
                0.12182482410899102,
                0.1368241295735462,
                0.14150353048575814,
                0.12359487755551665
            ],
            "frequencies": [
                1.9082277030598103,
                0.21031555284899142,
                0.5254570704046566,
                1.83272966888765,
                0.24868856860971672
            ],
            "weight_vectors": [
                [
                    0.5701741898536382
                ],
                [
                    0.09505078943007139
                ],
                [
                    0.8701022987463419
                ],
                [
                    0.2906250639359226
                ],
                [
                    0.8777529080810178
                ]
            ],
            "phases": [
                4.927518767878777,
                1.6439854106752336,
                4.8932210289094735,
                3.0467968322539276,
                3.6357000963526236
            ],
            "offset": -0.0610840579064014,
            "bounds": [
                [
                    2.6584752559740146,
                    7.466199954389137
                ]
            ],
            "minimum_value": 0.0,
            "active_dims": [
                2
            ]
        },
        {
            "type": "StaticHypercube",
            "dimensions": [
                [
                    0.5311114022347742,
                    2.6924407653611007
                ],
                [
                    2.633077139505686,
                    8.007331454824374
                ]
            ],
            "static_value": 0.21391264430332485,
            "active_dims": [
                0,
                2
            ]
        },
        {
            "type": "Sinus",
            "amplitudes": [
                0.4253649009743429,
                0.3428085145112704,
                0.38049540477146754,
                0.213967389829373
            ],
            "frequencies": [
                1.2107734335721727,
                1.6138789882411135,
                0.11805356750829785,
                1.2877353030188328
            ],
            "weight_vectors": [
                [
                    0.9236530820371657,
                    0.26607398697006,
                    0.5562965913933372
                ],
                [
                    0.5244363151511439,
                    0.8416844354850745,
                    0.11840124475384883
                ],
                [
                    0.9932862453097007,
                    0.7806048418211782,
                    0.28749722691474944
                ],
                [
                    0.7061733087106131,
                    0.7794911506017266,
                    0.9619403543952407
                ]
            ],
            "phases": [
                0.9473081356076805,
                0.2931139964458639,
                0.5922359500157295,
                6.1942458121884405
            ],
            "offset": 0.03388400896707183,
            "bounds": [
                [
                    1.7098711539454834,
                    3.0379280733490783
                ],
                [
                    6.907014605463975,
                    8.046291984210864
                ],
                [
                    7.115984611323023,
                    8.677033387943634
                ]
            ],
            "minimum_value": 0.0,
            "active_dims": [
                0,
                1,
                2
            ]
        },
        {
            "type": "Sinus",
            "amplitudes": [
                0.3655182727643682,
                0.3537253736512696
            ],
            "frequencies": [
                0.5097037009823957,
                1.0212111136816104
            ],
            "weight_vectors": [
                [
                    0.2123823984557065,
                    0.5671226106236932,
                    0.04496209986322952
                ],
                [
                    0.858225609749684,
                    0.2252674672323739,
                    0.9876354491336644
                ]
            ],
            "phases": [
                3.780452259513352,
                1.6212175523951264
            ],
            "offset": 0.02904939262160948,
            "bounds": [
                [
                    4.098948057883356,
                    8.848583379037276
                ],
                [
                    6.895393707015347,
                    9.665196552037472
                ],
                [
                    0.17470978769159115,
                    2.7639307264739794
                ]
            ],
            "minimum_value": 0.0,
            "active_dims": [
                0,
                1,
                2
            ]
        },
        {
            "type": "StaticHypercube",
            "dimensions": [
                [
                    5.229726060624651,
                    6.48659652281766
                ]
            ],
            "static_value": 0.2454665672976654,
            "active_dims": [
                2
            ]
        },
        {
            "type": "StaticHypercube",
            "dimensions": [
                [
                    2.3080501732599674,
                    4.8387326775735735
                ],
                [
                    2.801562915885087,
                    5.696944024779222
                ]
            ],
            "static_value": 0.19873456243977608,
            "active_dims": [
                1,
                2
            ]
        },
        {
            "type": "Gaussian",
            "mean": [
                7.7170785158394795,
                6.754407050334573,
                5.889531065494912
            ],
            "std_dev": [
                0.8957930423100291,
                2.2670338481651506,
                0.8111567207559278
            ],
            "max_amplitude": 0.35760744519217047,
            "active_dims": [
                0,
                1,
                2
            ]
        },
        {
            "type": "Ramp",
            "coeff": [
                0.7708212801764625,
                1.7375691724062556,
                1.4397754436217782
            ],
            "min_value": 0.09104650251053088,
            "max_value": 0.14281576723040154,
            "bounds": [
                [
                    6.7520787158961655,
                    8.516868587626762
                ],
                [
                    5.5864547485336455,
                    6.453937175048871
                ],
                [
                    3.369737813499376,
                    7.125232240294337
                ]
            ],
            "active_dims": [
                0,
                1,
                2
            ]
        }
    ],
    "stats": {
        "energy": 167726814.57198992,
        "bandwidth": 265,
        "mean": 0.1260204947857251,
        "std": 0.158328027312999,
        "pct_over_06": 0.011796875,
        "pct_over_08": 0.00040625
    }
}