{
    "functions": [
        {
            "type": "StaticHypercube",
            "dimensions": [
                [
                    4.097402890995301,
                    8.69253090539671
                ],
                [
                    2.3699915434803924,
                    3.3258573955287143
                ]
            ],
            "static_value": 0.23692693204825924,
            "active_dims": [
                0,
                1
            ]
        },
        {
            "type": "Ramp",
            "coeff": [
                0.10415534849865726
            ],
            "min_value": 0.13287567060160027,
            "max_value": 0.345205908524708,
            "bounds": [
                [
                    1.9499234982291758,
                    2.5357989665298657
                ]
            ],
            "active_dims": [
                0
            ]
        },
        {
            "type": "Sinus",
            "amplitudes": [
                0.10592920691680285,
                0.15842958167605797,
                0.28179591488226147,
                0.4128926486814792
            ],
            "frequencies": [
                1.6413293924924797,
                0.14158072128586296,
                0.14226975965638927,
                1.430177352096054
            ],
            "weight_vectors": [
                [
                    0.4534610848449909
                ],
                [
                    0.8350491131700167
                ],
                [
                    0.8967690150743898
                ],
                [
                    0.006798469597277368
                ]
            ],
            "phases": [
                0.4362332867354442,
                0.05585942856815379,
                5.147510019074655,
                4.910994815965971
            ],
            "offset": -0.12440084278888697,
            "bounds": [
                [
                    6.195349412749884,
                    9.128077100385937
                ]
            ],
            "minimum_value": 0.0,
            "active_dims": [
                2
            ]
        },
        {
            "type": "Gaussian",
            "mean": [
                6.1829264572903995,
                5.550003224395214
            ],
            "std_dev": [
                2.807399242969398,
                1.4528639671704304
            ],
            "max_amplitude": 0.15998138106956433,
            "active_dims": [
                1,
                2
            ]
        },
        {
            "type": "Ramp",
            "coeff": [
                1.5516035874242466,
                0.18358635640751753,
                0.5179446006864472
            ],
            "min_value": 0.08792178895369011,
            "max_value": 0.10564384168951442,
            "bounds": [
                [
                    6.160162441116975,
                    8.390577135599695
                ],
                [
                    0.7582977206477071,
                    2.0841167577182524
                ],
                [
                    1.295294946211092,
                    3.4607666414318876
                ]
            ],
            "active_dims": [
                0,
                1,
                2
            ]
        },
        {
            "type": "Ramp",
            "coeff": [
                0.6192018610300891,
                0.2953831630668564
            ],
            "min_value": 0.26973421185387453,
            "max_value": 0.5937354876222426,
            "bounds": [
                [
                    8.146603043299589,
                    8.398239963166086
                ],
                [
                    4.908546057206231,
                    6.386132734082289
                ]
            ],
            "active_dims": [
                0,
                1
            ]
        },
        {
            "type": "Gaussian",
            "mean": [
                0.7006580177679067,
                0.7740385275337314
            ],
            "std_dev": [
                0.7345628412815467,
                3.7614953631495065
            ],
            "max_amplitude": 0.20212657479894217,
            "active_dims": [
                0,
                1
            ]
        },
        {
            "type": "Gaussian",
            "mean": [
                7.218647470285999
            ],
            "std_dev": [
                2.9706108093657404
            ],
            "max_amplitude": 0.3480153863404419,
            "active_dims": [
                0
            ]
        },
        {
            "type": "StaticHypercube",
            "dimensions": [
                [
                    0.17138871282070567,
                    3.905605820780817
                ],
                [
                    4.454347700096939,
                    8.861022690297137
                ]
            ],
            "static_value": 0.41776086300482873,
            "active_dims": [
                0,
                2
            ]
        }
    ],
    "stats": {
        "energy": 601277644.2664623,
        "bandwidth": 24,
        "mean": 0.34925011780135484,
        "std": 0.15754572379306742,
        "pct_over_06": 0.08528125,
        "pct_over_08": 0.00853125
    }
}