{
    "functions": [
        {
            "type": "Sinus",
            "amplitudes": [
                0.20714488113196367,
                0.26169901858618516,
                0.2017586814766999,
                0.11384748742635185
            ],
            "frequencies": [
                0.1806999544755769,
                1.5272650837946344,
                1.2280469803475518,
                0.13138913935448088
            ],
            "weight_vectors": [
                [
                    0.27037252093213693,
                    0.10457859738161734,
                    0.35882178404313225
                ],
                [
                    0.132638432593007,
                    0.35914753344270367,
                    0.7197682376873267
                ],
                [
                    0.9810722973892736,
                    0.7102428370854755,
                    0.5884213603902826
                ],
                [
                    0.1071731474684281,
                    0.7624518968005661,
                    0.3165664743900124
                ]
            ],
            "phases": [
                1.2510509756914399,
                0.9266719062299037,
                5.829314126942572,
                0.24973740858402818
            ],
            "offset": 0.2101089488950508,
            "bounds": [
                [
                    0.9947067026305396,
                    4.2638201210626185
                ],
                [
                    4.426607032211652,
                    6.824462623503118
                ],
                [
                    1.6775038185124664,
                    2.443213777500271
                ]
            ],
            "minimum_value": 0.0,
            "active_dims": [
                0,
                1,
                2
            ]
        },
        {
            "type": "Ramp",
            "coeff": [
                1.6963830028457711,
                0.6458885289707716,
                0.36544502860055594
            ],
            "min_value": 0.030447211010371334,
            "max_value": 0.26530809403124717,
            "bounds": [
                [
                    3.212214729554514,
                    6.936952846124434
                ],
                [
                    2.5652879457290823,
                    3.6470884803837604
                ],
                [
                    0.104745437371731,
                    4.332572692664066
                ]
            ],
            "active_dims": [
                0,
                1,
                2
            ]
        },
        {
            "type": "Gaussian",
            "mean": [
                0.48456860087844555,
                3.9331135443474654,
                8.810636277880237
            ],
            "std_dev": [
                1.440055616371538,
                1.7783119008419688,
                0.5257242213402016
            ],
            "max_amplitude": 0.21476876123792898,
            "active_dims": [
                0,
                1,
                2
            ]
        },
        {
            "type": "Sinus",
            "amplitudes": [
                0.33506630258900383,
                0.12967758276722324
            ],
            "frequencies": [
                1.8999746627870298,
                0.5890391740097356
            ],
            "weight_vectors": [
                [
                    0.44508869859016076,
                    0.19974453617824217
                ],
                [
                    0.5786941967089219,
                    0.25170929320076174
                ]
            ],
            "phases": [
                0.03611204231544125,
                5.0751222984182185
            ],
            "offset": -0.050487755537702746,
            "bounds": [
                [
                    2.859626216874839,
                    7.426663809424543
                ],
                [
                    5.8780375908628875,
                    7.208810599384708
                ]
            ],
            "minimum_value": 0.0,
            "active_dims": [
                1,
                2
            ]
        },
        {
            "type": "StaticHypercube",
            "dimensions": [
                [
                    1.5648674350815224,
                    5.705731046405716
                ],
                [
                    3.4360422790976055,
                    7.358270967820875
                ]
            ],
            "static_value": 0.10209506627891449,
            "active_dims": [
                1,
                2
            ]
        },
        {
            "type": "Ramp",
            "coeff": [
                0.4948823089881995,
                0.6941636637061028
            ],
            "min_value": 0.023204593658971675,
            "max_value": 0.12973570296845816,
            "bounds": [
                [
                    6.4391600157772455,
                    8.250593817724065
                ],
                [
                    1.450206980531979,
                    4.720459945453049
                ]
            ],
            "active_dims": [
                0,
                1
            ]
        },
        {
            "type": "Sinus",
            "amplitudes": [
                0.272004675115001,
                0.34749320281619,
                0.2728671539699502
            ],
            "frequencies": [
                0.1747540622892828,
                0.2519262682460864,
                1.4367631053821104
            ],
            "weight_vectors": [
                [
                    0.6658787955674552,
                    0.6052292318401901,
                    0.4484657195213173
                ],
                [
                    0.9256807166957803,
                    0.672292930739257,
                    0.6692682812594517
                ],
                [
                    0.06070160129693947,
                    0.4156894076727383,
                    0.18316976964041154
                ]
            ],
            "phases": [
                5.41123967637231,
                2.8614557461113583,
                5.737673265664321
            ],
            "offset": -0.20951450760266155,
            "bounds": [
                [
                    0.07611214166210957,
                    3.0469357329113054
                ],
                [
                    0.3216327732368115,
                    2.742753711778634
                ],
                [
                    0.16315173758092757,
                    3.974694178191861
                ]
            ],
            "minimum_value": 0.0,
            "active_dims": [
                0,
                1,
                2
            ]
        },
        {
            "type": "StaticHypercube",
            "dimensions": [
                [
                    4.30801298106592,
                    5.251802276531983
                ],
                [
                    5.066425169806634,
                    9.624184211946996
                ],
                [
                    0.9852015213456793,
                    2.2428629484595843
                ]
            ],
            "static_value": 0.3013527143941804,
            "active_dims": [
                0,
                1,
                2
            ]
        },
        {
            "type": "Gaussian",
            "mean": [
                9.517669360018585,
                7.887915863659101
            ],
            "std_dev": [
                2.715072287774835,
                2.805658845938469
            ],
            "max_amplitude": 0.1880379818389673,
            "active_dims": [
                1,
                2
            ]
        }
    ],
    "stats": {
        "energy": 84874760.29213323,
        "bandwidth": 908,
        "mean": 0.08364238429424019,
        "std": 0.11715514744995725,