{
    "functions": [
        {
            "type": "Gaussian",
            "mean": [
                6.812503520471544
            ],
            "std_dev": [
                0.4932700970883267
            ],
            "max_amplitude": 0.1640848669017785,
            "active_dims": [
                0
            ]
        },
        {
            "type": "Sinus",
            "amplitudes": [
                0.1417932075495361,
                0.1397816595337945,
                0.13666364158142294,
                0.17847744613464736
            ],
            "frequencies": [
                1.153502079156005,
                1.5240799229810524,
                1.9692207259852534,
                0.9835756471038481
            ],
            "weight_vectors": [
                [
                    0.35164857112654524,
                    0.051872610639893124,
                    0.2277231714490363
                ],
                [
                    0.7008543863363539,
                    0.5703120560799259,
                    0.8761173592857917
                ],
                [
                    0.41856569630035756,
                    0.6684312771439046,
                    0.5436342880091672
                ],
                [
                    0.2857649794763172,
                    0.2412223750608108,
                    0.5250695490208511
                ]
            ],
            "phases": [
                3.5780311746268656,
                2.6539411274915397,
                0.8255035552141309,
                6.226103004419261
            ],
            "offset": 0.11394999096146888,
            "bounds": [
                [
                    4.376413146908519,
                    8.271170995983566
                ],
                [
                    6.632674472230116,
                    9.60381378553764
                ],
                [
                    4.676786046023951,
                    9.020005773241724
                ]
            ],
            "minimum_value": 0.0,
            "active_dims": [
                0,
                1,
                2
            ]
        },
        {
            "type": "Gaussian",
            "mean": [
                9.936664719402035,
                6.484295972052985
            ],
            "std_dev": [
                2.1169458490721405,
                1.0649605725362568
            ],
            "max_amplitude": 0.16918887384963047,
            "active_dims": [
                0,
                2
            ]
        },
        {
            "type": "Gaussian",
            "mean": [
                0.37584648136385956,
                0.33259546777861804,
                3.6980263022115545
            ],
            "std_dev": [
                2.631306502840138,
                1.2134434806121492,
                2.162076940195544
            ],
            "max_amplitude": 0.07828257559635547,
            "active_dims": [
                0,
                1,
                2
            ]
        },
        {
            "type": "Sinus",
            "amplitudes": [
                0.2523664260518658,
                0.11705051773632136,
                0.25073820640905786,
                0.22298567289909063
            ],
            "frequencies": [
                0.22344234743664707,
                1.1307334706768248,
                0.9950689366071662,
                1.913305131828252
            ],
            "weight_vectors": [
                [
                    0.8916917343596116,
                    0.7939383577094105
                ],
                [
                    0.1572364407897372,
                    0.09436163547119059
                ],
                [
                    0.6760530461121619,
                    0.9872199591242897
                ],
                [
                    0.4231348281422137,
                    0.38087661982816023
                ]
            ],
            "phases": [
                0.39276894760251413,
                6.276872363001681,
                5.652256556828717,
                1.4336051027145698
            ],
            "offset": -0.0735660035478999,
            "bounds": [
                [
                    3.8759961249356985,
                    9.429761181920707
                ],
                [
                    2.7727536572032694,
                    9.67091531103711
                ]
            ],
            "minimum_value": 0.0,
            "active_dims": [
                0,
                2
            ]
        },
        {
            "type": "StaticHypercube",
            "dimensions": [
                [
                    6.817586507099695,
                    9.322754215905986
                ],
                [
                    5.625610692383174,
                    8.488730334417088
                ]
            ],
            "static_value": 0.268964383800042,
            "active_dims": [
                0,
                1
            ]
        },
        {
            "type": "Ramp",
            "coeff": [
                0.0025595961375284304,
                0.23301205599682318,
                0.8374360437215012
            ],
            "min_value": 0.13317327228176892,
            "max_value": 0.17922505094410285,
            "bounds": [
                [
                    2.717260195683878,
                    8.080008759245858
                ],
                [
                    2.3833899919069674,
                    4.6283323555089835
                ],
                [
                    7.226295045612007,
                    7.846251099852395
                ]
            ],
            "active_dims": [
                0,
                1,
                2
            ]
        },
        {
            "type": "Gaussian",
            "mean": [
                1.9592338721255032,
                5.051520266037582,
                0.30542375829557433
            ],
            "std_dev": [
                3.8458446267219286,
                3.19422611383295,
                2.709019010560748
            ],
            "max_amplitude": 0.14455622963996562,
            "active_dims": [
                0,
                1,
                2
            ]
        },
        {
            "type": "Gaussian",
            "mean": [
                3.489520931951051
            ],
            "std_dev": [
                0.4072596061937769
            ],
            "max_amplitude": 0.16767030331402255,
            "active_dims": [
                1
            ]
        }
    ],
    "stats": {
        "energy": 304802747.37490565,
        "bandwidth": 175,
        "mean": 0.17843561319515786,
        "std": 0.2063382300726033,
        "pct_over_06": 0.057515625,
        "pct_over_08": 0.010359375
    }
}