{
    "functions": [
        {
            "type": "Gaussian",
            "mean": [
                6.2101978353994145,
                6.823047545974566,
                7.5788643390490575
            ],
            "std_dev": [
                3.2233190871034845,
                0.8414626113952348,
                1.775240880501215
            ],
            "max_amplitude": 0.16377100509067408,
            "active_dims": [
                0,
                1,
                2
            ]
        },
        {
            "type": "Gaussian",
            "mean": [
                7.158699856260922,
                6.523055557336253,
                4.167420122068365
            ],
            "std_dev": [
                3.165457740431726,
                1.6140106106489798,
                0.36461927399354577
            ],
            "max_amplitude": 0.12385003598362693,
            "active_dims": [
                0,
                1,
                2
            ]
        },
        {
            "type": "Sinus",
            "amplitudes": [
                0.14491724177424212,
                0.23349949659450825,
                0.147111107300195,
                0.36989350822761985
            ],
            "frequencies": [
                0.1110932768885815,
                0.25254845550222105,
                0.16397886078941593,
                1.5078253183160406
            ],
            "weight_vectors": [
                [
                    0.3195534184808144,
                    0.5289705279139838
                ],
                [
                    0.44530774603054335,
                    0.510151716593821
                ],
                [
                    0.32152000633095545,
                    0.6364776626914925
                ],
                [
                    0.7761103990374957,
                    0.4191720753760235
                ]
            ],
            "phases": [
                0.10237049039181653,
                0.3062690172063088,
                3.5121514315908486,
                2.497200762981828
            ],
            "offset": -0.026344143678350637,
            "bounds": [
                [
                    0.44435542920018295,
                    4.831509993034645
                ],
                [
                    3.5067414124255665,
                    6.152584024628425
                ]
            ],
            "minimum_value": 0.0,
            "active_dims": [
                1,
                2
            ]
        },
        {
            "type": "StaticHypercube",
            "dimensions": [
                [
                    2.6056973195033524,
                    3.4465542305450567
                ],
                [
                    1.5853401588319813,
                    8.168101319299668
                ]
            ],
            "static_value": 0.3338715511270021,
            "active_dims": [
                1,
                2
            ]
        },
        {
            "type": "StaticHypercube",
            "dimensions": [
                [
                    2.9844186514807878,
                    4.933885926265918
                ],
                [
                    2.965008087844432,
                    8.733109717746187
                ]
            ],
            "static_value": 0.07138895164089888,
            "active_dims": [
                1,
                2
            ]
        },
        {
            "type": "Gaussian",
            "mean": [
                5.654202645697582,
                2.833592626191519,
                0.05689599657092925
            ],
            "std_dev": [
                0.8650177216305814,
                3.6838650618965834,
                0.869484222560531
            ],
            "max_amplitude": 0.1912062507807236,
            "active_dims": [
                0,
                1,
                2
            ]
        },
        {
            "type": "Gaussian",
            "mean": [
                3.2953625749044644,
                1.2679601310879185
            ],
            "std_dev": [
                2.6251039509586076,
                0.48117777342183776
            ],
            "max_amplitude": 0.17964820688900204,
            "active_dims": [
                1,
                2
            ]
        },
        {
            "type": "Sinus",
            "amplitudes": [
                0.1999142966436679,
                0.08285773458868792
            ],
            "frequencies": [
                0.14902195314256028,
                0.63433639361738
            ],
            "weight_vectors": [
                [
                    0.33293341333123416
                ],
                [
                    0.8387993195299355
                ]
            ],
            "phases": [
                5.439380829578429,
                1.2152944677458566
            ],
            "offset": 0.04084339518660948,
            "bounds": [
                [
                    7.493552500533782,
                    9.276253926786522
                ]
            ],
            "minimum_value": 0.0,
            "active_dims": [
                1
            ]
        },
        {
            "type": "StaticHypercube",
            "dimensions": [
                [
                    7.535567175598361,
                    8.854973366411686
                ],
                [
                    1.686130837187996,
                    4.492688113139362
                ]
            ],
            "static_value": 0.08241708260367511,
            "active_dims": [
                1,
                2
            ]
        }
    ],
    "stats": {
        "energy": 102152182.50718519,
        "bandwidth": 293,
        "mean": 0.0751342500508337,
        "std": 0.13890407536036173,
        "pct_over_06": 0.012828125,
        "pct_over_08": 0.004734375
    }
}