{
    "functions": [
        {
            "type": "Gaussian",
            "mean": [
                5.009084840780877,
                3.3750712576148634
            ],
            "std_dev": [
                2.992144631747666,
                1.3321686421494916
            ],
            "max_amplitude": 0.2077857138062277,
            "active_dims": [
                1,
                2
            ]
        },
        {
            "type": "Sinus",
            "amplitudes": [
                0.216857483277361,
                0.09476845226324529,
                0.12682641109517648,
                0.3218745158998295
            ],
            "frequencies": [
                1.9093930351840516,
                1.2346301705808422,
                0.6603412330762037,
                1.1519755478686076
            ],
            "weight_vectors": [
                [
                    0.6054486862654168
                ],
                [
                    0.581183156963139
                ],
                [
                    0.5036226752814872
                ],
                [
                    0.6310358093246305
                ]
            ],
            "phases": [
                1.4050969144490597,
                4.086044860098625,
                3.980841810034307,
                4.119722279974659
            ],
            "offset": -0.057190708934775555,
            "bounds": [
                [
                    4.247205061025663,
                    7.577159054940584
                ]
            ],
            "minimum_value": 0.0,
            "active_dims": [
                2
            ]
        },
        {
            "type": "Sinus",
            "amplitudes": [
                0.21570425582818317,
                0.23804773688630057,
                0.18189998163714863
            ],
            "frequencies": [
                0.2223826398905338,
                1.8279789207312631,
                0.6790241678083748
            ],
            "weight_vectors": [
                [
                    0.5025034251438575,
                    0.13682535157797826,
                    0.572729756930449
                ],
                [
                    0.31359294284096206,
                    0.23113607177508744,
                    0.1293259215420487
                ],
                [
                    0.09695012645272838,
                    0.4950853367580287,
                    0.6994256378115107
                ]
            ],
            "phases": [
                1.6458021580586126,
                6.046507491847483,
                2.03713533041844
            ],
            "offset": 0.12252514522354052,
            "bounds": [
                [
                    3.2401924828266693,
                    9.05053400816353
                ],
                [
                    1.3376933920381504,
                    4.334602502991139
                ],
                [
                    1.4405496076459294,
                    2.32059471789126
                ]
            ],
            "minimum_value": 0.0,
            "active_dims": [
                0,
                1,
                2
            ]
        },
        {
            "type": "Gaussian",
            "mean": [
                8.473097831099102,
                0.3807426353861898,
                2.507059328464454
            ],
            "std_dev": [
                3.957144911016949,
                0.6268343658753339,
                0.6220570710337687
            ],
            "max_amplitude": 0.29500462659394716,
            "active_dims": [
                0,
                1,
                2
            ]
        },
        {
            "type": "Gaussian",
            "mean": [
                0.8251066881337943
            ],
            "std_dev": [
                2.803067223103782
            ],
            "max_amplitude": 0.25970054666181325,
            "active_dims": [
                0
            ]
        },
        {
            "type": "StaticHypercube",
            "dimensions": [
                [
                    3.512932870243556,
                    5.201239548408504
                ],
                [
                    4.2762067518228495,
                    9.28874253577613
                ]
            ],
            "static_value": 0.1815977839760101,
            "active_dims": [
                0,
                1
            ]
        },
        {
            "type": "Sinus",
            "amplitudes": [
                0.19324585349151768
            ],
            "frequencies": [
                1.085199385372921
            ],
            "weight_vectors": [
                [
                    0.10943720778718458,
                    0.41253828752096167
                ]
            ],
            "phases": [
                2.3804862591077005
            ],
            "offset": -0.1282916849362855,
            "bounds": [
                [
                    4.778309069648677,
                    9.770021742476658
                ],
                [
                    1.055940650992043,
                    3.8850926524536087
                ]
            ],
            "minimum_value": 0.0,
            "active_dims": [
                1,
                2
            ]
        },
        {
            "type": "Ramp",
            "coeff": [
                1.4847177149485409,
                0.7272083161904404
            ],
            "min_value": 0.015456290942325222,
            "max_value": 0.16697439114162407,
            "bounds": [
                [
                    5.401664328964232,
                    7.810624487772922
                ],
                [
                    0.07657991940261219,
                    1.0330566380054682
                ]
            ],
            "active_dims": [
                0,
                2
            ]
        },
        {
            "type": "StaticHypercube",
            "dimensions": [
                [
                    2.724888985458437,
                    4.926132142788788
                ],
                [
                    2.821057875548601,
                    8.17222877398122
                ],
                [
                    1.3450026908188473,
                    6.040403319580688
                ]
            ],
            "static_value": 0.14358186516341367,
            "active_dims": [
                0,
                1,
                2
            ]
        }
    ],
    "stats": {
        "energy": 311775428.83111465,
        "bandwidth": 44,
        "mean": 0.21891879183749807,
        "std": 0.16790357540827272,
        "pct_over_06": 0.0265,
        "pct_over_08": 0.006125
    }
}