{
    "functions": [
        {
            "type": "Gaussian",
            "mean": [
                2.5217840495399813
            ],
            "std_dev": [
                3.2104605070569816
            ],
            "max_amplitude": 0.20854104768658885,
            "active_dims": [
                0
            ]
        },
        {
            "type": "Gaussian",
            "mean": [
                1.989391517900303,
                0.6474787211373645
            ],
            "std_dev": [
                3.7214690821544503,
                3.72197020840068
            ],
            "max_amplitude": 0.2067808013504555,
            "active_dims": [
                0,
                2
            ]
        },
        {
            "type": "Ramp",
            "coeff": [
                1.2986690024201772
            ],
            "min_value": 0.11876773206949674,
            "max_value": 0.27081368094725783,
            "bounds": [
                [
                    6.285235787236906,
                    8.57137369409042
                ]
            ],
            "active_dims": [
                2
            ]
        },
        {
            "type": "Sinus",
            "amplitudes": [
                0.04787455474484004,
                0.22921010856285842,
                0.24758839342492503,
                0.2020879024039703,
                0.07192234229708792
            ],
            "frequencies": [
                1.128194738617497,
                1.4041375810985697,
                0.29675759191594897,
                0.2729032202644936,
                1.249995063284657
            ],
            "weight_vectors": [
                [
                    0.6512236130937105
                ],
                [
                    0.02190557724890696
                ],
                [
                    0.36697085139579455
                ],
                [
                    0.7371021355035947
                ],
                [
                    0.2804134021967275
                ]
            ],
            "phases": [
                0.5388044220176441,
                2.3863263281535563,
                4.262628755177417,
                3.316794562719151,
                5.516954682203854
            ],
            "offset": 0.08164328497627277,
            "bounds": [
                [
                    2.1855650930679924,
                    5.224995812578576
                ]
            ],
            "minimum_value": 0.0,
            "active_dims": [
                2
            ]
        },
        {
            "type": "Gaussian",
            "mean": [
                4.5364649017973875,
                7.889355952779313
            ],
            "std_dev": [
                2.2973246035968358,
                3.394048504652769
            ],
            "max_amplitude": 0.23814352931603597,
            "active_dims": [
                0,
                1
            ]
        },
        {
            "type": "Gaussian",
            "mean": [
                1.35446352469497,
                8.382399021823431
            ],
            "std_dev": [
                3.646832546470387,
                1.5054980692029771
            ],
            "max_amplitude": 0.1950204271334061,
            "active_dims": [
                1,
                2
            ]
        },
        {
            "type": "Gaussian",
            "mean": [
                6.991070961624317,
                5.157937377536293,
                5.244561178667254
            ],
            "std_dev": [
                2.8903216126930036,
                1.8252891874577293,
                2.4673341804939093
            ],
            "max_amplitude": 0.11626434514476788,
            "active_dims": [
                0,
                1,
                2
            ]
        },
        {
            "type": "Ramp",
            "coeff": [
                1.3831509078989297,
                1.2498241335941689
            ],
            "min_value": 0.14036657367880367,
            "max_value": 0.18559426991620043,
            "bounds": [
                [
                    0.9551999566638667,
                    6.142766866488283
                ],
                [
                    1.7965605364640471,
                    6.398125239216317
                ]
            ],
            "active_dims": [
                0,
                2
            ]
        },
        {
            "type": "Gaussian",
            "mean": [
                6.703533223341303
            ],
            "std_dev": [
                3.6764886050958148
            ],
            "max_amplitude": 0.18637355229076222,
            "active_dims": [
                2
            ]
        }
    ],
    "stats": {
        "energy": 1383887503.0307596,
        "bandwidth": 3,
        "mean": 0.5429233768230356,
        "std": 0.20759905302936985,
        "pct_over_06": 0.423921875,
        "pct_over_08": 0.13021875
    }
}