{
    "functions": [
        {
            "type": "Gaussian",
            "mean": [
                3.8917093158737304
            ],
            "std_dev": [
                0.761085451315838
            ],
            "max_amplitude": 0.29150379284947214,
            "active_dims": [
                0
            ]
        },
        {
            "type": "Ramp",
            "coeff": [
                0.3180075173265593,
                1.1852284546646068,
                1.9380255967962603
            ],
            "min_value": 0.05023690331119762,
            "max_value": 0.272544500875511,
            "bounds": [
                [
                    0.9914363558280579,
                    3.3917846622403363
                ],
                [
                    2.098561790409791,
                    6.485878039462685
                ],
                [
                    4.6212471556400025,
                    7.3112146926165
                ]
            ],
            "active_dims": [
                0,
                1,
                2
            ]
        },
        {
            "type": "StaticHypercube",
            "dimensions": [
                [
                    0.8905835907127363,
                    4.955688290921837
                ]
            ],
            "static_value": 0.12017458656311668,
            "active_dims": [
                0
            ]
        },
        {
            "type": "Sinus",
            "amplitudes": [
                0.2818574822890844,
                0.23152514327707413,
                0.1490037262270651,
                0.26491331085025993
            ],
            "frequencies": [
                1.5088552064766119,
                0.5625909954648127,
                1.0443518358067456,
                0.8022591141263578
            ],
            "weight_vectors": [
                [
                    0.9116216401798327
                ],
                [
                    0.029057403894830025
                ],
                [
                    0.7378533205495407
                ],
                [
                    0.6865109908777551
                ]
            ],
            "phases": [
                4.651249472273764,
                2.8327667935132324,
                1.7442359540368706,
                5.841129611584531
            ],
            "offset": 0.10427752464688084,
            "bounds": [
                [
                    0.18388681340312166,
                    2.8121857476747705
                ]
            ],
            "minimum_value": 0.0,
            "active_dims": [
                0
            ]
        },
        {
            "type": "Gaussian",
            "mean": [
                0.4082190533094143,
                2.1187529060538512
            ],
            "std_dev": [
                2.6596729853957104,
                0.14489217060667403
            ],
            "max_amplitude": 0.166801065571797,
            "active_dims": [
                0,
                2
            ]
        },
        {
            "type": "Ramp",
            "coeff": [
                1.9571967882065744,
                1.5553867736486298,
                1.8221695441936492
            ],
            "min_value": 0.15715194226790707,
            "max_value": 0.2527642908206971,
            "bounds": [
                [
                    0.018500203872413495,
                    2.4269056017327566
                ],
                [
                    7.521171494519681,
                    9.917685250761021
                ],
                [
                    7.3642494525382505,
                    8.749885311849694
                ]
            ],
            "active_dims": [
                0,
                1,
                2
            ]
        },
        {
            "type": "Gaussian",
            "mean": [
                8.415949565903945,
                7.607189573232342
            ],
            "std_dev": [
                0.38464228353359187,
                0.6881374809342318
            ],
            "max_amplitude": 0.23327123585836285,
            "active_dims": [
                0,
                1
            ]
        },
        {
            "type": "Ramp",
            "coeff": [
                1.0651615679105717,
                1.991550742468124,
                1.1675364224471905
            ],
            "min_value": 0.18363537191907026,
            "max_value": 0.3112784126534941,
            "bounds": [
                [
                    5.681483574877191,
                    8.48341446860552
                ],
                [
                    3.3906532773976217,
                    8.15550998542058
                ],
                [
                    3.8018555629096307,
                    5.575403379146315
                ]
            ],
            "active_dims": [
                0,
                1,
                2
            ]
        },
        {
            "type": "Sinus",
            "amplitudes": [
                0.08076250289365995,
                0.1651107193398902,
                0.20459088433019784,
                0.15904618991617675,
                0.08280270475278166
            ],
            "frequencies": [
                0.14583273794994667,
                0.7946966389889594,
                0.8795307339609807,
                0.5642374399752859,
                1.4515452400683941
            ],
            "weight_vectors": [
                [
                    0.7529126342130379
                ],
                [
                    0.7199967944763861
                ],
                [
                    0.22131609878537672
                ],
                [
                    0.754112558415813
                ],
                [
                    0.22837553974195757
                ]
            ],
            "phases": [
                5.141102724750916,
                2.1676228238431015,
                3.5294455381812915,
                1.6583156124999499,
                3.8773592172026605
            ],
            "offset": 0.15362460353202884,
            "bounds": [
                [
                    1.5777533723451145,
                    5.909886081669804
                ]
            ],
            "minimum_value": 0.0,
            "active_dims": [
                2
            ]
        }
    ],
    "stats": {
        "energy": 478220049.39094967,
        "bandwidth": 16,
        "mean": 0.21994587413434213,
        "std": 0.261489491561549,
        "pct_over_06": 0.111703125,
        "pct_over_08": 0.033796875
    }
}