{
    "functions": [
        {
            "type": "Gaussian",
            "mean": [
                6.910549489973242,
                0.9645509136219088
            ],
            "std_dev": [
                2.093613176496581,
                1.9661263505278135
            ],
            "max_amplitude": 0.09560720932454105,
            "active_dims": [
                1,
                2
            ]
        },
        {
            "type": "Ramp",
            "coeff": [
                0.5032664282539916
            ],
            "min_value": 0.005892793566800723,
            "max_value": 0.1342881700022625,
            "bounds": [
                [
                    4.93430813821423,
                    5.876657108940992
                ]
            ],
            "active_dims": [
                2
            ]
        },
        {
            "type": "Gaussian",
            "mean": [
                8.851039373483774,
                7.350097897622788,
                3.027066337699874
            ],
            "std_dev": [
                1.7442906644076888,
                1.2157722702915568,
                3.9153392379136287
            ],
            "max_amplitude": 0.20984553597138997,
            "active_dims": [
                0,
                1,
                2
            ]
        },
        {
            "type": "Sinus",
            "amplitudes": [
                0.17706144980891111,
                0.15697229150649875,
                0.05098248243595907,
                0.24898136241112845
            ],
            "frequencies": [
                0.896203448548853,
                0.1261443754300385,
                0.21052474147065872,
                0.9185174102968297
            ],
            "weight_vectors": [
                [
                    0.4183928897403921
                ],
                [
                    0.6438917806922497
                ],
                [
                    0.28104888095583946
                ],
                [
                    0.8369804097569696
                ]
            ],
            "phases": [
                1.0634627087230457,
                0.5108458320685905,
                5.649871281228789,
                4.304213739928406
            ],
            "offset": 0.1609688826686718,
            "bounds": [
                [
                    3.5695306431606744,
                    6.100607380485401
                ]
            ],
            "minimum_value": 0.0,
            "active_dims": [
                0
            ]
        },
        {
            "type": "Gaussian",
            "mean": [
                9.100978850721365
            ],
            "std_dev": [
                3.4663569942360257
            ],
            "max_amplitude": 0.13620682692788025,
            "active_dims": [
                1
            ]
        },
        {
            "type": "Ramp",
            "coeff": [
                1.1876378686504603,
                1.821336589242035,
                1.7380435844285982
            ],
            "min_value": 0.1241524641559073,
            "max_value": 0.23812632784845894,
            "bounds": [
                [
                    4.300725981981936,
                    5.522996133940031
                ],
                [
                    1.1885872073241344,
                    3.326391160568137
                ],
                [
                    4.519518588480328,
                    8.080461499895387
                ]
            ],
            "active_dims": [
                0,
                1,
                2
            ]
        },
        {
            "type": "Ramp",
            "coeff": [
                1.273863704432364,
                1.1603672565117245
            ],
            "min_value": 0.031419858971139324,
            "max_value": 0.13043413389153513,
            "bounds": [
                [
                    2.704872418111131,
                    6.0680501210357445
                ],
                [
                    6.14882766654174,
                    7.056485961126028
                ]
            ],
            "active_dims": [
                1,
                2
            ]
        },
        {
            "type": "Gaussian",
            "mean": [
                6.780245157305085,
                8.683626904587454,
                0.5279347340940344
            ],
            "std_dev": [
                3.877199783439448,
                1.800242460676966,
                0.6184960960450342
            ],
            "max_amplitude": 0.1951428462439461,
            "active_dims": [
                0,
                1,
                2
            ]
        },
        {
            "type": "Ramp",
            "coeff": [
                1.900599450767512
            ],
            "min_value": 0.015947351319550634,
            "max_value": 0.09019033629974665,
            "bounds": [
                [
                    5.291011736428532,
                    8.228494928323542
                ]
            ],
            "active_dims": [
                1
            ]
        }
    ],
    "stats": {
        "energy": 549743070.5985556,
        "bandwidth": 14,
        "mean": 0.2640772081555408,
        "std": 0.2539248805810994,
        "pct_over_06": 0.158765625,
        "pct_over_08": 0.0260625
    }
}