{
    "functions": [
        {
            "type": "Sinus",
            "amplitudes": [
                0.1643134367902446,
                0.2580596686475824,
                0.15551560190793104,
                0.2965745398419726
            ],
            "frequencies": [
                0.5665746631979568,
                1.8849296317905446,
                1.4013532330515817,
                1.913364251513228
            ],
            "weight_vectors": [
                [
                    0.47636081785364626,
                    0.13076407991723948,
                    0.467131769570323
                ],
                [
                    0.16564343578651564,
                    0.10207401504237568,
                    0.12890852228165572
                ],
                [
                    0.20436530150404109,
                    0.08168951043352457,
                    0.2305730313492167
                ],
                [
                    0.7099991044810404,
                    0.8541282698957371,
                    0.6099179771676405
                ]
            ],
            "phases": [
                3.9922537851008233,
                2.3638850472883295,
                3.003562564469695,
                4.78889674727066
            ],
            "offset": -0.2460388835556978,
            "bounds": [
                [
                    1.9030670717978042,
                    3.650125814162445
                ],
                [
                    3.4159196409628523,
                    6.0640974868517965
                ],
                [
                    5.049107595022142,
                    7.240240371917306
                ]
            ],
            "minimum_value": 0.0,
            "active_dims": [
                0,
                1,
                2
            ]
        },
        {
            "type": "Sinus",
            "amplitudes": [
                0.082774228293969
            ],
            "frequencies": [
                0.2740145909227747
            ],
            "weight_vectors": [
                [
                    0.057624434101822275,
                    0.9646867538180126
                ]
            ],
            "phases": [
                1.7949739459613017
            ],
            "offset": -0.24872949502563127,
            "bounds": [
                [
                    4.711179365481114,
                    9.02454763079303
                ],
                [
                    2.7231497499714754,
                    5.102915262082417
                ]
            ],
            "minimum_value": 0.0,
            "active_dims": [
                0,
                2
            ]
        },
        {
            "type": "Ramp",
            "coeff": [
                1.2844072202029002,
                1.823213320652855
            ],
            "min_value": 0.21992663248421465,
            "max_value": 0.2469328050379239,
            "bounds": [
                [
                    4.838719322133862,
                    7.2097179864506495
                ],
                [
                    7.495668766818955,
                    8.869460689422901
                ]
            ],
            "active_dims": [
                1,
                2
            ]
        },
        {
            "type": "Sinus",
            "amplitudes": [
                0.2776599383753109,
                0.17980918561269843
            ],
            "frequencies": [
                1.2951024696256628,
                0.4200382690709765
            ],
            "weight_vectors": [
                [
                    0.7480923858527763,
                    0.7183185185957799
                ],
                [
                    0.5905959252288218,
                    0.5597527176357847
                ]
            ],
            "phases": [
                4.626046581153353,
                0.37640992812858504
            ],
            "offset": 0.013867561402586331,
            "bounds": [
                [
                    6.868849145054401,
                    9.736086333406945
                ],
                [
                    3.7209398884992013,
                    4.484281254259627
                ]
            ],
            "minimum_value": 0.0,
            "active_dims": [
                0,
                2
            ]
        },
        {
            "type": "Gaussian",
            "mean": [
                7.382313168586197,
                1.453434234011931
            ],
            "std_dev": [
                2.3703505527162507,
                1.653404292196712
            ],
            "max_amplitude": 0.5194721389354173,
            "active_dims": [
                0,
                2
            ]
        },
        {
            "type": "StaticHypercube",
            "dimensions": [
                [
                    3.3503788279725457,
                    4.284556936588109
                ],
                [
                    5.798269544833562,
                    7.409956836148492
                ]
            ],
            "static_value": 0.19113063152957116,
            "active_dims": [
                0,
                2
            ]
        },
        {
            "type": "Sinus",
            "amplitudes": [
                0.1847806905589547,
                0.4013871183292707,
                0.1881189103506548
            ],
            "frequencies": [
                0.42041534932541125,
                0.5842392961477839,
                0.7956903045721855
            ],
            "weight_vectors": [
                [
                    0.4653703027370404
                ],
                [
                    0.9394009126539536
                ],
                [
                    0.7529728878242631
                ]
            ],
            "phases": [
                0.9939946620166411,
                3.9296182665420747,
                0.9365697956332589
            ],
            "offset": 0.1550790233985603,
            "bounds": [
                [
                    2.2494817899991078,
                    2.5247342585429147
                ]
            ],
            "minimum_value": 0.0,
            "active_dims": [
                2
            ]
        },
        {
            "type": "Ramp",
            "coeff": [
                0.7657128822851709
            ],
            "min_value": 0.22506774612601302,
            "max_value": 0.4081751095230044,
            "bounds": [
                [
                    2.158534004704549,
                    4.549276496260065
                ]
            ],
            "active_dims": [
                0
            ]
        },
        {
            "type": "Ramp",
            "coeff": [
                0.8147301035521655,
                1.8762969832275271
            ],
            "min_value": 0.17958497484547067,
            "max_value": 0.21444976768903853,
            "bounds": [
                [
                    0.21913473282143844,
                    2.80347178592628
                ],
                [
                    0.25614336680011957,
                    3.407889356535215
                ]
            ],
            "active_dims": [
                0,
                2
            ]
        }
    ],
    "stats": {
        "energy": 314187701.3758009,
        "bandwidth": 52,
        "mean": 0.1944712986803569,
        "std": 0.19719760589514465,
        "pct_over_06": 0.032359375,
        "pct_over_08": 0.002
    }
}