{
    "functions": [
        {
            "type": "Gaussian",
            "mean": [
                5.23853450979018,
                0.07415965122004375
            ],
            "std_dev": [
                3.336325094652439,
                3.8969330536397524
            ],
            "max_amplitude": 0.1987220350510697,
            "active_dims": [
                1,
                2
            ]
        },
        {
            "type": "StaticHypercube",
            "dimensions": [
                [
                    5.562825339624891,
                    7.189547617921361
                ],
                [
                    8.649770419890327,
                    9.732903820445419
                ],
                [
                    7.371226790461767,
                    8.158441276360284
                ]
            ],
            "static_value": 0.0635898614900266,
            "active_dims": [
                0,
                1,
                2
            ]
        },
        {
            "type": "Gaussian",
            "mean": [
                8.818207380719668,
                0.8361239865135672
            ],
            "std_dev": [
                1.1588130664140952,
                1.8053290211052109
            ],
            "max_amplitude": 0.15328585129922642,
            "active_dims": [
                0,
                1
            ]
        },
        {
            "type": "Sinus",
            "amplitudes": [
                0.2689387567000661,
                0.219364938948346,
                0.1307112460795752,
                0.08049189564444909
            ],
            "frequencies": [
                1.422958254777148,
                0.6236854421710897,
                0.6133076925419633,
                0.8281125663591499
            ],
            "weight_vectors": [
                [
                    0.22197620490091952,
                    0.06145115731303985
                ],
                [
                    0.8701006543010849,
                    0.3138408674058234
                ],
                [
                    0.48510096078345166,
                    0.15969321780920787
                ],
                [
                    0.5360892242550803,
                    0.818747701862352
                ]
            ],
            "phases": [
                5.896749856987188,
                4.883659742698268,
                5.671293415437392,
                1.3623512340202744
            ],
            "offset": 0.08868939489120857,
            "bounds": [
                [
                    2.89141345484915,
                    7.995987543882627
                ],
                [
                    0.7684928079382186,
                    2.3908570907089914
                ]
            ],
            "minimum_value": 0.0,
            "active_dims": [
                1,
                2
            ]
        },
        {
            "type": "Gaussian",
            "mean": [
                1.7002980488081731
            ],
            "std_dev": [
                2.027643451672499
            ],
            "max_amplitude": 0.16398155302438178,
            "active_dims": [
                1
            ]
        },
        {
            "type": "StaticHypercube",
            "dimensions": [
                [
                    1.132540052113046,
                    3.339090681105368
                ],
                [
                    5.703986857016439,
                    6.663060644584592
                ],
                [
                    6.792140452284831,
                    7.541177180828605
                ]
            ],
            "static_value": 0.07720136855580832,
            "active_dims": [
                0,
                1,
                2
            ]
        },
        {
            "type": "Gaussian",
            "mean": [
                2.3811410693705315
            ],
            "std_dev": [
                1.9462206531364643
            ],
            "max_amplitude": 0.06438849259529056,
            "active_dims": [
                0
            ]
        },
        {
            "type": "Ramp",
            "coeff": [
                0.7487726168127795,
                1.8664187778580166,
                0.27697769328571775
            ],
            "min_value": 0.16015676037757154,
            "max_value": 0.2512130255665584,
            "bounds": [
                [
                    7.860563084467592,
                    9.152564509745439
                ],
                [
                    0.8351301587048694,
                    1.964255858908724
                ],
                [
                    5.673358142930012,
                    8.292332693285088
                ]
            ],
            "active_dims": [
                0,
                1,
                2
            ]
        },
        {
            "type": "StaticHypercube",
            "dimensions": [
                [
                    2.106285832318952,
                    6.706156603104384
                ]
            ],
            "static_value": 0.050948424215913286,
            "active_dims": [
                2
            ]
        }
    ],
    "stats": {
        "energy": 329901309.22668165,
        "bandwidth": 76,
        "mean": 0.22874049017649525,
        "std": 0.16798839238690574,
        "pct_over_06": 0.046609375,
        "pct_over_08": 0.0254375
    }
}