{
    "functions": [
        {
            "type": "Gaussian",
            "mean": [
                3.674841269347746,
                7.2108673744522065
            ],
            "std_dev": [
                0.6405910051895082,
                1.3130206652280456
            ],
            "max_amplitude": 0.21290817043896296,
            "active_dims": [
                1,
                2
            ]
        },
        {
            "type": "Sinus",
            "amplitudes": [
                0.1783997559717523,
                0.231906754516768,
                0.09978542666844056
            ],
            "frequencies": [
                0.18647559361020113,
                0.9292728613803962,
                1.562459614617116
            ],
            "weight_vectors": [
                [
                    0.9053236580696381,
                    0.2590495566796269,
                    0.40650916925865677
                ],
                [
                    0.8864843774585619,
                    0.6000215064037998,
                    0.8013524782160555
                ],
                [
                    0.034202993630103706,
                    0.8175632254081611,
                    0.1102425857323347
                ]
            ],
            "phases": [
                5.883736202801678,
                4.4930280322165705,
                0.2266797669952762
            ],
            "offset": -0.16557578470309703,
            "bounds": [
                [
                    0.10657412491209284,
                    2.556175687067786
                ],
                [
                    0.9236734014390063,
                    4.763255713726323
                ],
                [
                    6.637855659202807,
                    9.087149066238911
                ]
            ],
            "minimum_value": 0.0,
            "active_dims": [
                0,
                1,
                2
            ]
        },
        {
            "type": "StaticHypercube",
            "dimensions": [
                [
                    4.919032749644992,
                    8.17884344437822
                ]
            ],
            "static_value": 0.26543217357359916,
            "active_dims": [
                2
            ]
        },
        {
            "type": "StaticHypercube",
            "dimensions": [
                [
                    3.8092269117777438,
                    5.853037812308662
                ],
                [
                    0.35105282429998186,
                    2.410000855455276
                ]
            ],
            "static_value": 0.38505822744508894,
            "active_dims": [
                1,
                2
            ]
        },
        {
            "type": "Ramp",
            "coeff": [
                1.627367187707663
            ],
            "min_value": 0.035348627098761826,
            "max_value": 0.13498391602881002,
            "bounds": [
                [
                    4.774155233783559,
                    6.984863036669578
                ]
            ],
            "active_dims": [
                1
            ]
        },
        {
            "type": "Sinus",
            "amplitudes": [
                0.09764726099583865
            ],
            "frequencies": [
                1.9224040833079585
            ],
            "weight_vectors": [
                [
                    0.6395581241525571,
                    0.25734983138932965,
                    0.48982523448016724
                ]
            ],
            "phases": [
                4.8697430144573275
            ],
            "offset": -0.18986052683615698,
            "bounds": [
                [
                    5.27148755439581,
                    9.553910395792236
                ],
                [
                    5.805583028471759,
                    9.384922674863247
                ],
                [
                    0.8407766497908964,
                    4.688651849545246
                ]
            ],
            "minimum_value": 0.0,
            "active_dims": [
                0,
                1,
                2
            ]
        },
        {
            "type": "Ramp",
            "coeff": [
                0.8475028858539437,
                1.637231140409782
            ],
            "min_value": 0.15460212487451513,
            "max_value": 0.28407607885155367,
            "bounds": [
                [
                    3.38868489105994,
                    3.9135674550597743
                ],
                [
                    4.021287613093925,
                    5.725479544660312
                ]
            ],
            "active_dims": [
                1,
                2
            ]
        },
        {
            "type": "Sinus",
            "amplitudes": [
                0.13083945731087174,
                0.44383919594812266
            ],
            "frequencies": [
                1.9335059618808155,
                0.4139281942691072
            ],
            "weight_vectors": [
                [
                    0.2799419572399774,
                    0.6788667231554693
                ],
                [
                    0.05552074419895037,
                    0.09882526244072931
                ]
            ],
            "phases": [
                3.1163189122265593,
                0.46729190675598764
            ],
            "offset": -0.00847984396352313,
            "bounds": [
                [
                    2.13221768472298,
                    5.718941261638083
                ],
                [
                    3.85895039922706,
                    6.54620796186242
                ]
            ],
            "minimum_value": 0.0,
            "active_dims": [
                0,
                2
            ]
        },
        {
            "type": "Gaussian",
            "mean": [
                2.1304461993787105
            ],
            "std_dev": [
                0.4068625970408548
            ],
            "max_amplitude": 0.20235385193390223,
            "active_dims": [
                0
            ]
        }
    ],
    "stats": {
        "energy": 245321324.55714285,
        "bandwidth": 95,
        "mean": 0.17372474296492607,
        "std": 0.1723734758742745,
        "pct_over_06": 0.030390625,
        "pct_over_08": 0.0011875
    }
}