{
    "functions": [
        {
            "type": "Ramp",
            "coeff": [
                0.7339100355256254
            ],
            "min_value": 0.08932855020690282,
            "max_value": 0.2854130572955142,
            "bounds": [
                [
                    2.1181266391950535,
                    3.812196289331199
                ]
            ],
            "active_dims": [
                2
            ]
        },
        {
            "type": "Gaussian",
            "mean": [
                3.4482426653995835,
                5.79966945780005
            ],
            "std_dev": [
                2.429753045799823,
                2.5568627853697454
            ],
            "max_amplitude": 0.22207565884367672,
            "active_dims": [
                0,
                2
            ]
        },
        {
            "type": "Gaussian",
            "mean": [
                3.1888931259847686,
                0.062114934925027177
            ],
            "std_dev": [
                3.51851075800758,
                0.8262887440264567
            ],
            "max_amplitude": 0.28177000918834105,
            "active_dims": [
                1,
                2
            ]
        },
        {
            "type": "Sinus",
            "amplitudes": [
                0.28559485942923385,
                0.1490430430523549,
                0.16608785519488625,
                0.27604032144198815,
                0.05357661909067722
            ],
            "frequencies": [
                0.9342850167226653,
                1.387748772206888,
                0.15768942290770827,
                1.069003538458042,
                1.8008084466106211
            ],
            "weight_vectors": [
                [
                    0.36628453571877384,
                    0.9303380423936572,
                    0.23518911836168221
                ],
                [
                    0.9734856859688517,
                    0.434948319145258,
                    0.9769506549362612
                ],
                [
                    0.45191581614411835,
                    0.9319147784079362,
                    0.5682442906310953
                ],
                [
                    0.9674829308852223,
                    0.9900837606140404,
                    0.6559213351901263
                ],
                [
                    0.7773447164937324,
                    0.9710068819662512,
                    0.35654758288776245
                ]
            ],
            "phases": [
                1.6786587064826972,
                5.846916664138124,
                4.3012646636195955,
                0.47357895403267425,
                3.517267908610384
            ],
            "offset": 0.0744032088481111,
            "bounds": [
                [
                    3.392239280040417,
                    4.450749429946177
                ],
                [
                    6.9521326283192195,
                    8.789930362058653
                ],
                [
                    3.5302231368583232,
                    7.946532852558021
                ]
            ],
            "minimum_value": 0.0,
            "active_dims": [
                0,
                1,
                2
            ]
        },
        {
            "type": "Sinus",
            "amplitudes": [
                0.24249823267648365,
                0.11280871488905636,
                0.1314290148465903
            ],
            "frequencies": [
                0.610378163520674,
                1.5297330232263524,
                1.9166041501332671
            ],
            "weight_vectors": [
                [
                    0.8638748290809003,
                    0.2793103970403944,
                    0.6854596042106366
                ],
                [
                    0.2698680988278105,
                    0.06297545306066876,
                    0.6758244134639529
                ],
                [
                    0.8350411793211342,
                    0.14814284628191043,
                    0.6460956685941298
                ]
            ],
            "phases": [
                4.7413909518238535,
                2.3871345298200133,
                5.681418878773235
            ],
            "offset": 0.10544304372209692,
            "bounds": [
                [
                    1.695050680807807,
                    5.830593919990407
                ],
                [
                    1.7883873205214977,
                    4.279568271237558
                ],
                [
                    7.151005150226334,
                    9.125537838311368
                ]
            ],
            "minimum_value": 0.0,
            "active_dims": [
                0,
                1,
                2
            ]
        },
        {
            "type": "Ramp",
            "coeff": [
                1.555312697761958
            ],
            "min_value": 0.15056535566654655,
            "max_value": 0.3216435892340679,
            "bounds": [
                [
                    6.796808458869916,
                    8.320185116903787
                ]
            ],
            "active_dims": [
                1
            ]
        },
        {
            "type": "StaticHypercube",
            "dimensions": [
                [
                    5.795081499860412,
                    9.438338549438178
                ],
                [
                    0.01562678609929286,
                    2.860307238309506
                ],
                [
                    0.1482551972404219,
                    1.4904833973465657
                ]
            ],
            "static_value": 0.28745291947307056,
            "active_dims": [
                0,
                1,
                2
            ]
        },
        {
            "type": "Gaussian",
            "mean": [
                4.448909757919333
            ],
            "std_dev": [
                2.0375746371111627
            ],
            "max_amplitude": 0.15861181492411933,
            "active_dims": [
                0
            ]
        },
        {
            "type": "Sinus",
            "amplitudes": [
                0.2238638848221408,
                0.05965499801148465
            ],
            "frequencies": [
                1.9843163873519942,
                1.648777842826655
            ],
            "weight_vectors": [
                [
                    0.0560636104502783,
                    0.5599615583707794
                ],
                [
                    0.2452515729255611,
                    0.3098865672059352
                ]
            ],
            "phases": [
                3.709589889276448,
                0.39553876190070786
            ],
            "offset": 0.02373611193240352,
            "bounds": [
                [
                    8.941684028085,
                    9.89289216529379
                ],
                [
                    6.6248845303180195,
                    8.494799710475837
                ]
            ],
            "minimum_value": 0.0,
            "active_dims": [
                0,
                1
            ]
        }
    ],
    "stats": {
        "energy": 340147344.72429204,
        "bandwidth": 25,
        "mean": 0.244088764439275,
        "std": 0.15318113593908106,
        "pct_over_06": 0.019828125,
        "pct_over_08": 0.00096875
    }
}