{
    "functions": [
        {
            "type": "Gaussian",
            "mean": [
                0.8934364945013973,
                3.2670471175145788
            ],
            "std_dev": [
                2.9180899524830424,
                1.150071130451109
            ],
            "max_amplitude": 0.22101597587237956,
            "active_dims": [
                0,
                2
            ]
        },
        {
            "type": "Sinus",
            "amplitudes": [
                0.22279611211492775,
                0.07456367840714044,
                0.23089485896828738,
                0.2087317899923062
            ],
            "frequencies": [
                1.7536705075162569,
                0.3243606679884451,
                0.8437308292819595,
                1.5968466664804504
            ],
            "weight_vectors": [
                [
                    0.6126976046730824,
                    0.3182341427655012
                ],
                [
                    0.4140262569335714,
                    0.9883287086016129
                ],
                [
                    0.8702005309650545,
                    0.4891699428258157
                ],
                [
                    0.8602577229076579,
                    0.7063253402576642
                ]
            ],
            "phases": [
                0.3136630115290617,
                0.5199103208545229,
                2.5772828475780836,
                0.05441527097470371
            ],
            "offset": -0.07740564021235409,
            "bounds": [
                [
                    0.5424280149175421,
                    5.952175440034162
                ],
                [
                    1.3574196775349128,
                    5.1300055725338
                ]
            ],
            "minimum_value": 0.0,
            "active_dims": [
                1,
                2
            ]
        },
        {
            "type": "Sinus",
            "amplitudes": [
                0.31626595073952884,
                0.20478311759641907,
                0.05789554683821423
            ],
            "frequencies": [
                0.7870675907543708,
                0.9516492951086504,
                1.4480036070786662
            ],
            "weight_vectors": [
                [
                    0.5707843585646112,
                    0.2634767977610539
                ],
                [
                    0.7155404420857253,
                    0.05489123209051483
                ],
                [
                    0.2569906861039276,
                    0.8992428295361977
                ]
            ],
            "phases": [
                2.6355761450999964,
                6.200605272152108,
                5.104819087361236
            ],
            "offset": -0.15716498326504408,
            "bounds": [
                [
                    1.4187786316139186,
                    5.665264278396663
                ],
                [
                    2.3148380124642234,
                    3.723250562237496
                ]
            ],
            "minimum_value": 0.0,
            "active_dims": [
                0,
                1
            ]
        },
        {
            "type": "Gaussian",
            "mean": [
                4.581242727739417
            ],
            "std_dev": [
                2.758118462425551
            ],
            "max_amplitude": 0.11370867137947442,
            "active_dims": [
                0
            ]
        },
        {
            "type": "Sinus",
            "amplitudes": [
                0.09935212107185125,
                0.16689214779666386,
                0.1492428032371224,
                0.09145436510436175
            ],
            "frequencies": [
                0.43337397786826515,
                0.19458656365019095,
                1.4225028921768303,
                1.073259884391027
            ],
            "weight_vectors": [
                [
                    0.36296553560036504,
                    0.4157035611404729
                ],
                [
                    0.05127466063519803,
                    0.7576236317021028
                ],
                [
                    0.313157121405245,
                    0.8263683153741268
                ],
                [
                    0.12745601695797348,
                    0.8345731569594483
                ]
            ],
            "phases": [
                0.7332694445551984,
                5.980326196563925,
                3.3778538037257047,
                3.346378963758783
            ],
            "offset": 0.07847220886682889,
            "bounds": [
                [
                    1.6464976625420609,
                    5.515588557119786
                ],
                [
                    4.4142830970161,
                    6.678884724375671
                ]
            ],
            "minimum_value": 0.0,
            "active_dims": [
                0,
                1
            ]
        },
        {
            "type": "Sinus",
            "amplitudes": [
                0.20047624502027078,
                0.07926908626781286,
                0.07120507681587866
            ],
            "frequencies": [
                0.9787564436741777,
                0.3739811541034306,
                1.0609474940243178
            ],
            "weight_vectors": [
                [
                    0.7048846879950068,
                    0.1545163031917789
                ],
                [
                    0.08665217677248171,
                    0.705056740079773
                ],
                [
                    0.2722359299336028,
                    0.8594157109362021
                ]
            ],
            "phases": [
                2.111908799371857,
                5.750516670620019,
                3.017173277786654
            ],
            "offset": -0.07464968482058501,
            "bounds": [
                [
                    6.840426683243446,
                    8.462757018450226
                ],
                [
                    1.3938908598966802,
                    6.155188291389844
                ]
            ],
            "minimum_value": 0.0,
            "active_dims": [
                0,
                2
            ]
        },
        {
            "type": "Ramp",
            "coeff": [
                0.7466000929355858,
                1.607229644943004,
                1.1969909402103447
            ],
            "min_value": 0.1634277246173867,
            "max_value": 0.24859262278595612,
            "bounds": [
                [
                    1.8696891207683926,
                    4.533797673849509
                ],
                [
                    2.3866347710092373,
                    4.490353181996633
                ],
                [
                    5.63190892038705,
                    6.703001323202785
                ]
            ],
            "active_dims": [
                0,
                1,
                2
            ]
        },
        {
            "type": "Sinus",
            "amplitudes": [
                0.1672103915344646,
                0.18905639483965545,
                0.12348551799317682,
                0.11164792762293764,
                0.16295033586436314
            ],
            "frequencies": [
                0.9481588525901885,
                0.7761857954320212,
                0.8129072784624447,
                1.9912189724049971,
                1.3798338823915806
            ],