{
    "functions": [
        {
            "type": "Gaussian",
            "mean": [
                3.0717400133898543,
                8.41777713112989,
                1.2427536012050522
            ],
            "std_dev": [
                0.43276142663296047,
                1.3700077932843107,
                1.4625115931844397
            ],
            "max_amplitude": 0.29822616782824707,
            "active_dims": [
                0,
                1,
                2
            ]
        },
        {
            "type": "Ramp",
            "coeff": [
                0.7144116417331672,
                1.0775256956959847,
                1.4309104057414492
            ],
            "min_value": 0.105075012950378,
            "max_value": 0.21782924182576943,
            "bounds": [
                [
                    0.015664448035400794,
                    0.9538726785989495
                ],
                [
                    2.5363699271486535,
                    4.175669481169721
                ],
                [
                    3.5185279259437556,
                    7.238136101348407
                ]
            ],
            "active_dims": [
                0,
                1,
                2
            ]
        },
        {
            "type": "Ramp",
            "coeff": [
                0.22500337606264775
            ],
            "min_value": 0.1645338542058195,
            "max_value": 0.23815439541620603,
            "bounds": [
                [
                    1.7277555813159893,
                    6.844594572770879
                ]
            ],
            "active_dims": [
                0
            ]
        },
        {
            "type": "Sinus",
            "amplitudes": [
                0.22641522611576637,
                0.20875315790897198,
                0.23045300856534714
            ],
            "frequencies": [
                1.9957324449025873,
                0.8667433406434887,
                1.3578843659111768
            ],
            "weight_vectors": [
                [
                    0.004796904840458249,
                    0.4642721755077338
                ],
                [
                    0.07002801964798655,
                    0.908130781134659
                ],
                [
                    0.2747781398918774,
                    0.581087793019872
                ]
            ],
            "phases": [
                2.5943887859345707,
                0.015826471522224585,
                2.2301399511351785
            ],
            "offset": 0.02912104026485542,
            "bounds": [
                [
                    4.831214109780794,
                    7.726745292260087
                ],
                [
                    4.642134074750253,
                    6.967635631242112
                ]
            ],
            "minimum_value": 0.0,
            "active_dims": [
                0,
                2
            ]
        },
        {
            "type": "Sinus",
            "amplitudes": [
                0.20719396056481665
            ],
            "frequencies": [
                0.28939449704273135
            ],
            "weight_vectors": [
                [
                    0.5576908584114458,
                    0.9524501637737588
                ]
            ],
            "phases": [
                2.55834699410795
            ],
            "offset": -0.061886329182899345,
            "bounds": [
                [
                    6.42637997062589,
                    9.067408521050229
                ],
                [
                    3.2797056375247293,
                    5.603749337074584
                ]
            ],
            "minimum_value": 0.0,
            "active_dims": [
                0,
                2
            ]
        },
        {
            "type": "StaticHypercube",
            "dimensions": [
                [
                    3.227270638783969,
                    5.437230605395654
                ],
                [
                    3.6923320057517133,
                    5.41257086086788
                ]
            ],
            "static_value": 0.1470460268250326,
            "active_dims": [
                0,
                2
            ]
        },
        {
            "type": "StaticHypercube",
            "dimensions": [
                [
                    5.184825977985505,
                    6.905111357883975
                ]
            ],
            "static_value": 0.22184324276472653,
            "active_dims": [
                0
            ]
        },
        {
            "type": "Gaussian",
            "mean": [
                8.149992767187555,
                6.6451222825096945
            ],
            "std_dev": [
                0.4235738514559241,
                1.619679188210911
            ],
            "max_amplitude": 0.34018937291658047,
            "active_dims": [
                0,
                1
            ]
        },
        {
            "type": "Sinus",
            "amplitudes": [
                0.20783054208665883,
                0.0641070017112872,
                0.2824511772846218
            ],
            "frequencies": [
                1.7876443246477836,
                0.6306016154315617,
                0.40777820328664094
            ],
            "weight_vectors": [
                [
                    0.1852220426010599,
                    0.3899557388893048
                ],
                [
                    0.9094821131961133,
                    0.8198802648954386
                ],
                [
                    0.819253983979806,
                    0.09010178797648039
                ]
            ],
            "phases": [
                1.6148716665114509,
                4.49415471847904,
                1.376600979326938
            ],
            "offset": 0.11419375081801662,
            "bounds": [
                [
                    3.6401332972362144,
                    5.259223356861164
                ],
                [
                    0.9588929950447304,
                    4.089083408812615
                ]
            ],
            "minimum_value": 0.0,
            "active_dims": [
                1,
                2
            ]
        }
    ],
    "stats": {
        "energy": 263337108.47678107,
        "bandwidth": 43,
        "mean": 0.17471704331162324,
        "std": 0.18375320684455682,
        "pct_over_06": 0.02175,
        "pct_over_08": 0.000234375
    }
}