{
    "functions": [
        {
            "type": "Sinus",
            "amplitudes": [
                0.32754131150208826
            ],
            "frequencies": [
                0.949052666170874
            ],
            "weight_vectors": [
                [
                    0.9284738301514195,
                    0.2407723821062452
                ]
            ],
            "phases": [
                5.393049516583957
            ],
            "offset": -0.017564417544402824,
            "bounds": [
                [
                    7.313046980768259,
                    8.205393388010501
                ],
                [
                    0.6466974360190125,
                    6.797910457897619
                ]
            ],
            "minimum_value": 0.0,
            "active_dims": [
                0,
                1
            ]
        },
        {
            "type": "StaticHypercube",
            "dimensions": [
                [
                    2.6137338868890114,
                    6.905688430093816
                ],
                [
                    4.505043455986293,
                    7.8726859663730036
                ]
            ],
            "static_value": 0.24681906567435039,
            "active_dims": [
                0,
                2
            ]
        },
        {
            "type": "Gaussian",
            "mean": [
                1.2345215267561016,
                6.927544784450843
            ],
            "std_dev": [
                0.6955180723090078,
                3.1455577169956466
            ],
            "max_amplitude": 0.1609809476339952,
            "active_dims": [
                1,
                2
            ]
        },
        {
            "type": "Ramp",
            "coeff": [
                0.035803755587570096,
                1.6501146625063678,
                0.6404083634233881
            ],
            "min_value": 0.12389151664780468,
            "max_value": 0.2627023937082815,
            "bounds": [
                [
                    2.003356416166805,
                    4.414198309096099
                ],
                [
                    2.058848901185487,
                    6.2020523078139185
                ],
                [
                    5.659046099395664,
                    8.499149973531122
                ]
            ],
            "active_dims": [
                0,
                1,
                2
            ]
        },
        {
            "type": "StaticHypercube",
            "dimensions": [
                [
                    4.712107720841324,
                    9.594080068202231
                ],
                [
                    0.4143618095318428,
                    3.107167209657761
                ]
            ],
            "static_value": 0.17838986336731097,
            "active_dims": [
                1,
                2
            ]
        },
        {
            "type": "Gaussian",
            "mean": [
                9.54979280988579,
                3.023974119786076,
                5.257558382952653
            ],
            "std_dev": [
                2.3301535594765737,
                3.224169290144417,
                3.5882901015579893
            ],
            "max_amplitude": 0.16598722611617336,
            "active_dims": [
                0,
                1,
                2
            ]
        },
        {
            "type": "Sinus",
            "amplitudes": [
                0.2724944149843364,
                0.07860672214064769,
                0.04799276109895293,
                0.17127424411464037,
                0.20926833919363752
            ],
            "frequencies": [
                0.789935696388859,
                1.2742129366661992,
                0.4132855469154053,
                1.3811812879827865,
                0.6790513809096533
            ],
            "weight_vectors": [
                [
                    0.30403764262479727
                ],
                [
                    0.5582091614140801
                ],
                [
                    0.5371770552320496
                ],
                [
                    0.03012880614082203
                ],
                [
                    0.8335652750961634
                ]
            ],
            "phases": [
                6.044646972874515,
                5.706406769284109,
                5.228960427514176,
                3.0591634169079853,
                3.5934042819947773
            ],
            "offset": 0.04079170139869614,
            "bounds": [
                [
                    1.2340212650246298,
                    8.561953319280803
                ]
            ],
            "minimum_value": 0.0,
            "active_dims": [
                1
            ]
        },
        {
            "type": "Sinus",
            "amplitudes": [
                0.16061792041208336
            ],
            "frequencies": [
                1.9276919336474791
            ],
            "weight_vectors": [
                [
                    0.9394795505725071
                ]
            ],
            "phases": [
                1.3139836573877977
            ],
            "offset": 0.1374296052569638,
            "bounds": [
                [
                    5.9140360426775755,
                    7.816919429825827
                ]
            ],
            "minimum_value": 0.0,
            "active_dims": [
                0
            ]
        },
        {
            "type": "Gaussian",
            "mean": [
                5.513374580538707,
                8.658622331642384
            ],
            "std_dev": [
                0.4205495198540097,
                1.7736285211612124
            ],
            "max_amplitude": 0.2068503815661175,
            "active_dims": [
                0,
                1
            ]
        }
    ],
    "stats": {
        "energy": 714384552.1897371,
        "bandwidth": 18,
        "mean": 0.3263942773344441,
        "std": 0.2605322758993086,
        "pct_over_06": 0.19525,
        "pct_over_08": 0.03653125
    }
}