{
    "functions": [
        {
            "type": "StaticHypercube",
            "dimensions": [
                [
                    3.8067609182290076,
                    5.852870168355538
                ],
                [
                    3.2303420223595993,
                    6.319683937754416
                ]
            ],
            "static_value": 0.175872391224774,
            "active_dims": [
                0,
                2
            ]
        },
        {
            "type": "Sinus",
            "amplitudes": [
                0.15108004946948309,
                0.205824179865664,
                0.17779167636431467,
                0.43989225589300773,
                0.2883379759685879
            ],
            "frequencies": [
                1.1469338270040845,
                1.382820360521509,
                1.0077857475336973,
                0.7456159810773665,
                1.1868100383355022
            ],
            "weight_vectors": [
                [
                    0.17803467095724324,
                    0.5942625178776859,
                    0.04262962777106849
                ],
                [
                    0.6533905473897382,
                    0.36671955042587934,
                    0.7955697723224631
                ],
                [
                    0.010907046727330783,
                    0.48027703893184315,
                    0.09681013063787913
                ],
                [
                    0.12807294440036732,
                    0.8192242079392031,
                    0.603385784259556
                ],
                [
                    0.9658762082517207,
                    0.6932007772209192,
                    0.9754580945429197
                ]
            ],
            "phases": [
                0.21124647288950726,
                5.224666174589484,
                4.328089373046809,
                1.9521139921317578,
                5.421554239632837
            ],
            "offset": -0.03924008635042504,
            "bounds": [
                [
                    3.4983058700279592,
                    4.538913065479532
                ],
                [
                    2.8930225925007864,
                    7.339378118368668
                ],
                [
                    5.852009134546961,
                    8.40286790123116
                ]
            ],
            "minimum_value": 0.0,
            "active_dims": [
                0,
                1,
                2
            ]
        },
        {
            "type": "Ramp",
            "coeff": [
                1.273673539916335,
                0.04511362781596895
            ],
            "min_value": 0.1881398487716346,
            "max_value": 0.27770050346962916,
            "bounds": [
                [
                    0.7411191546251292,
                    5.253031194549215
                ],
                [
                    1.8867456774120208,
                    5.940161438597083
                ]
            ],
            "active_dims": [
                0,
                2
            ]
        },
        {
            "type": "StaticHypercube",
            "dimensions": [
                [
                    0.7335859821346827,
                    2.511654793299884
                ],
                [
                    2.0194951397294294,
                    7.895910571473792
                ],
                [
                    4.034081226157323,
                    6.823371992032836
                ]
            ],
            "static_value": 0.2058621948635851,
            "active_dims": [
                0,
                1,
                2
            ]
        },
        {
            "type": "StaticHypercube",
            "dimensions": [
                [
                    1.9188402000075544,
                    3.9831646022454903
                ]
            ],
            "static_value": 0.18540464326048925,
            "active_dims": [
                1
            ]
        },
        {
            "type": "StaticHypercube",
            "dimensions": [
                [
                    5.605564844100472,
                    9.685882348679918
                ],
                [
                    1.4912507469964147,
                    4.572419131042603
                ]
            ],
            "static_value": 0.2656777957069024,
            "active_dims": [
                0,
                1
            ]
        },
        {
            "type": "Sinus",
            "amplitudes": [
                0.22950122240458357,
                0.26420732347430825,
                0.260903307293576
            ],
            "frequencies": [
                1.4220787851901218,
                1.6810284433305682,
                1.1662177871197696
            ],
            "weight_vectors": [
                [
                    0.08816218995638347
                ],
                [
                    0.6294863094338877
                ],
                [
                    0.5046355355570544
                ]
            ],
            "phases": [
                5.6649159529842095,
                1.6970679457723439,
                3.653028317729113
            ],
            "offset": -0.017493896913889223,
            "bounds": [
                [
                    4.141142375440431,
                    6.470503821119635
                ]
            ],
            "minimum_value": 0.0,
            "active_dims": [
                0
            ]
        },
        {
            "type": "StaticHypercube",
            "dimensions": [
                [
                    0.10839634995185433,
                    5.564858751216115
                ],
                [
                    2.68225107715971,
                    2.9069912938318576
                ]
            ],
            "static_value": 0.31664427444977283,
            "active_dims": [
                1,
                2
            ]
        },
        {
            "type": "Sinus",
            "amplitudes": [
                0.42044614902208527
            ],
            "frequencies": [
                1.87331163239457
            ],
            "weight_vectors": [
                [
                    0.007724887406071357
                ]
            ],
            "phases": [
                2.4236765899393204
            ],
            "offset": -0.1098496443464658,
            "bounds": [
                [
                    2.925966087636939,
                    4.494555200278193
                ]
            ],
            "minimum_value": 0.0,
            "active_dims": [
                1
            ]
        }
    ],
    "stats": {
        "energy": 416987986.33851045,
        "bandwidth": 71,
        "mean": 0.22419443894078722,
        "std": 0.22702546366035908,
        "pct_over_06": 0.060984375,
        "pct_over_08": 0.007375
    }
}