{
    "functions": [
        {
            "type": "Sinus",
            "amplitudes": [
                0.11431111764813016,
                0.13750270652451155,
                0.04837645060221,
                0.05358701458563465,
                0.3119507020187587
            ],
            "frequencies": [
                1.4390543407651042,
                0.2761686664832447,
                0.5554552206002937,
                1.8956732507357028,
                0.5328896379793405
            ],
            "weight_vectors": [
                [
                    0.24105136410363048
                ],
                [
                    0.03254402950097135
                ],
                [
                    0.15330980510849002
                ],
                [
                    0.1393159911112979
                ],
                [
                    0.8987090503506029
                ]
            ],
            "phases": [
                5.56974510366747,
                0.2432627625502377,
                4.968281635952978,
                0.9704140970700982,
                6.1454356671927854
            ],
            "offset": 0.12953810006432473,
            "bounds": [
                [
                    1.993012507545953,
                    8.769985733540366
                ]
            ],
            "minimum_value": 0.0,
            "active_dims": [
                2
            ]
        },
        {
            "type": "StaticHypercube",
            "dimensions": [
                [
                    5.010930666517231,
                    5.266701300195083
                ]
            ],
            "static_value": 0.1544659227008404,
            "active_dims": [
                2
            ]
        },
        {
            "type": "StaticHypercube",
            "dimensions": [
                [
                    1.3326721612506423,
                    5.691135070162774
                ]
            ],
            "static_value": 0.09546969129533157,
            "active_dims": [
                0
            ]
        },
        {
            "type": "Ramp",
            "coeff": [
                1.0421918756077115,
                1.0732892116301762,
                0.8670318313656264
            ],
            "min_value": 0.01588853914663773,
            "max_value": 0.043779464731641994,
            "bounds": [
                [
                    7.500956331993183,
                    9.202682908744958
                ],
                [
                    6.416801085256322,
                    9.252857057620169
                ],
                [
                    0.44057411524099915,
                    5.928534002078285
                ]
            ],
            "active_dims": [
                0,
                1,
                2
            ]
        },
        {
            "type": "StaticHypercube",
            "dimensions": [
                [
                    5.415323269440764,
                    7.524394661322782
                ],
                [
                    4.322557407529229,
                    7.535889277020636
                ],
                [
                    1.1379217786067013,
                    6.163693660138756
                ]
            ],
            "static_value": 0.19747031606732712,
            "active_dims": [
                0,
                1,
                2
            ]
        },
        {
            "type": "Gaussian",
            "mean": [
                6.733759863683427,
                7.083495994576982
            ],
            "std_dev": [
                3.672009729972731,
                2.6005723811041417
            ],
            "max_amplitude": 0.17849224776565423,
            "active_dims": [
                1,
                2
            ]
        },
        {
            "type": "Ramp",
            "coeff": [
                0.025747487402939306
            ],
            "min_value": 0.03019301249280356,
            "max_value": 0.06930122637877609,
            "bounds": [
                [
                    4.32081559893646,
                    6.26995699974548
                ]
            ],
            "active_dims": [
                1
            ]
        },
        {
            "type": "Sinus",
            "amplitudes": [
                0.09606534100940031
            ],
            "frequencies": [
                0.8010252164232914
            ],
            "weight_vectors": [
                [
                    0.3062083903718801,
                    0.7065959175668751,
                    0.30442812464010083
                ]
            ],
            "phases": [
                5.5589598647599265
            ],
            "offset": -0.11960688292203729,
            "bounds": [
                [
                    0.126099999323635,
                    1.9519313581950877
                ],
                [
                    3.0383024399914706,
                    3.6912934419941217
                ],
                [
                    3.706035505293989,
                    8.73709084854389
                ]
            ],
            "minimum_value": 0.0,
            "active_dims": [
                0,
                1,
                2
            ]
        },
        {
            "type": "Gaussian",
            "mean": [
                0.9273386732735267,
                4.395181328539486
            ],
            "std_dev": [
                0.1443048284752887,
                0.12647444823366602
            ],
            "max_amplitude": 0.14170513044677818,
            "active_dims": [
                0,
                2
            ]
        }
    ],
    "stats": {
        "energy": 690246794.4361278,
        "bandwidth": 12,
        "mean": 0.32792761014856847,
        "std": 0.24694284014753556,
        "pct_over_06": 0.19621875,
        "pct_over_08": 0.025796875
    }
}