{
    "functions": [
        {
            "type": "Ramp",
            "coeff": [
                0.9508831767152457,
                1.8018283237249462,
                0.8916844273417535
            ],
            "min_value": 0.031776114014469135,
            "max_value": 0.21132501193626277,
            "bounds": [
                [
                    3.7825512923835376,
                    9.121845449000757
                ],
                [
                    5.424147853534398,
                    6.7614850084658995
                ],
                [
                    1.8381519960234207,
                    3.8403288342685116
                ]
            ],
            "active_dims": [
                0,
                1,
                2
            ]
        },
        {
            "type": "Sinus",
            "amplitudes": [
                0.3046804040732322,
                0.08120177074245394,
                0.13138038903376895
            ],
            "frequencies": [
                1.0067711320808166,
                1.6133525280878054,
                1.7546395632101035
            ],
            "weight_vectors": [
                [
                    0.33130640982303006,
                    0.9783688678569339
                ],
                [
                    0.9971181209720987,
                    0.18087256239610772
                ],
                [
                    0.13924278496026132,
                    0.7104313995169695
                ]
            ],
            "phases": [
                5.321911077042465,
                2.7675086203600365,
                0.8540295562078399
            ],
            "offset": 0.09603305613940044,
            "bounds": [
                [
                    2.998607154026218,
                    7.775831700278838
                ],
                [
                    0.9516517997771416,
                    5.846761976263891
                ]
            ],
            "minimum_value": 0.0,
            "active_dims": [
                0,
                2
            ]
        },
        {
            "type": "Gaussian",
            "mean": [
                5.6913506334658495,
                0.12686933347067497,
                4.4229908893001255
            ],
            "std_dev": [
                0.8356616091858095,
                1.8432814674092401,
                0.23672301965077536
            ],
            "max_amplitude": 0.25513976193452725,
            "active_dims": [
                0,
                1,
                2
            ]
        },
        {
            "type": "Gaussian",
            "mean": [
                1.4658417514039257,
                2.111287137299358
            ],
            "std_dev": [
                3.9125819832087934,
                0.48120815848315535
            ],
            "max_amplitude": 0.2817180475386413,
            "active_dims": [
                0,
                1
            ]
        },
        {
            "type": "Gaussian",
            "mean": [
                6.002959986657155,
                1.8181410619192195,
                8.050884968301286
            ],
            "std_dev": [
                1.9194646354852245,
                1.3488305644219842,
                2.6682504662192383
            ],
            "max_amplitude": 0.19496083328584188,
            "active_dims": [
                0,
                1,
                2
            ]
        },
        {
            "type": "StaticHypercube",
            "dimensions": [
                [
                    4.338745207597977,
                    6.8706350737583435
                ],
                [
                    3.478984294395461,
                    7.1473413322996295
                ],
                [
                    4.935887398482427,
                    7.250986599227357
                ]
            ],
            "static_value": 0.1914325170234867,
            "active_dims": [
                0,
                1,
                2
            ]
        },
        {
            "type": "Gaussian",
            "mean": [
                4.47973554075217,
                3.9501935791604104
            ],
            "std_dev": [
                2.717777634442135,
                3.637419708813819
            ],
            "max_amplitude": 0.18742126294218275,
            "active_dims": [
                0,
                2
            ]
        },
        {
            "type": "Gaussian",
            "mean": [
                1.6252628012840975
            ],
            "std_dev": [
                1.9705970812031952
            ],
            "max_amplitude": 0.2066263736892953,
            "active_dims": [
                1
            ]
        },
        {
            "type": "Sinus",
            "amplitudes": [
                0.14197778827262486,
                0.18757607071022234,
                0.07903714477983911,
                0.16120676019257715
            ],
            "frequencies": [
                0.8199668073831006,
                0.6532599547348088,
                1.6442679479752724,
                0.8220635400287195
            ],
            "weight_vectors": [
                [
                    0.9215459093883868,
                    0.2437213341172092,
                    0.5273667514032582
                ],
                [
                    0.8331034820487921,
                    0.7422917461568895,
                    0.0679945469237192
                ],
                [
                    0.611882827447299,
                    0.10702916854775635,
                    0.42050532125791784
                ],
                [
                    0.4345699113447795,
                    0.34411802387716117,
                    0.729202352644919
                ]
            ],
            "phases": [
                1.4184949777103715,
                5.558460614264342,
                5.820012487733282,
                3.949138493057291
            ],
            "offset": -0.14917807615375736,
            "bounds": [
                [
                    4.831482059845131,
                    7.653269945188816
                ],
                [
                    3.1016244917069082,
                    5.961224505485212
                ],
                [
                    1.0783410112824015,
                    3.500476098718792
                ]
            ],
            "minimum_value": 0.0,
            "active_dims": [
                0,
                1,
                2
            ]
        }
    ],
    "stats": {
        "energy": 400794274.0901346,
        "bandwidth": 40,
        "mean": 0.24052436963210583,
        "std": 0.19999548041359574,
        "pct_over_06": 0.075625,
        "pct_over_08": 0.01771875
    }
}