{
    "functions": [
        {
            "type": "Gaussian",
            "mean": [
                3.827817759950075,
                6.024181551674684
            ],
            "std_dev": [
                2.7144350523977137,
                1.7880335846855056
            ],
            "max_amplitude": 0.2954448011787027,
            "active_dims": [
                1,
                2
            ]
        },
        {
            "type": "Ramp",
            "coeff": [
                1.9385910595765394,
                1.1674173958336005,
                1.4111976653489635
            ],
            "min_value": 0.08974770269704291,
            "max_value": 0.37048118367469135,
            "bounds": [
                [
                    4.222098410081381,
                    7.566322719620771
                ],
                [
                    5.006814630446498,
                    7.73895536909387
                ],
                [
                    2.8366046812142836,
                    6.592994859669667
                ]
            ],
            "active_dims": [
                0,
                1,
                2
            ]
        },
        {
            "type": "Sinus",
            "amplitudes": [
                0.19382420765557334,
                0.2167972279674002
            ],
            "frequencies": [
                1.3557220123450602,
                1.8752084813574623
            ],
            "weight_vectors": [
                [
                    0.7004638303228526
                ],
                [
                    0.6000662308583627
                ]
            ],
            "phases": [
                1.6446589673888854,
                5.961758622078748
            ],
            "offset": -0.09681991556078041,
            "bounds": [
                [
                    1.6401929977172875,
                    3.7016428804539654
                ]
            ],
            "minimum_value": 0.0,
            "active_dims": [
                0
            ]
        },
        {
            "type": "Gaussian",
            "mean": [
                0.8227579851883549,
                4.04765390542182,
                5.592714794581405
            ],
            "std_dev": [
                2.2932024844159242,
                2.396576991650211,
                0.8647215442591804
            ],
            "max_amplitude": 0.32237594551274174,
            "active_dims": [
                0,
                1,
                2
            ]
        },
        {
            "type": "Sinus",
            "amplitudes": [
                0.25634935302155504
            ],
            "frequencies": [
                1.4862275008377845
            ],
            "weight_vectors": [
                [
                    0.4278120732164471
                ]
            ],
            "phases": [
                3.104357998646072
            ],
            "offset": -0.009388192512997115,
            "bounds": [
                [
                    7.151387137142632,
                    7.844217915898212
                ]
            ],
            "minimum_value": 0.0,
            "active_dims": [
                1
            ]
        },
        {
            "type": "Sinus",
            "amplitudes": [
                0.33849015190701454,
                0.4752459319671625,
                0.1607028419807434
            ],
            "frequencies": [
                0.3452214672465559,
                1.8803401759068892,
                0.6952589928582771
            ],
            "weight_vectors": [
                [
                    0.3955004934111864,
                    0.6582037636555639,
                    0.7366158147139127
                ],
                [
                    0.8789270364971192,
                    0.8504841658164347,
                    0.3353658682294475
                ],
                [
                    0.13285486170139893,
                    0.2636546242145089,
                    0.4470678617990298
                ]
            ],
            "phases": [
                1.7873954459658254,
                1.7377770192125954,
                3.539551521831039
            ],
            "offset": 0.10101835994009263,
            "bounds": [
                [
                    3.577815762150309,
                    6.992338392847298
                ],
                [
                    5.4157340173094495,
                    7.98550012251251
                ],
                [
                    6.66732650565871,
                    7.322722153974896
                ]
            ],
            "minimum_value": 0.0,
            "active_dims": [
                0,
                1,
                2
            ]
        },
        {
            "type": "Gaussian",
            "mean": [
                8.173666716795383,
                0.5316968483692985
            ],
            "std_dev": [
                2.8034254245560413,
                2.900551467488424
            ],
            "max_amplitude": 0.24881604258874696,
            "active_dims": [
                0,
                1
            ]
        },
        {
            "type": "Ramp",
            "coeff": [
                0.7944287651584085
            ],
            "min_value": 0.24574036219129436,
            "max_value": 0.463162206052498,
            "bounds": [
                [
                    1.427894023642741,
                    2.3866337088213343
                ]
            ],
            "active_dims": [
                2
            ]
        },
        {
            "type": "StaticHypercube",
            "dimensions": [
                [
                    1.5273760487187762,
                    6.154205234011726
                ]
            ],
            "static_value": 0.2569699896922609,
            "active_dims": [
                1
            ]
        }
    ],
    "stats": {
        "energy": 577238593.1146523,
        "bandwidth": 30,
        "mean": 0.3194709676055728,
        "std": 0.1971438351922042,
        "pct_over_06": 0.100078125,
        "pct_over_08": 0.00715625
    }
}