{
    "functions": [
        {
            "type": "Sinus",
            "amplitudes": [
                0.10329183696419984,
                0.09895661122913035,
                0.06233075897381924
            ],
            "frequencies": [
                0.6322285510969139,
                0.2968894708356193,
                0.3268347008992404
            ],
            "weight_vectors": [
                [
                    0.4406471406798397,
                    0.2028682906167203,
                    0.4340889288046015
                ],
                [
                    0.144941388558135,
                    0.863506857544263,
                    0.8731974718127581
                ],
                [
                    0.08497526801086352,
                    0.15178179432864614,
                    0.14582563715506136
                ]
            ],
            "phases": [
                3.2483333844383964,
                0.2902522483634751,
                1.2831393340094457
            ],
            "offset": -0.099760092378452,
            "bounds": [
                [
                    1.1145283804174397,
                    1.5719112881164057
                ],
                [
                    2.2082110298500006,
                    6.726919500229322
                ],
                [
                    6.6826553238965145,
                    8.917889403181032
                ]
            ],
            "minimum_value": 0.0,
            "active_dims": [
                0,
                1,
                2
            ]
        },
        {
            "type": "Gaussian",
            "mean": [
                0.8293517354609936
            ],
            "std_dev": [
                0.8403658879387963
            ],
            "max_amplitude": 0.11514028617671458,
            "active_dims": [
                2
            ]
        },
        {
            "type": "Gaussian",
            "mean": [
                1.5961323231908842
            ],
            "std_dev": [
                2.5927695759262432
            ],
            "max_amplitude": 0.18549742006163789,
            "active_dims": [
                0
            ]
        },
        {
            "type": "Sinus",
            "amplitudes": [
                0.07021098265837317,
                0.26690873525585584,
                0.18529149549202018,
                0.15142413746495278,
                0.09622518774133468
            ],
            "frequencies": [
                0.7988026084478687,
                1.352535222902031,
                0.5390707941489177,
                1.0168824027264487,
                0.7352373111227172
            ],
            "weight_vectors": [
                [
                    0.18693402260153003,
                    0.1948573262798925,
                    0.29606537317302994
                ],
                [
                    0.7503690122175815,
                    0.20714059752937763,
                    0.14508207440173315
                ],
                [
                    0.6631682944828158,
                    0.5645799603431332,
                    0.030920335469150517
                ],
                [
                    0.7331579969297138,
                    0.6434805580052075,
                    0.8676452297152955
                ],
                [
                    0.5830532753386232,
                    0.5151035599452973,
                    0.6655319825074071
                ]
            ],
            "phases": [
                3.1701782236502347,
                5.736792629161938,
                1.671770830121314,
                4.534850104315097,
                0.9846057940152462
            ],
            "offset": 0.017097671699850915,
            "bounds": [
                [
                    6.066808009298176,
                    8.451406998486988
                ],
                [
                    0.9067658233367734,
                    2.311067257309904
                ],
                [
                    8.312957372483186,
                    9.164720369557521
                ]
            ],
            "minimum_value": 0.0,
            "active_dims": [
                0,
                1,
                2
            ]
        },
        {
            "type": "Gaussian",
            "mean": [
                3.8425599254947773
            ],
            "std_dev": [
                1.164909028039945
            ],
            "max_amplitude": 0.33307195256955596,
            "active_dims": [
                1
            ]
        },
        {
            "type": "Gaussian",
            "mean": [
                7.234552144403372
            ],
            "std_dev": [
                3.615752169660633
            ],
            "max_amplitude": 0.25322255492566964,
            "active_dims": [
                2
            ]
        },
        {
            "type": "Ramp",
            "coeff": [
                1.27100376350597
            ],
            "min_value": 0.1199479318827213,
            "max_value": 0.18607075125740993,
            "bounds": [
                [
                    4.909888521714761,
                    8.183625971155744
                ]
            ],
            "active_dims": [
                2
            ]
        },
        {
            "type": "StaticHypercube",
            "dimensions": [
                [
                    8.292670094926832,
                    9.46276976880573
                ]
            ],
            "static_value": 0.2430660964124873,
            "active_dims": [
                2
            ]
        },
        {
            "type": "StaticHypercube",
            "dimensions": [
                [
                    1.8130312508369268,
                    3.2742604629325203
                ],
                [
                    6.37577854457106,
                    7.7680399039877255
                ],
                [
                    6.261575093604794,
                    9.005456692563982
                ]
            ],
            "static_value": 0.1379905397132021,
            "active_dims": [
                0,
                1,
                2
            ]
        }
    ],
    "stats": {
        "energy": 942684258.8259516,
        "bandwidth": 4,
        "mean": 0.4455077041289965,
        "std": 0.1779618208749846,
        "pct_over_06": 0.2023125,
        "pct_over_08": 0.034421875
    }
}