{
    "functions": [
        {
            "type": "Gaussian",
            "mean": [
                8.872796687686586,
                7.608697416662789,
                4.135834259124116
            ],
            "std_dev": [
                1.7960059624191183,
                1.395375463136631,
                2.700568450973886
            ],
            "max_amplitude": 0.4691491638881353,
            "active_dims": [
                0,
                1,
                2
            ]
        },
        {
            "type": "Gaussian",
            "mean": [
                6.050546505488535
            ],
            "std_dev": [
                3.1630138466444255
            ],
            "max_amplitude": 0.2856521672472456,
            "active_dims": [
                1
            ]
        },
        {
            "type": "Sinus",
            "amplitudes": [
                0.4718745507462106,
                0.42467777386492916,
                0.295806426864666,
                0.20653911543778863
            ],
            "frequencies": [
                0.8651950322236254,
                1.635561787611521,
                0.8884285471954189,
                0.46830808091034914
            ],
            "weight_vectors": [
                [
                    0.1299797559132938,
                    0.09444519518716854
                ],
                [
                    0.030548224790219125,
                    0.593440561663638
                ],
                [
                    0.6945657090161945,
                    0.7037294800046187
                ],
                [
                    0.27333146658914387,
                    0.7905516856786005
                ]
            ],
            "phases": [
                4.783602192222674,
                3.469213492426793,
                4.995096307879742,
                2.978941756393759
            ],
            "offset": -0.26111261826670695,
            "bounds": [
                [
                    4.025999339091525,
                    9.225835140781745
                ],
                [
                    6.5961644358582765,
                    7.835990433858899
                ]
            ],
            "minimum_value": 0.0,
            "active_dims": [
                0,
                1
            ]
        },
        {
            "type": "Gaussian",
            "mean": [
                1.075126639064654,
                0.4849769516402902,
                5.753250779055493
            ],
            "std_dev": [
                0.3682146019513073,
                1.4579398165025803,
                0.26800303621509336
            ],
            "max_amplitude": 0.3528732055698356,
            "active_dims": [
                0,
                1,
                2
            ]
        },
        {
            "type": "Sinus",
            "amplitudes": [
                0.2487688038493488,
                0.818086719838902,
                0.16447607748805898,
                0.28786545857867446,
                0.17518080446945145
            ],
            "frequencies": [
                0.5790463922568377,
                1.507253597823942,
                0.8035268922852586,
                1.5318038736687072,
                1.2759642139104659
            ],
            "weight_vectors": [
                [
                    0.2678106471480636,
                    0.691964542642647
                ],
                [
                    0.13422500079357413,
                    0.0394907747251696
                ],
                [
                    0.6791939869786539,
                    0.917697190234744
                ],
                [
                    0.7891753339555861,
                    0.16552166261476975
                ],
                [
                    0.11818085880949647,
                    0.67534449074922
                ]
            ],
            "phases": [
                2.2081338820662944,
                2.503066755455643,
                3.301279718532216,
                3.8040676001430973,
                5.817968085835234
            ],
            "offset": 0.3196577606513396,
            "bounds": [
                [
                    2.4160120983645115,
                    7.381086207632202
                ],
                [
                    7.80761718290484,
                    7.881668573055626
                ]
            ],
            "minimum_value": 0.0,
            "active_dims": [
                0,
                2
            ]
        },
        {
            "type": "Gaussian",
            "mean": [
                0.6707869598181859,
                8.154695368245546,
                7.528893321340835
            ],
            "std_dev": [
                2.0254587393997743,
                3.640129916203719,
                2.191618007873523
            ],
            "max_amplitude": 0.3703179282939379,
            "active_dims": [
                0,
                1,
                2
            ]
        },
        {
            "type": "Gaussian",
            "mean": [
                5.383725418963831,
                8.921783148599381
            ],
            "std_dev": [
                2.7354673326832852,
                3.1747734695375236
            ],
            "max_amplitude": 0.17168162570936413,
            "active_dims": [
                0,
                1
            ]
        },
        {
            "type": "Gaussian",
            "mean": [
                1.354813945510569,
                1.6474707564206759
            ],
            "std_dev": [
                0.5648829011567921,
                1.568086544841623
            ],
            "max_amplitude": 0.17265783155912043,
            "active_dims": [
                0,
                1
            ]
        },
        {
            "type": "Gaussian",
            "mean": [
                7.766181393254917,
                8.839465445305533
            ],
            "std_dev": [
                0.6345551960842086,
                2.0942392818274906
            ],
            "max_amplitude": 0.5515930345610314,
            "active_dims": [
                0,
                2
            ]
        }
    ],
    "stats": {
        "energy": 645028824.5729947,
        "bandwidth": 11,
        "mean": 0.3538687687442692,
        "std": 0.1795957540747586,
        "pct_over_06": 0.08728125,
        "pct_over_08": 0.017640625
    }
}