{
    "functions": [
        {
            "type": "Sinus",
            "amplitudes": [
                0.19810555715161715,
                0.22550806418037544,
                0.24136164587835446
            ],
            "frequencies": [
                1.6514018513087423,
                0.7605400659309896,
                1.359546215030486
            ],
            "weight_vectors": [
                [
                    0.23093082580046276,
                    0.5995081289636589
                ],
                [
                    0.5623624732965662,
                    0.8969224425548038
                ],
                [
                    0.990179150796571,
                    0.7294905502787157
                ]
            ],
            "phases": [
                6.040909780236426,
                3.42724326237415,
                2.5107349317627143
            ],
            "offset": 0.15338513511874977,
            "bounds": [
                [
                    3.594682848026212,
                    3.8950368621317075
                ],
                [
                    1.0183331756653593,
                    5.809365490481984
                ]
            ],
            "minimum_value": 0.0,
            "active_dims": [
                0,
                1
            ]
        },
        {
            "type": "Gaussian",
            "mean": [
                1.3603644266631587,
                4.037495405339002
            ],
            "std_dev": [
                3.3714955208789985,
                2.7789390400525313
            ],
            "max_amplitude": 0.1192255323878895,
            "active_dims": [
                0,
                1
            ]
        },
        {
            "type": "Sinus",
            "amplitudes": [
                0.16292746432649574,
                0.21527723966121345,
                0.18809091590197027,
                0.10792827711939858
            ],
            "frequencies": [
                0.10274162969477163,
                0.9947883591534271,
                1.8223702688216459,
                1.2721303772876635
            ],
            "weight_vectors": [
                [
                    0.4516369996980929,
                    0.6453138352595049
                ],
                [
                    0.47350253988625857,
                    0.8703355881208816
                ],
                [
                    0.8839665187668263,
                    0.19160229867965628
                ],
                [
                    0.5169752303133579,
                    0.3650106672488901
                ]
            ],
            "phases": [
                0.9871271999936561,
                5.61796211814547,
                5.42799770241809,
                3.373168376893587
            ],
            "offset": 0.11253181997271086,
            "bounds": [
                [
                    8.117601067181777,
                    8.918179471072417
                ],
                [
                    1.4983892516518793,
                    4.936318880714875
                ]
            ],
            "minimum_value": 0.0,
            "active_dims": [
                0,
                1
            ]
        },
        {
            "type": "Ramp",
            "coeff": [
                0.5619110972482368
            ],
            "min_value": 0.04204070597885211,
            "max_value": 0.05568739830179381,
            "bounds": [
                [
                    4.748497760878365,
                    7.163075181636829
                ]
            ],
            "active_dims": [
                0
            ]
        },
        {
            "type": "Ramp",
            "coeff": [
                1.3658408798872177,
                0.5694498800856129
            ],
            "min_value": 0.09536316118495014,
            "max_value": 0.25316941591003816,
            "bounds": [
                [
                    1.4344568635567998,
                    4.528571874977009
                ],
                [
                    6.086266810830839,
                    7.943681695602933
                ]
            ],
            "active_dims": [
                0,
                2
            ]
        },
        {
            "type": "Sinus",
            "amplitudes": [
                0.1685794413583612,
                0.24075725404418166,
                0.20585933445163876,
                0.17438407008747808,
                0.2685253204534547
            ],
            "frequencies": [
                0.967072887507642,
                0.4106484757193294,
                0.28031099597384646,
                0.2980579274775436,
                1.947052268408517
            ],
            "weight_vectors": [
                [
                    0.3292256722164667
                ],
                [
                    0.840031512524175
                ],
                [
                    0.4053658393539382
                ],
                [
                    0.22075810809331808
                ],
                [
                    0.23002583509005925
                ]
            ],
            "phases": [
                4.371586282816554,
                0.43320521187406974,
                3.1906178511368393,
                4.549296253810261,
                3.382562225642868
            ],
            "offset": -0.031365640853581435,
            "bounds": [
                [
                    5.1239897647669626,
                    7.396116112472756
                ]
            ],
            "minimum_value": 0.0,
            "active_dims": [
                2
            ]
        },
        {
            "type": "Sinus",
            "amplitudes": [
                0.09472769749198118,
                0.10916497817777425,
                0.31109530256579393,
                0.18258496614528172
            ],
            "frequencies": [
                0.3371032856833466,
                1.2501924987526727,
                0.1547503850731996,
                0.5378655922281681
            ],
            "weight_vectors": [
                [
                    0.901632747951877,
                    0.5001525412557508
                ],
                [
                    0.005900192692027462,
                    0.4931703630759331
                ],
                [
                    0.4050798621563316,
                    0.5013824699514198
                ],
                [
                    0.9119965730552694,
                    0.9821498983308766
                ]
            ],
            "phases": [
                2.6023491179204807,
                4.477040993463093,
                5.242144589599883,
                4.484388169618161
            ],
            "offset": -0.020671868922400083,
            "bounds": [
                [
                    0.5091048260680109,
                    3.416239693769332
                ],
                [
                    2.2194160702750163,
                    3.2303750614434024
                ]
            ],
            "minimum_value": 0.0,
            "active_dims": [
                0,
                2
            ]
        },
        {
            "type": "Gaussian",
            "mean": [
                3.8574215865889916
            ],
            "std_dev": [
                0.631002285577919
            ],
            "max_amplitude": 0.21542416565421152,
            "active_dims": [
                0
            ]
        },
        {
            "type": "Sinus",
            "amplitudes": [
                0.2928028816522538,
                0.2770755594594816,
                0.09745401472222462,
                0.12524316750253814
            ],