{
    "functions": [
        {
            "type": "Ramp",
            "coeff": [
                1.4088864356596609
            ],
            "min_value": 0.14683288869341465,
            "max_value": 0.33931839793367324,
            "bounds": [
                [
                    1.272349668331245,
                    1.9833964623033034
                ]
            ],
            "active_dims": [
                0
            ]
        },
        {
            "type": "Ramp",
            "coeff": [
                0.8014155292531218,
                1.5462189710543044
            ],
            "min_value": 0.10300666498648922,
            "max_value": 0.3042879484289669,
            "bounds": [
                [
                    2.521656255485353,
                    6.1312471058018385
                ],
                [
                    4.791653425895619,
                    8.492075856003558
                ]
            ],
            "active_dims": [
                0,
                1
            ]
        },
        {
            "type": "Sinus",
            "amplitudes": [
                0.19738588910952248,
                0.15417945213479
            ],
            "frequencies": [
                1.0273963839458071,
                1.873984116063791
            ],
            "weight_vectors": [
                [
                    0.6440332936005464,
                    0.09821005961394813
                ],
                [
                    0.9972688889527958,
                    0.3013834751845552
                ]
            ],
            "phases": [
                4.610690208529321,
                4.918491170346071
            ],
            "offset": 0.07056957987176106,
            "bounds": [
                [
                    6.770586027309004,
                    7.457212835416763
                ],
                [
                    4.922612702338687,
                    5.152664349242873
                ]
            ],
            "minimum_value": 0.0,
            "active_dims": [
                1,
                2
            ]
        },
        {
            "type": "Ramp",
            "coeff": [
                1.9850719286353269,
                0.7738229633709812
            ],
            "min_value": 0.21436149637351376,
            "max_value": 0.4500645687126745,
            "bounds": [
                [
                    7.978195460239779,
                    9.21070313170903
                ],
                [
                    2.514044984672274,
                    4.832262788526483
                ]
            ],
            "active_dims": [
                0,
                2
            ]
        },
        {
            "type": "Sinus",
            "amplitudes": [
                0.21481156549421157,
                0.5057358840048944
            ],
            "frequencies": [
                0.7781882251355623,
                1.6637896583461496
            ],
            "weight_vectors": [
                [
                    0.12337808014660034,
                    0.9577391627077111
                ],
                [
                    0.8405002017872326,
                    0.021012471197039195
                ]
            ],
            "phases": [
                1.1949517946782866,
                4.100963744846536
            ],
            "offset": 0.05200772032629633,
            "bounds": [
                [
                    3.066489343105345,
                    9.15196149781113
                ],
                [
                    7.715510508045054,
                    8.534812600891804
                ]
            ],
            "minimum_value": 0.0,
            "active_dims": [
                1,
                2
            ]
        },
        {
            "type": "Sinus",
            "amplitudes": [
                0.47812296359985434
            ],
            "frequencies": [
                1.9519829630746686
            ],
            "weight_vectors": [
                [
                    0.8493006954004311,
                    0.10165965924413622
                ]
            ],
            "phases": [
                5.727744837124422
            ],
            "offset": 0.15593647039630035,
            "bounds": [
                [
                    7.522290573556316,
                    9.202905078468174
                ],
                [
                    3.4799648794585267,
                    5.109033912233439
                ]
            ],
            "minimum_value": 0.0,
            "active_dims": [
                0,
                2
            ]
        },
        {
            "type": "StaticHypercube",
            "dimensions": [
                [
                    0.18162984987517897,
                    0.7454300124329615
                ]
            ],
            "static_value": 0.3132202590469083,
            "active_dims": [
                0
            ]
        },
        {
            "type": "Sinus",
            "amplitudes": [
                0.37514266681989134
            ],
            "frequencies": [
                0.3176594991077285
            ],
            "weight_vectors": [
                [
                    0.478757107449886,
                    0.20772836298998865
                ]
            ],
            "phases": [
                3.8995881216754116
            ],
            "offset": -0.24565492178420098,
            "bounds": [
                [
                    1.2603214042662456,
                    5.858826280098264
                ],
                [
                    2.8556655584433863,
                    5.87051590455064
                ]
            ],
            "minimum_value": 0.0,
            "active_dims": [
                0,
                1
            ]
        },
        {
            "type": "Gaussian",
            "mean": [
                8.228773463914251,
                1.966908765346197,
                4.345981338934678
            ],
            "std_dev": [
                1.6700851311492535,
                1.02894888304605,
                2.9593329757963382
            ],
            "max_amplitude": 0.2549031713084108,
            "active_dims": [
                0,
                1,
                2
            ]
        }
    ],
    "stats": {
        "energy": 119272250.17906259,
        "bandwidth": 503,
        "mean": 0.09633649135594514,
        "std": 0.14084914673897964,
        "pct_over_06": 0.011921875,
        "pct_over_08": 0.00334375
    }
}