{
    "functions": [
        {
            "type": "StaticHypercube",
            "dimensions": [
                [
                    1.1936396466828387,
                    5.845548293350345
                ],
                [
                    8.06069327922301,
                    9.156396549064137
                ]
            ],
            "static_value": 0.027009595679404058,
            "active_dims": [
                0,
                1
            ]
        },
        {
            "type": "Sinus",
            "amplitudes": [
                0.18769583092615558,
                0.08980577729411313,
                0.07982520169130874,
                0.3478826489299724
            ],
            "frequencies": [
                1.5910136488342104,
                1.3599234131266156,
                1.1189285693831303,
                0.5951746941923338
            ],
            "weight_vectors": [
                [
                    0.27926730596150107,
                    0.6798249274885776
                ],
                [
                    0.6949416993084768,
                    0.13637682479916446
                ],
                [
                    0.9339892401632705,
                    0.6939648225071471
                ],
                [
                    0.7412877212330528,
                    0.4978154599190435
                ]
            ],
            "phases": [
                3.571804224909237,
                1.114859904683035,
                1.509822311379039,
                0.9430884736480336
            ],
            "offset": 0.07508942520150058,
            "bounds": [
                [
                    7.794006106565375,
                    8.699805905148638
                ],
                [
                    3.6392721645836663,
                    5.150032459477346
                ]
            ],
            "minimum_value": 0.0,
            "active_dims": [
                0,
                1
            ]
        },
        {
            "type": "Gaussian",
            "mean": [
                1.499022638676053
            ],
            "std_dev": [
                2.8561326254991024
            ],
            "max_amplitude": 0.1830081497871537,
            "active_dims": [
                2
            ]
        },
        {
            "type": "Gaussian",
            "mean": [
                4.402560320905416
            ],
            "std_dev": [
                0.4843327453193441
            ],
            "max_amplitude": 0.20422502750125857,
            "active_dims": [
                0
            ]
        },
        {
            "type": "Ramp",
            "coeff": [
                1.525405414129678
            ],
            "min_value": 0.16417711022699089,
            "max_value": 0.317690732948337,
            "bounds": [
                [
                    0.12295415594083632,
                    4.528627612638658
                ]
            ],
            "active_dims": [
                1
            ]
        },
        {
            "type": "Ramp",
            "coeff": [
                0.19390655509264176,
                0.9878742370466898,
                1.9699047156786138
            ],
            "min_value": 0.11169827176069418,
            "max_value": 0.19992855916431077,
            "bounds": [
                [
                    7.094803050844008,
                    9.11808318959666
                ],
                [
                    1.3982785556189186,
                    4.291870604235006
                ],
                [
                    1.8134543879724765,
                    6.540752741913324
                ]
            ],
            "active_dims": [
                0,
                1,
                2
            ]
        },
        {
            "type": "StaticHypercube",
            "dimensions": [
                [
                    1.5686313019478713,
                    4.831022039536759
                ],
                [
                    3.550388142784803,
                    5.809905604086288
                ],
                [
                    1.115985402734926,
                    6.0566967660172
                ]
            ],
            "static_value": 0.1388345354504691,
            "active_dims": [
                0,
                1,
                2
            ]
        },
        {
            "type": "Gaussian",
            "mean": [
                9.022079340651093,
                4.248515085545232,
                4.943853220503325
            ],
            "std_dev": [
                1.5350705311977237,
                0.9520061066771205,
                3.9578840825661326
            ],
            "max_amplitude": 0.14167359005193406,
            "active_dims": [
                0,
                1,
                2
            ]
        },
        {
            "type": "Gaussian",
            "mean": [
                7.1301068200224185
            ],
            "std_dev": [
                3.5838359307340633
            ],
            "max_amplitude": 0.3146737683824794,
            "active_dims": [
                2
            ]
        }
    ],
    "stats": {
        "energy": 924057108.4816133,
        "bandwidth": 2,
        "mean": 0.4487641844778918,
        "std": 0.15559751518030937,
        "pct_over_06": 0.1745625,
        "pct_over_08": 0.020046875
    }
}