{
    "functions": [
        {
            "type": "Sinus",
            "amplitudes": [
                0.07157993650740416,
                0.30731597544712896,
                0.05574797921574096,
                0.11281855986031951,
                0.17237619565726234
            ],
            "frequencies": [
                1.0424001610348352,
                1.1532926285559768,
                1.2030921851816316,
                1.1575707797806574,
                0.7499744533102667
            ],
            "weight_vectors": [
                [
                    0.7823931882608192,
                    0.021535940223661343
                ],
                [
                    0.7901881316498888,
                    0.6000721907866153
                ],
                [
                    0.3804018434932471,
                    0.9287765695395099
                ],
                [
                    0.32716531750816624,
                    0.7901317808196477
                ],
                [
                    0.13743533338814873,
                    0.6759293958760879
                ]
            ],
            "phases": [
                5.950730925263901,
                1.9547941717008632,
                4.909126862379176,
                4.031604809223921,
                1.9131933235652125
            ],
            "offset": -0.048316164200147414,
            "bounds": [
                [
                    0.8285882289838996,
                    8.08619867280865
                ],
                [
                    2.819512266814383,
                    4.974954021261354
                ]
            ],
            "minimum_value": 0.0,
            "active_dims": [
                0,
                2
            ]
        },
        {
            "type": "Sinus",
            "amplitudes": [
                0.16517524416406695,
                0.06732350643368344,
                0.1223491067598506,
                0.0820779953392568
            ],
            "frequencies": [
                0.6596190380712645,
                0.9622585322873705,
                0.15590342364998738,
                1.4280167631125422
            ],
            "weight_vectors": [
                [
                    0.1451664078242525,
                    0.3199007665555814
                ],
                [
                    0.3353229715939756,
                    0.7773581409777462
                ],
                [
                    0.41918781418718354,
                    0.5135821751675472
                ],
                [
                    0.45280618637034564,
                    0.7794561792592098
                ]
            ],
            "phases": [
                3.5325349986634795,
                4.403958647697968,
                0.3606672705290399,
                3.4050898412787185
            ],
            "offset": -0.12349204082305908,
            "bounds": [
                [
                    5.839544081970626,
                    8.559463770387435
                ],
                [
                    2.218073979746431,
                    6.4260337449768725
                ]
            ],
            "minimum_value": 0.0,
            "active_dims": [
                0,
                2
            ]
        },
        {
            "type": "Gaussian",
            "mean": [
                5.202384434107058
            ],
            "std_dev": [
                3.874793207411219
            ],
            "max_amplitude": 0.18643829782401442,
            "active_dims": [
                0
            ]
        },
        {
            "type": "Gaussian",
            "mean": [
                6.264238170808593,
                9.645083099993373,
                5.050934964033814
            ],
            "std_dev": [
                2.28833400066359,
                3.960453195152749,
                3.2205241719045294
            ],
            "max_amplitude": 0.08817532241549103,
            "active_dims": [
                0,
                1,
                2
            ]
        },
        {
            "type": "Gaussian",
            "mean": [
                5.491040507881068
            ],
            "std_dev": [
                3.4555711958549162
            ],
            "max_amplitude": 0.11566507881857356,
            "active_dims": [
                0
            ]
        },
        {
            "type": "Gaussian",
            "mean": [
                2.07738762071084,
                8.350204197477803,
                4.613538846062617
            ],
            "std_dev": [
                0.36593480524850597,
                1.9841125064597647,
                1.4909955834813464
            ],
            "max_amplitude": 0.19237913924081948,
            "active_dims": [
                0,
                1,
                2
            ]
        },
        {
            "type": "Ramp",
            "coeff": [
                0.7261376368285168
            ],
            "min_value": 0.010128925202120628,
            "max_value": 0.02481491659093046,
            "bounds": [
                [
                    1.0925175728942025,
                    5.082154362614477
                ]
            ],
            "active_dims": [
                2
            ]
        },
        {
            "type": "Sinus",
            "amplitudes": [
                0.08461928912854515,
                0.20666792516461754,
                0.11863663802577151
            ],
            "frequencies": [
                1.9057104972350634,
                1.3857876172199552,
                0.5758871534113597
            ],
            "weight_vectors": [
                [
                    0.594780701111434
                ],
                [
                    0.8692249379460448
                ],
                [
                    0.3807263643538068
                ]
            ],
            "phases": [
                0.18854838365954915,
                3.8159944624012927,
                1.1951600855625264
            ],
            "offset": 0.0596861440104746,
            "bounds": [
                [
                    6.274178625828337,
                    7.810316791225249
                ]
            ],
            "minimum_value": 0.0,
            "active_dims": [
                1
            ]
        },
        {
            "type": "Sinus",
            "amplitudes": [
                0.07649801557624251,
                0.23565664914997786
            ],
            "frequencies": [
                1.652689641838138,
                0.21673222153380065
            ],
            "weight_vectors": [
                [
                    0.680668067416732,
                    0.6566461475516794
                ],
                [
                    0.4886299310586708,
                    0.2667353388746371
                ]
            ],
            "phases": [
                0.9069891673391368,
                3.267193632195935
            ],
            "offset": -0.07899249035254229,
            "bounds": [
                [
                    6.426997092011182,
                    9.593841563490471
                ],
                [
                    3.957406749430447,
                    5.691772776849459
                ]
            ],
            "minimum_value": 0.0,
            "active_dims": [
                0,
                2
            ]
        }
    ],
    "stats": {
        "energy": 408300745.54148114,
        "bandwidth": 9,
        "mean": 0.2878776721558524,
        "std": 0.12965047272798805,
        "pct_over_06": 0.03365625,
        "pct_over_08": 0.00746875
    }
}