{
    "functions": [
        {
            "type": "Sinus",
            "amplitudes": [
                0.09176130011355728,
                0.22210562327360647,
                0.138164804772891,
                0.3808696130343553,
                0.29712927474963774
            ],
            "frequencies": [
                0.40632030317631707,
                1.4553480744125158,
                0.35599791173752715,
                0.11162803152278447,
                0.40399507836259463
            ],
            "weight_vectors": [
                [
                    0.3200119378756614,
                    0.5352897854213671
                ],
                [
                    0.39868420920470893,
                    0.9858825994291289
                ],
                [
                    0.2272167327532978,
                    0.4612902879365439
                ],
                [
                    0.06259115406242144,
                    0.8524951447697392
                ],
                [
                    0.2806261173383734,
                    0.9642412096554082
                ]
            ],
            "phases": [
                1.9552148516937629,
                2.9845461420426234,
                5.065995230142932,
                5.4886832559597485,
                3.7661106753072717
            ],
            "offset": 0.02039379490050558,
            "bounds": [
                [
                    1.71712538207151,
                    1.916294397666917
                ],
                [
                    6.378735938169834,
                    6.622529310059037
                ]
            ],
            "minimum_value": 0.0,
            "active_dims": [
                0,
                1
            ]
        },
        {
            "type": "Sinus",
            "amplitudes": [
                0.2189038685295751
            ],
            "frequencies": [
                1.8696798808330375
            ],
            "weight_vectors": [
                [
                    0.9821817826453324
                ]
            ],
            "phases": [
                4.939499332919698
            ],
            "offset": 0.10822693935047266,
            "bounds": [
                [
                    4.049429310519269,
                    7.517995129887561
                ]
            ],
            "minimum_value": 0.0,
            "active_dims": [
                2
            ]
        },
        {
            "type": "Ramp",
            "coeff": [
                0.31230445500259574,
                0.992638418433833
            ],
            "min_value": 0.12445506794829067,
            "max_value": 0.20370303820648378,
            "bounds": [
                [
                    0.8620839959281402,
                    2.3908329553548886
                ],
                [
                    0.011406814351224879,
                    5.823712080373439
                ]
            ],
            "active_dims": [
                1,
                2
            ]
        },
        {
            "type": "Ramp",
            "coeff": [
                0.3790659409265553
            ],
            "min_value": 0.030745698671181508,
            "max_value": 0.09329701711606893,
            "bounds": [
                [
                    3.3368902767357724,
                    8.668860099980943
                ]
            ],
            "active_dims": [
                0
            ]
        },
        {
            "type": "StaticHypercube",
            "dimensions": [
                [
                    5.8812427485929355,
                    7.681722502506753
                ],
                [
                    4.483192205273763,
                    8.004614387153683
                ],
                [
                    1.7478629474755862,
                    5.012913881814123
                ]
            ],
            "static_value": 0.25362636372522085,
            "active_dims": [
                0,
                1,
                2
            ]
        },
        {
            "type": "StaticHypercube",
            "dimensions": [
                [
                    7.990841163286587,
                    8.725588156876533
                ],
                [
                    3.881204234806025,
                    5.885990365031523
                ]
            ],
            "static_value": 0.09442444260310492,
            "active_dims": [
                1,
                2
            ]
        },
        {
            "type": "Ramp",
            "coeff": [
                0.6494109556994629,
                1.949056589600977,
                1.5466026758615303
            ],
            "min_value": 0.151798149958186,
            "max_value": 0.2828161213720007,
            "bounds": [
                [
                    4.410361697990466,
                    8.277374481067419
                ],
                [
                    3.204789306302823,
                    6.678244584388361
                ],
                [
                    4.378081375664013,
                    9.341472697114998
                ]
            ],
            "active_dims": [
                0,
                1,
                2
            ]
        },
        {
            "type": "StaticHypercube",
            "dimensions": [
                [
                    4.727363510814679,
                    8.185076360059702
                ]
            ],
            "static_value": 0.1539058609102481,
            "active_dims": [
                2
            ]
        },
        {
            "type": "Ramp",
            "coeff": [
                1.6316121730056838,
                0.8504102953525334,
                1.1438056130819463
            ],
            "min_value": 0.03802004610458595,
            "max_value": 0.09187820007808896,
            "bounds": [
                [
                    4.85270429313114,
                    5.781909037321568
                ],
                [
                    2.5751681384601013,
                    5.092875670657142
                ],
                [
                    3.0300254044736015,
                    3.402928781055169
                ]
            ],
            "active_dims": [
                0,
                1,
                2
            ]
        }
    ],
    "stats": {
        "energy": 280803431.2930603,
        "bandwidth": 52,
        "mean": 0.16125197702092256,
        "std": 0.20628457316260024,
        "pct_over_06": 0.042296875,
        "pct_over_08": 0.00271875
    }
}