{
    "functions": [
        {
            "type": "Ramp",
            "coeff": [
                0.9668424863318963
            ],
            "min_value": 0.0017048400552405938,
            "max_value": 0.13439314114967388,
            "bounds": [
                [
                    0.3302669342893111,
                    3.4493933078309023
                ]
            ],
            "active_dims": [
                1
            ]
        },
        {
            "type": "Gaussian",
            "mean": [
                4.353290792654337,
                5.754815644455936,
                6.798394428750344
            ],
            "std_dev": [
                2.4184431517913256,
                3.11938016462526,
                1.1844243714905989
            ],
            "max_amplitude": 0.20356088230015262,
            "active_dims": [
                0,
                1,
                2
            ]
        },
        {
            "type": "Ramp",
            "coeff": [
                0.7222531001565402
            ],
            "min_value": 0.003477946510408876,
            "max_value": 0.18078257880122767,
            "bounds": [
                [
                    5.611504467747168,
                    6.565102179130967
                ]
            ],
            "active_dims": [
                1
            ]
        },
        {
            "type": "Sinus",
            "amplitudes": [
                0.3951455524883765,
                0.1844437570187383,
                0.13797593619964268,
                0.13026745429194833
            ],
            "frequencies": [
                1.0493146331648917,
                1.424278241467481,
                1.6641126170439322,
                1.3771688021450934
            ],
            "weight_vectors": [
                [
                    0.4587308802813067,
                    0.630765399497261
                ],
                [
                    0.0586410587994719,
                    0.24894897430904162
                ],
                [
                    0.7515337957541545,
                    0.5954741852380429
                ],
                [
                    0.1498963548263592,
                    0.8897311467735826
                ]
            ],
            "phases": [
                1.0924620479205276,
                4.623045579341509,
                3.771559344122837,
                1.8265803794661692
            ],
            "offset": -0.11248458037636833,
            "bounds": [
                [
                    0.2902112151393525,
                    4.218135381017002
                ],
                [
                    1.1796507380084913,
                    7.635868553983018
                ]
            ],
            "minimum_value": 0.0,
            "active_dims": [
                0,
                2
            ]
        },
        {
            "type": "Ramp",
            "coeff": [
                0.7823879352340006
            ],
            "min_value": 0.005856643649444301,
            "max_value": 0.049463084434676896,
            "bounds": [
                [
                    3.8562541817084512,
                    9.224996042080024
                ]
            ],
            "active_dims": [
                0
            ]
        },
        {
            "type": "StaticHypercube",
            "dimensions": [
                [
                    2.328209340580167,
                    6.3860077526204035
                ],
                [
                    4.141828788118842,
                    8.109650733496656
                ]
            ],
            "static_value": 0.19687023779611665,
            "active_dims": [
                0,
                1
            ]
        },
        {
            "type": "Ramp",
            "coeff": [
                1.597607820114472,
                1.6859338565042
            ],
            "min_value": 0.17761577032417789,
            "max_value": 0.3277140195028452,
            "bounds": [
                [
                    3.622889106668144,
                    4.783270845645115
                ],
                [
                    3.729658289731087,
                    5.864069217547103
                ]
            ],
            "active_dims": [
                0,
                2
            ]
        },
        {
            "type": "Sinus",
            "amplitudes": [
                0.13923599720960295,
                0.22229645480128254
            ],
            "frequencies": [
                0.8810510231081017,
                0.204834264200061
            ],
            "weight_vectors": [
                [
                    0.5342520354322438,
                    0.025428485162016012
                ],
                [
                    0.9828112729224902,
                    0.04152263950018409
                ]
            ],
            "phases": [
                3.159826836980053,
                4.379032659188617
            ],
            "offset": 0.06615182750954587,
            "bounds": [
                [
                    3.9811848053981893,
                    7.4513181611283095
                ],
                [
                    0.11012463198501028,
                    3.8534778018966938
                ]
            ],
            "minimum_value": 0.0,
            "active_dims": [
                0,
                2
            ]
        },
        {
            "type": "Gaussian",
            "mean": [
                9.692476977631504,
                5.8696438111923674
            ],
            "std_dev": [
                2.1537083509536186,
                1.7864829066443022
            ],
            "max_amplitude": 0.21968964594320897,
            "active_dims": [
                0,
                1
            ]
        }
    ],
    "stats": {
        "energy": 217840767.54886997,
        "bandwidth": 176,
        "mean": 0.16093712190774936,
        "std": 0.16517573651087822,
        "pct_over_06": 0.038015625,
        "pct_over_08": 0.004
    }
}