{
    "functions": [
        {
            "type": "Sinus",
            "amplitudes": [
                0.07266732412294706,
                0.2128143179847656
            ],
            "frequencies": [
                0.5226950272316891,
                0.17002189120994016
            ],
            "weight_vectors": [
                [
                    0.22602551548412686
                ],
                [
                    0.7157331835232467
                ]
            ],
            "phases": [
                0.0794550784648528,
                2.487095920210262
            ],
            "offset": -0.07717268546757022,
            "bounds": [
                [
                    3.822161922299759,
                    8.773228807642726
                ]
            ],
            "minimum_value": 0.0,
            "active_dims": [
                0
            ]
        },
        {
            "type": "Gaussian",
            "mean": [
                2.424307922264229
            ],
            "std_dev": [
                3.675814310860174
            ],
            "max_amplitude": 0.2704908696129055,
            "active_dims": [
                1
            ]
        },
        {
            "type": "Ramp",
            "coeff": [
                1.0357185613588968,
                1.9005947158100895
            ],
            "min_value": 0.005478949611958594,
            "max_value": 0.11142104504916019,
            "bounds": [
                [
                    5.208380975023657,
                    7.657753765088998
                ],
                [
                    0.13246461940920673,
                    3.470279997925947
                ]
            ],
            "active_dims": [
                0,
                2
            ]
        },
        {
            "type": "Sinus",
            "amplitudes": [
                0.23686276874682416,
                0.1617419409373849,
                0.11378619544956463
            ],
            "frequencies": [
                1.2802197656130545,
                0.11535252835702677,
                0.43828516024987785
            ],
            "weight_vectors": [
                [
                    0.3985052148822793,
                    0.551365602610181,
                    0.9929469430042825
                ],
                [
                    0.5244487349754842,
                    0.24199958136444255,
                    0.8283540508623614
                ],
                [
                    0.6490222004059056,
                    0.5692912759423386,
                    0.630538436846096
                ]
            ],
            "phases": [
                4.776091755700352,
                2.322821006669067,
                1.7946568962491891
            ],
            "offset": -0.15687534504902015,
            "bounds": [
                [
                    5.544848914023296,
                    8.39628156150049
                ],
                [
                    2.931556973725587,
                    8.187181003518493
                ],
                [
                    5.871884385006235,
                    9.454406609824174
                ]
            ],
            "minimum_value": 0.0,
            "active_dims": [
                0,
                1,
                2
            ]
        },
        {
            "type": "Sinus",
            "amplitudes": [
                0.11212681803868332,
                0.2884025750587707,
                0.09713276944337346,
                0.2237511976104634
            ],
            "frequencies": [
                0.6308588037128142,
                0.711088654878676,
                0.5749118166185457,
                0.6912407629144246
            ],
            "weight_vectors": [
                [
                    0.2821884484739564,
                    0.10606658332823682,
                    0.38962165774266533
                ],
                [
                    0.3585501012829646,
                    0.614559833043779,
                    0.14125958880625356
                ],
                [
                    0.5729571197212985,
                    0.9693541157372434,
                    0.2880622765609573
                ],
                [
                    0.5961360409742608,
                    0.09899392774448557,
                    0.03287801529203427
                ]
            ],
            "phases": [
                1.3565265347215705,
                4.377833405637985,
                0.17331106153382353,
                1.3771328234157674
            ],
            "offset": -0.015195480012127104,
            "bounds": [
                [
                    4.010420654564548,
                    4.323290554725416
                ],
                [
                    2.0214059585231867,
                    4.367359988775586
                ],
                [
                    4.706122504587174,
                    9.350561167854504
                ]
            ],
            "minimum_value": 0.0,
            "active_dims": [
                0,
                1,
                2
            ]
        },
        {
            "type": "Sinus",
            "amplitudes": [
                0.08801755724106897,
                0.23292461041952214,
                0.182823619404942,
                0.18731655544640163,
                0.11103326380084699
            ],
            "frequencies": [
                1.4111944766274749,
                0.7407413453072261,
                0.713867372085079,
                0.5151665986466922,
                1.140455723783922
            ],
            "weight_vectors": [
                [
                    0.6008184918241454,
                    0.36517300973743916
                ],
                [
                    0.8014848502020746,
                    0.07812517067222291
                ],
                [
                    0.953063180124841,
                    0.8416924954774146
                ],
                [
                    0.7040601740015329,
                    0.7943996732462497
                ],
                [
                    0.17153459381154113,
                    0.055185899711043485
                ]
            ],
            "phases": [
                2.160301365052734,
                1.7691667646703697,
                5.025752322504087,
                2.0434157684330927,
                5.351917756916559
            ],
            "offset": 0.05841322088842336,
            "bounds": [
                [
                    0.7545638144970097,
                    8.905222003614693
                ],
                [
                    5.825986152391965,
                    7.829976022819522
                ]
            ],
            "minimum_value": 0.0,
            "active_dims": [
                0,
                1
            ]
        },
        {
            "type": "Ramp",
            "coeff": [
                0.5984469039991791
            ],
            "min_value": 0.15616392570849388,
            "max_value": 0.2182132246763637,
            "bounds": [
                [
                    1.5899428780663234,
                    2.799169527006777
                ]
            ],
            "active_dims": [
                1
            ]
        },
        {
            "type": "Sinus",
            "amplitudes": [
                0.11155789966280613,
                0.19773917447739509,
                0.1304393123357777,
                0.08796596185896247,
                0.17495254195322674
            ],
            "frequencies": [
                1.1257543127622538,
                1.3590975683774085,
                1.0814170803315013,
                1.31222401148217,
                1.3147054957186184
            ],