{
    "functions": [
        {
            "type": "Sinus",
            "amplitudes": [
                0.11974228941105183,
                0.08164867880053106,
                0.1666663367763806,
                0.10947564529666133
            ],
            "frequencies": [
                0.5529587500546853,
                1.6148484774797878,
                0.36411519805849635,
                0.33810816907718433
            ],
            "weight_vectors": [
                [
                    0.22062373067063223,
                    0.2847137333292685
                ],
                [
                    0.45500347134581165,
                    0.7327782758332477
                ],
                [
                    0.038680346222720985,
                    0.08425223542505356
                ],
                [
                    0.4239867043943337,
                    0.008287012062261456
                ]
            ],
            "phases": [
                5.521344353052462,
                5.891147096241348,
                2.495929475016986,
                1.5907681663343727
            ],
            "offset": 0.0847826457745245,
            "bounds": [
                [
                    8.498125784892274,
                    9.555587270078082
                ],
                [
                    3.3065756043020182,
                    6.177835363019046
                ]
            ],
            "minimum_value": 0.0,
            "active_dims": [
                1,
                2
            ]
        },
        {
            "type": "Ramp",
            "coeff": [
                0.4163147264359315
            ],
            "min_value": 0.14176108477293922,
            "max_value": 0.19474911075480905,
            "bounds": [
                [
                    4.217817310401354,
                    8.952910598023479
                ]
            ],
            "active_dims": [
                1
            ]
        },
        {
            "type": "Ramp",
            "coeff": [
                0.5879900582568187
            ],
            "min_value": 0.10833203026241717,
            "max_value": 0.23762210618744908,
            "bounds": [
                [
                    3.29054130556784,
                    7.124199641955298
                ]
            ],
            "active_dims": [
                1
            ]
        },
        {
            "type": "Ramp",
            "coeff": [
                1.6931755106722124,
                1.377541035267539
            ],
            "min_value": 0.16016970959733584,
            "max_value": 0.19911854368766227,
            "bounds": [
                [
                    1.7395500350421802,
                    4.0778317803822635
                ],
                [
                    0.5686460959866798,
                    5.2246523156098625
                ]
            ],
            "active_dims": [
                0,
                1
            ]
        },
        {
            "type": "Sinus",
            "amplitudes": [
                0.12196163210012638,
                0.07126831498345333,
                0.22052740937063317,
                0.2271253802220918,
                0.20958518326021622
            ],
            "frequencies": [
                1.5297152269070329,
                0.7368889633761219,
                0.7006166626911354,
                0.10914390463949443,
                1.8876066091114265
            ],
            "weight_vectors": [
                [
                    0.7686118836781847,
                    0.5971954837214983
                ],
                [
                    0.18277859798952634,
                    0.1954796125491154
                ],
                [
                    0.8146389186720324,
                    0.5836783209542714
                ],
                [
                    0.16318628991655226,
                    0.7065950226025566
                ],
                [
                    0.12052326453286022,
                    0.25816560404665034
                ]
            ],
            "phases": [
                5.456840107126746,
                0.563591976763417,
                3.638357594651342,
                4.022396168598316,
                0.5529643761037176
            ],
            "offset": -0.05296677320172764,
            "bounds": [
                [
                    8.37904162781188,
                    9.915476433756975
                ],
                [
                    3.605578286234304,
                    4.6818526093823705
                ]
            ],
            "minimum_value": 0.0,
            "active_dims": [
                1,
                2
            ]
        },
        {
            "type": "StaticHypercube",
            "dimensions": [
                [
                    1.9662988645883026,
                    4.385923780638081
                ]
            ],
            "static_value": 0.08704854459995734,
            "active_dims": [
                2
            ]
        },
        {
            "type": "Sinus",
            "amplitudes": [
                0.3471681114308419,
                0.182388705987492,
                0.16327418477872213
            ],
            "frequencies": [
                0.29208031122983136,
                0.7410434163618203,
                0.1188924207778424
            ],
            "weight_vectors": [
                [
                    0.6263470427189749
                ],
                [
                    0.5559518728869601
                ],
                [
                    0.6353985389394144
                ]
            ],
            "phases": [
                5.498545360088063,
                4.278415828477351,
                3.928319035320982
            ],
            "offset": 0.028978833457347523,
            "bounds": [
                [
                    1.4796040444819551,
                    4.2825948285083975
                ]
            ],
            "minimum_value": 0.0,
            "active_dims": [
                1
            ]
        },
        {
            "type": "Gaussian",
            "mean": [
                7.738416826457742
            ],
            "std_dev": [
                0.6228686562030193
            ],
            "max_amplitude": 0.26242879091250554,
            "active_dims": [
                0
            ]
        },
        {
            "type": "Gaussian",
            "mean": [
                5.812894445794916,
                5.1014140470951475
            ],
            "std_dev": [
                3.6284449588224335,
                1.7078467524260215
            ],
            "max_amplitude": 0.19367870783279087,
            "active_dims": [
                0,
                1
            ]
        }
    ],
    "stats": {
        "energy": 625048086.9054264,
        "bandwidth": 8,
        "mean": 0.31485912808783684,
        "std": 0.23122145240420983,
        "pct_over_06": 0.122515625,
        "pct_over_08": 0.009234375
    }
}