{
    "functions": [
        {
            "type": "StaticHypercube",
            "dimensions": [
                [
                    0.7424809144290553,
                    2.992128467744699
                ]
            ],
            "static_value": 0.24350564028813518,
            "active_dims": [
                1
            ]
        },
        {
            "type": "Gaussian",
            "mean": [
                7.594878838401685,
                2.084530917276468
            ],
            "std_dev": [
                0.3426025513853192,
                3.5522538498021583
            ],
            "max_amplitude": 0.15520333485888743,
            "active_dims": [
                1,
                2
            ]
        },
        {
            "type": "Sinus",
            "amplitudes": [
                0.18155317322176107,
                0.049311094669907345,
                0.3041926660640695,
                0.17804017591568658
            ],
            "frequencies": [
                0.8057638526919841,
                0.9122356038318794,
                0.8216563754391136,
                0.48169728284105306
            ],
            "weight_vectors": [
                [
                    0.5645158437957613,
                    0.7324422080958184,
                    0.9487813799798898
                ],
                [
                    0.4909056225380165,
                    0.830589406591372,
                    0.3058735001026506
                ],
                [
                    0.24843591398052534,
                    0.4771217280230108,
                    0.7658272362267141
                ],
                [
                    0.7875532012111286,
                    0.6460499462291498,
                    0.29958135215568815
                ]
            ],
            "phases": [
                4.480870019360564,
                0.26137247488578896,
                2.500997464174236,
                1.993929705980094
            ],
            "offset": 0.07524420580880678,
            "bounds": [
                [
                    2.38315242844069,
                    6.341236103125012
                ],
                [
                    1.9128352361019647,
                    5.404994996299831
                ],
                [
                    3.6405149700546087,
                    6.04935636431907
                ]
            ],
            "minimum_value": 0.0,
            "active_dims": [
                0,
                1,
                2
            ]
        },
        {
            "type": "Gaussian",
            "mean": [
                4.1152174350100745,
                5.914407281388279
            ],
            "std_dev": [
                1.0904839235717925,
                2.4731712761952678
            ],
            "max_amplitude": 0.1740379240326797,
            "active_dims": [
                0,
                2
            ]
        },
        {
            "type": "Gaussian",
            "mean": [
                7.168693304213085,
                9.928478110692748
            ],
            "std_dev": [
                1.7434606821498446,
                3.8096214562424757
            ],
            "max_amplitude": 0.21300087621486546,
            "active_dims": [
                1,
                2
            ]
        },
        {
            "type": "Gaussian",
            "mean": [
                3.7956549909708404
            ],
            "std_dev": [
                1.991629675085485
            ],
            "max_amplitude": 0.09666643870630741,
            "active_dims": [
                2
            ]
        },
        {
            "type": "Ramp",
            "coeff": [
                0.023513152773549484
            ],
            "min_value": 0.08543615808439209,
            "max_value": 0.2312450195970464,
            "bounds": [
                [
                    5.768846103861248,
                    8.115389303547719
                ]
            ],
            "active_dims": [
                1
            ]
        },
        {
            "type": "StaticHypercube",
            "dimensions": [
                [
                    0.5008935001813666,
                    0.9486082969763878
                ],
                [
                    2.5666696205789803,
                    4.248716577116182
                ],
                [
                    1.4140883468232543,
                    3.8326832680605136
                ]
            ],
            "static_value": 0.1696742983035453,
            "active_dims": [
                0,
                1,
                2
            ]
        },
        {
            "type": "Sinus",
            "amplitudes": [
                0.16837898027243206,
                0.1008206039835482,
                0.22475976447873935,
                0.19698740205944662,
                0.24097973672987263
            ],
            "frequencies": [
                1.1086450211600576,
                1.472034521360305,
                1.4579443730243093,
                1.4352477322901458,
                1.5699644882215043
            ],
            "weight_vectors": [
                [
                    0.8922048924913855
                ],
                [
                    0.28885759537225475
                ],
                [
                    0.903206038061964
                ],
                [
                    0.6223770093464348
                ],
                [
                    0.05424576835411765
                ]
            ],
            "phases": [
                0.24439241520094676,
                5.862868092398333,
                1.8924654252994,
                5.215032986803467,
                2.031883676692364
            ],
            "offset": 0.08416591330343882,
            "bounds": [
                [
                    2.1817170928319736,
                    2.4026298336854297
                ]
            ],
            "minimum_value": 0.0,
            "active_dims": [
                1
            ]
        }
    ],
    "stats": {
        "energy": 351280495.3895879,
        "bandwidth": 43,
        "mean": 0.227107097180614,
        "std": 0.18488971335614848,
        "pct_over_06": 0.051421875,
        "pct_over_08": 0.00671875
    }
}