{
    "functions": [
        {
            "type": "StaticHypercube",
            "dimensions": [
                [
                    3.6401753229517197,
                    4.469735292018173
                ],
                [
                    2.638497771059756,
                    6.0099682870810796
                ]
            ],
            "static_value": 0.096750420314154,
            "active_dims": [
                0,
                2
            ]
        },
        {
            "type": "StaticHypercube",
            "dimensions": [
                [
                    3.454400995520363,
                    5.948036640617893
                ],
                [
                    2.8050129407991946,
                    5.1790376014571855
                ],
                [
                    3.0058165794462335,
                    4.924792827272643
                ]
            ],
            "static_value": 0.08875939706063901,
            "active_dims": [
                0,
                1,
                2
            ]
        },
        {
            "type": "StaticHypercube",
            "dimensions": [
                [
                    8.222268468056098,
                    9.41236770376916
                ]
            ],
            "static_value": 0.1251367464385605,
            "active_dims": [
                0
            ]
        },
        {
            "type": "Sinus",
            "amplitudes": [
                0.08345843359941874,
                0.14969835401215825,
                0.1528901916398753,
                0.1555525817543717
            ],
            "frequencies": [
                1.2220165113214827,
                1.0321076832423246,
                1.5549426957953392,
                1.504687302194854
            ],
            "weight_vectors": [
                [
                    0.97498090714375
                ],
                [
                    0.33256460447120284
                ],
                [
                    0.6576812797259393
                ],
                [
                    0.9878546903991061
                ]
            ],
            "phases": [
                4.370871622714361,
                5.481714474819322,
                1.809117563445329,
                0.5505681711191378
            ],
            "offset": 0.030389292652523516,
            "bounds": [
                [
                    2.08084856265894,
                    7.910325597100444
                ]
            ],
            "minimum_value": 0.0,
            "active_dims": [
                0
            ]
        },
        {
            "type": "Gaussian",
            "mean": [
                4.802601493883345
            ],
            "std_dev": [
                3.3563089329481444
            ],
            "max_amplitude": 0.2118370372804833,
            "active_dims": [
                0
            ]
        },
        {
            "type": "Sinus",
            "amplitudes": [
                0.07898671803394222,
                0.15556818908071443
            ],
            "frequencies": [
                0.21522088204568984,
                1.0401525542196122
            ],
            "weight_vectors": [
                [
                    0.17613150740682915
                ],
                [
                    0.6627826977565578
                ]
            ],
            "phases": [
                0.5015886174097786,
                2.965936198566582
            ],
            "offset": 0.09901112171700995,
            "bounds": [
                [
                    5.403106633982366,
                    7.449375079996762
                ]
            ],
            "minimum_value": 0.0,
            "active_dims": [
                0
            ]
        },
        {
            "type": "StaticHypercube",
            "dimensions": [
                [
                    0.10526823342512526,
                    5.19804580811963
                ],
                [
                    1.437511585306126,
                    5.263444968251735
                ],
                [
                    9.01926235701161,
                    9.769381508183951
                ]
            ],
            "static_value": 0.19648901985001047,
            "active_dims": [
                0,
                1,
                2
            ]
        },
        {
            "type": "Gaussian",
            "mean": [
                8.365230997487673,
                4.718117075304895
            ],
            "std_dev": [
                3.369686387264706,
                3.8532751604455804
            ],
            "max_amplitude": 0.1658932600332561,
            "active_dims": [
                0,
                2
            ]
        },
        {
            "type": "Gaussian",
            "mean": [
                9.515506916893926,
                0.5206326077520573
            ],
            "std_dev": [
                3.8648979305534787,
                3.054047497070678
            ],
            "max_amplitude": 0.17445412905613222,
            "active_dims": [
                1,
                2
            ]
        }
    ],
    "stats": {
        "energy": 967931378.9517499,
        "bandwidth": 2,
        "mean": 0.42034166216166124,
        "std": 0.24418079135256315,
        "pct_over_06": 0.288078125,
        "pct_over_08": 0.09284375
    }
}