{
    "functions": [
        {
            "type": "StaticHypercube",
            "dimensions": [
                [
                    6.6225387725129865,
                    8.276289981376516
                ],
                [
                    7.607379984736959,
                    9.79103221214106
                ]
            ],
            "static_value": 0.1738558640990177,
            "active_dims": [
                0,
                1
            ]
        },
        {
            "type": "Gaussian",
            "mean": [
                2.7506398530673914,
                0.5086926145416004,
                6.705784207888705
            ],
            "std_dev": [
                3.1464292218566596,
                3.7524487736033407,
                1.4814702954895462
            ],
            "max_amplitude": 0.18221913430283077,
            "active_dims": [
                0,
                1,
                2
            ]
        },
        {
            "type": "Ramp",
            "coeff": [
                0.8331306377917649
            ],
            "min_value": 0.06302122889648865,
            "max_value": 0.1377428792904752,
            "bounds": [
                [
                    6.62421304849293,
                    9.736634009303472
                ]
            ],
            "active_dims": [
                2
            ]
        },
        {
            "type": "Sinus",
            "amplitudes": [
                0.22394633627003951,
                0.06528972502084572,
                0.27793812966275067,
                0.11114871958476136,
                0.19775636202661243
            ],
            "frequencies": [
                0.5253956712650198,
                1.3636045337887854,
                1.32372356051243,
                1.6094514810114853,
                1.4110381205710005
            ],
            "weight_vectors": [
                [
                    0.6291923606473536,
                    0.009061670199964844,
                    0.35329904255458766
                ],
                [
                    0.08801572614732223,
                    0.8452663802607208,
                    0.434996221071944
                ],
                [
                    0.7309440284103336,
                    0.23392279575871278,
                    0.16715117459922268
                ],
                [
                    0.8748774700437413,
                    0.47547358393537487,
                    0.7974176261327709
                ],
                [
                    0.031076255335568015,
                    0.4763977446978258,
                    0.92862775096984
                ]
            ],
            "phases": [
                5.224221226525238,
                3.751681304289646,
                0.9336579030466648,
                5.621450967853638,
                2.0139069001111767
            ],
            "offset": -0.03882406338206746,
            "bounds": [
                [
                    4.124047592706947,
                    6.263311205762845
                ],
                [
                    0.7199110859465438,
                    4.21844015525292
                ],
                [
                    3.0955212464687523,
                    3.612735580514478
                ]
            ],
            "minimum_value": 0.0,
            "active_dims": [
                0,
                1,
                2
            ]
        },
        {
            "type": "Gaussian",
            "mean": [
                6.080109661965957
            ],
            "std_dev": [
                2.8374908608286176
            ],
            "max_amplitude": 0.044069641443179534,
            "active_dims": [
                0
            ]
        },
        {
            "type": "StaticHypercube",
            "dimensions": [
                [
                    5.080527034260222,
                    5.48665272893525
                ]
            ],
            "static_value": 0.23640141505171497,
            "active_dims": [
                1
            ]
        },
        {
            "type": "Ramp",
            "coeff": [
                1.6942201708866846,
                0.11546236524903164
            ],
            "min_value": 0.09997607598100383,
            "max_value": 0.13704189279179035,
            "bounds": [
                [
                    1.3453008755473328,
                    3.6196166737360627
                ],
                [
                    2.6681316879686205,
                    4.532844088314566
                ]
            ],
            "active_dims": [
                0,
                1
            ]
        },
        {
            "type": "Gaussian",
            "mean": [
                7.360702068243137
            ],
            "std_dev": [
                1.743128100320071
            ],
            "max_amplitude": 0.1648996125074423,
            "active_dims": [
                0
            ]
        },
        {
            "type": "StaticHypercube",
            "dimensions": [
                [
                    1.6832331155620825,
                    4.569054982474613
                ],
                [
                    0.8402443099517053,
                    5.636937996464179
                ]
            ],
            "static_value": 0.28881910501693975,
            "active_dims": [
                0,
                1
            ]
        }
    ],
    "stats": {
        "energy": 264234292.92417607,
        "bandwidth": 56,
        "mean": 0.2053441012930399,
        "std": 0.14947951526913372,
        "pct_over_06": 0.010140625,
        "pct_over_08": 0.001671875
    }
}