{
    "functions": [
        {
            "type": "StaticHypercube",
            "dimensions": [
                [
                    4.187193727510803,
                    8.655992606563604
                ],
                [
                    1.5731568596444279,
                    4.211984872999193
                ],
                [
                    2.6302616160606345,
                    6.870123076852852
                ]
            ],
            "static_value": 0.07006039683477744,
            "active_dims": [
                0,
                1,
                2
            ]
        },
        {
            "type": "StaticHypercube",
            "dimensions": [
                [
                    3.2334660879204074,
                    5.027756629519292
                ]
            ],
            "static_value": 0.2750735655433081,
            "active_dims": [
                1
            ]
        },
        {
            "type": "Gaussian",
            "mean": [
                1.182611228298408,
                5.7185411287066055,
                1.1536534244093588
            ],
            "std_dev": [
                2.0465099110107623,
                0.6848591705917378,
                3.1977046035145253
            ],
            "max_amplitude": 0.23108920482824516,
            "active_dims": [
                0,
                1,
                2
            ]
        },
        {
            "type": "Sinus",
            "amplitudes": [
                0.5701699598098662,
                0.19573649820448125,
                0.11494857393917175,
                0.21862290165439555
            ],
            "frequencies": [
                1.9057504887848074,
                1.2348076032445685,
                0.8908852303243825,
                0.8521722522021979
            ],
            "weight_vectors": [
                [
                    0.4060466034856808
                ],
                [
                    0.473273070428055
                ],
                [
                    0.7297449803791769
                ],
                [
                    0.7461757068695838
                ]
            ],
            "phases": [
                5.365063267925997,
                6.169211146848607,
                0.481269907360946,
                3.02341362910178
            ],
            "offset": 0.026494839533522177,
            "bounds": [
                [
                    8.477799196162438,
                    9.527493717578388
                ]
            ],
            "minimum_value": 0.0,
            "active_dims": [
                0
            ]
        },
        {
            "type": "Gaussian",
            "mean": [
                2.3416831971642638,
                4.09457366048891
            ],
            "std_dev": [
                1.6409883699063446,
                3.160134553263703
            ],
            "max_amplitude": 0.2529729401068028,
            "active_dims": [
                0,
                2
            ]
        },
        {
            "type": "Gaussian",
            "mean": [
                0.72407263285303,
                3.5645727757182586
            ],
            "std_dev": [
                1.8143336801965508,
                1.1454810668096913
            ],
            "max_amplitude": 0.049613576963777536,
            "active_dims": [
                0,
                1
            ]
        },
        {
            "type": "StaticHypercube",
            "dimensions": [
                [
                    3.286342370611344,
                    6.438090371505308
                ]
            ],
            "static_value": 0.27617956919195186,
            "active_dims": [
                1
            ]
        },
        {
            "type": "Gaussian",
            "mean": [
                0.8619700144722353
            ],
            "std_dev": [
                2.1132914657146404
            ],
            "max_amplitude": 0.21186242894016943,
            "active_dims": [
                2
            ]
        },
        {
            "type": "Sinus",
            "amplitudes": [
                0.19967871709288015,
                0.11117029987171977
            ],
            "frequencies": [
                1.2617158946255125,
                1.855362362148244
            ],
            "weight_vectors": [
                [
                    0.35486543978807983,
                    0.10430210321903444,
                    0.7786096232848794
                ],
                [
                    0.1128100496374681,
                    0.14184541025600006,
                    0.7688668423668675
                ]
            ],
            "phases": [
                2.1043750171868427,
                2.702318773115954
            ],
            "offset": 0.07261293407490085,
            "bounds": [
                [
                    5.2741157101810785,
                    8.156823421381562
                ],
                [
                    0.8405093643484474,
                    3.9736847532189854
                ],
                [
                    0.13471356915892868,
                    2.1673054022100873
                ]
            ],
            "minimum_value": 0.0,
            "active_dims": [
                0,
                1,
                2
            ]
        }
    ],
    "stats": {
        "energy": 618448344.2735714,
        "bandwidth": 13,
        "mean": 0.2955575265013498,
        "std": 0.252258030257847,
        "pct_over_06": 0.154515625,
        "pct_over_08": 0.062984375
    }
}