{
    "functions": [
        {
            "type": "Ramp",
            "coeff": [
                0.0656169330448162,
                0.8138649211562023
            ],
            "min_value": 0.05705729343520821,
            "max_value": 0.07838354648122074,
            "bounds": [
                [
                    2.8904128145249546,
                    4.14510422776202
                ],
                [
                    3.9444986955887082,
                    9.050806195163277
                ]
            ],
            "active_dims": [
                1,
                2
            ]
        },
        {
            "type": "Ramp",
            "coeff": [
                1.5218197001021418,
                1.342040609264754
            ],
            "min_value": 0.018386091592586477,
            "max_value": 0.04810192670356249,
            "bounds": [
                [
                    5.912021405118931,
                    7.782107408382313
                ],
                [
                    0.46075991619533324,
                    4.960268661889629
                ]
            ],
            "active_dims": [
                1,
                2
            ]
        },
        {
            "type": "Sinus",
            "amplitudes": [
                0.24787406106924478,
                0.14865511129623926,
                0.09272251749966982,
                0.050994469750181355
            ],
            "frequencies": [
                0.9725510703630525,
                0.8612128742048302,
                1.3392298562854834,
                1.2350900044879158
            ],
            "weight_vectors": [
                [
                    0.5870323146403221
                ],
                [
                    0.8064108886115009
                ],
                [
                    0.4660537047153981
                ],
                [
                    0.7909674962137992
                ]
            ],
            "phases": [
                6.036385761917686,
                4.676694635820134,
                0.7713195335831496,
                4.562967246424547
            ],
            "offset": 0.10513154383331755,
            "bounds": [
                [
                    0.5960917636991183,
                    4.52653900131532
                ]
            ],
            "minimum_value": 0.0,
            "active_dims": [
                2
            ]
        },
        {
            "type": "StaticHypercube",
            "dimensions": [
                [
                    2.0918360317344105,
                    4.700794549798989
                ]
            ],
            "static_value": 0.0903546529905572,
            "active_dims": [
                1
            ]
        },
        {
            "type": "Gaussian",
            "mean": [
                3.270732141471102,
                2.642244391174211
            ],
            "std_dev": [
                2.840183462586324,
                0.8778185365808242
            ],
            "max_amplitude": 0.14287394327189584,
            "active_dims": [
                0,
                2
            ]
        },
        {
            "type": "Gaussian",
            "mean": [
                1.387610543133615,
                9.350568002724886,
                7.762165705508882
            ],
            "std_dev": [
                0.8561452205421153,
                0.5168053472866962,
                3.6413053848154235
            ],
            "max_amplitude": 0.09392841837712469,
            "active_dims": [
                0,
                1,
                2
            ]
        },
        {
            "type": "StaticHypercube",
            "dimensions": [
                [
                    1.5976697349192213,
                    6.1337073581412005
                ],
                [
                    7.193173634542297,
                    7.9938094933047035
                ]
            ],
            "static_value": 0.23325162847456074,
            "active_dims": [
                0,
                1
            ]
        },
        {
            "type": "StaticHypercube",
            "dimensions": [
                [
                    8.223903714652467,
                    9.662019578190682
                ]
            ],
            "static_value": 0.0686012364247656,
            "active_dims": [
                1
            ]
        },
        {
            "type": "StaticHypercube",
            "dimensions": [
                [
                    9.222372385491282,
                    9.433287710992639
                ],
                [
                    4.66443612853403,
                    6.272149507235822
                ]
            ],
            "static_value": 0.173118639433061,
            "active_dims": [
                1,
                2
            ]
        }
    ],
    "stats": {
        "energy": 231768741.8972035,
        "bandwidth": 46,
        "mean": 0.13333167915936048,
        "std": 0.19699448935133262,
        "pct_over_06": 0.062203125,
        "pct_over_08": 0.004671875
    }
}