{
    "functions": [
        {
            "type": "Gaussian",
            "mean": [
                7.218555964470075,
                7.464052654166773
            ],
            "std_dev": [
                3.38212297037414,
                3.875367191074167
            ],
            "max_amplitude": 0.13831800674117986,
            "active_dims": [
                1,
                2
            ]
        },
        {
            "type": "Sinus",
            "amplitudes": [
                0.22442717810216178,
                0.2911871203353731,
                0.14657717547143187,
                0.09507570735762536
            ],
            "frequencies": [
                1.5652021705443044,
                1.9563116438493695,
                1.7283624797992152,
                1.5763201103713482
            ],
            "weight_vectors": [
                [
                    0.7570674621333704,
                    0.8713086791486883
                ],
                [
                    0.11726297115982831,
                    0.47199279374806924
                ],
                [
                    0.7898272362336091,
                    0.32735814241546346
                ],
                [
                    0.4538558064921895,
                    0.6586424955133584
                ]
            ],
            "phases": [
                6.225273881103658,
                4.659463675424985,
                2.399275699273964,
                4.999191141941382
            ],
            "offset": 0.1034683369160606,
            "bounds": [
                [
                    1.572260795117751,
                    5.965219073483651
                ],
                [
                    1.8828346877188173,
                    3.0442455913146484
                ]
            ],
            "minimum_value": 0.0,
            "active_dims": [
                1,
                2
            ]
        },
        {
            "type": "Gaussian",
            "mean": [
                0.7217747253642282,
                7.305481352137836,
                9.972598836049317
            ],
            "std_dev": [
                3.2364830326192897,
                2.3657926014136015,
                3.6445363958903205
            ],
            "max_amplitude": 0.15303647742013252,
            "active_dims": [
                0,
                1,
                2
            ]
        },
        {
            "type": "StaticHypercube",
            "dimensions": [
                [
                    1.0489223918252295,
                    4.903830448610987
                ],
                [
                    5.2656395966962615,
                    7.494387536180552
                ],
                [
                    2.930416045437439,
                    5.934622971055826
                ]
            ],
            "static_value": 0.2736870379818771,
            "active_dims": [
                0,
                1,
                2
            ]
        },
        {
            "type": "Gaussian",
            "mean": [
                8.129049757932902
            ],
            "std_dev": [
                2.5347534300168566
            ],
            "max_amplitude": 0.16281511118594352,
            "active_dims": [
                1
            ]
        },
        {
            "type": "StaticHypercube",
            "dimensions": [
                [
                    3.1261161609654864,
                    5.1704878698213115
                ]
            ],
            "static_value": 0.26504793631344054,
            "active_dims": [
                2
            ]
        },
        {
            "type": "StaticHypercube",
            "dimensions": [
                [
                    2.910465991076464,
                    6.409238547940724
                ],
                [
                    0.7878705763895559,
                    1.2042095346835837
                ]
            ],
            "static_value": 0.11857950378102024,
            "active_dims": [
                1,
                2
            ]
        },
        {
            "type": "Gaussian",
            "mean": [
                9.317208173008574
            ],
            "std_dev": [
                2.2642201056979454
            ],
            "max_amplitude": 0.1874266008107971,
            "active_dims": [
                1
            ]
        },
        {
            "type": "Sinus",
            "amplitudes": [
                0.12188288609525072,
                0.20275055555866373,
                0.1149710130265756,
                0.1492577167976089
            ],
            "frequencies": [
                0.10974389785674626,
                1.7935593846687619,
                0.7369625846518428,
                1.640269167685467
            ],
            "weight_vectors": [
                [
                    0.2670135101955019,
                    0.30509499001823703
                ],
                [
                    0.9806889973154865,
                    0.24307531095076085
                ],
                [
                    0.3475650391197713,
                    0.9605044747885861
                ],
                [
                    0.4396418192369669,
                    0.16911524800803723
                ]
            ],
            "phases": [
                0.1330145547995696,
                0.5912622635176086,
                3.122832461063306,
                2.8686577407427354
            ],
            "offset": -0.09381016865644523,
            "bounds": [
                [
                    1.0159861182563976,
                    2.4632614259537298
                ],
                [
                    1.9292367958072778,
                    4.556594543817294
                ]
            ],
            "minimum_value": 0.0,
            "active_dims": [
                0,
                1
            ]
        }
    ],
    "stats": {
        "energy": 549274757.3395164,
        "bandwidth": 27,
        "mean": 0.2940007305992446,
        "std": 0.2183205280332184,
        "pct_over_06": 0.094546875,
        "pct_over_08": 0.014296875
    }
}