{
    "functions": [
        {
            "type": "Gaussian",
            "mean": [
                1.733197006715852,
                4.10200285342934
            ],
            "std_dev": [
                2.712332399934326,
                0.6440100244541457
            ],
            "max_amplitude": 0.26207464909101663,
            "active_dims": [
                1,
                2
            ]
        },
        {
            "type": "Gaussian",
            "mean": [
                0.603240739759584,
                9.025313328757207
            ],
            "std_dev": [
                1.0650830881928786,
                3.5281810781049057
            ],
            "max_amplitude": 0.42197051819122405,
            "active_dims": [
                0,
                1
            ]
        },
        {
            "type": "Sinus",
            "amplitudes": [
                0.12329685753191516,
                0.3561146546287476,
                0.13807679186598926,
                0.2040116221659499,
                0.23271849334089867
            ],
            "frequencies": [
                1.9089016322935,
                1.5893141567872595,
                0.14756754747951584,
                1.0455551068498234,
                0.8182297890812181
            ],
            "weight_vectors": [
                [
                    0.9786439615854988
                ],
                [
                    0.32904596007021947
                ],
                [
                    0.5955290715226488
                ],
                [
                    0.535846340890721
                ],
                [
                    0.4610959555568859
                ]
            ],
            "phases": [
                2.418196691601335,
                3.1477825250083766,
                3.082825632710544,
                2.401509423597277,
                0.8708400099939215
            ],
            "offset": -0.03634544388543929,
            "bounds": [
                [
                    5.840019609287127,
                    9.855691241290327
                ]
            ],
            "minimum_value": 0.0,
            "active_dims": [
                0
            ]
        },
        {
            "type": "StaticHypercube",
            "dimensions": [
                [
                    1.229603881336291,
                    1.9752143897106649
                ],
                [
                    3.8160589543459333,
                    6.929346958674746
                ]
            ],
            "static_value": 0.2391799292596943,
            "active_dims": [
                0,
                2
            ]
        },
        {
            "type": "Ramp",
            "coeff": [
                0.7308490054620111,
                0.9292247698584217
            ],
            "min_value": 0.09108390931179235,
            "max_value": 0.1942637913415229,
            "bounds": [
                [
                    7.791262574052431,
                    9.806412988384132
                ],
                [
                    0.15408778397175898,
                    3.903065583384783
                ]
            ],
            "active_dims": [
                0,
                1
            ]
        },
        {
            "type": "StaticHypercube",
            "dimensions": [
                [
                    6.093482364361184,
                    7.225187280632461
                ],
                [
                    3.4437929033088253,
                    6.813330406352719
                ]
            ],
            "static_value": 0.3628206573077542,
            "active_dims": [
                1,
                2
            ]
        },
        {
            "type": "Sinus",
            "amplitudes": [
                0.18999444764170006,
                0.39858816265540065,
                0.1081872936406681,
                0.3164782878671306
            ],
            "frequencies": [
                1.6617932466197016,
                0.1654722042143733,
                0.7122313586302174,
                0.5577120078887448
            ],
            "weight_vectors": [
                [
                    0.11554519989399392,
                    0.4519997881690393,
                    0.9779317120318802
                ],
                [
                    0.4670074145889892,
                    0.032442343276552155,
                    0.6558081704579066
                ],
                [
                    0.028553616178786156,
                    0.30170685926082563,
                    0.9780968314367349
                ],
                [
                    0.07735229496783413,
                    0.34411394022069963,
                    0.0022117101770328107
                ]
            ],
            "phases": [
                2.8248207650437887,
                4.833906084879681,
                4.444425958799374,
                0.5081485906726655
            ],
            "offset": -0.22712280676801821,
            "bounds": [
                [
                    5.607066969142021,
                    6.703007165496339
                ],
                [
                    5.941946000068004,
                    9.752842024701474
                ],
                [
                    6.21781229056071,
                    8.440136218467307
                ]
            ],
            "minimum_value": 0.0,
            "active_dims": [
                0,
                1,
                2
            ]
        },
        {
            "type": "StaticHypercube",
            "dimensions": [
                [
                    1.514979328224755,
                    3.945912504388917
                ],
                [
                    6.1661634091467175,
                    9.920188037188655
                ],
                [
                    6.170895204393891,
                    6.856091844691023
                ]
            ],
            "static_value": 0.3123612133728114,
            "active_dims": [
                0,
                1,
                2
            ]
        },
        {
            "type": "Gaussian",
            "mean": [
                1.3623766333043197,
                3.8466040079148223
            ],
            "std_dev": [
                3.8893461884379725,
                3.850230199011423
            ],
            "max_amplitude": 0.30210737451065955,
            "active_dims": [
                1,
                2
            ]
        }
    ],
    "stats": {
        "energy": 446426659.8669633,
        "bandwidth": 46,
        "mean": 0.27372075295628806,
        "std": 0.18457473596791518,
        "pct_over_06": 0.051578125,
        "pct_over_08": 0.0081875
    }
}