{
    "functions": [
        {
            "type": "Sinus",
            "amplitudes": [
                0.11793962410309328,
                0.1200559086582403,
                0.13281368000344243,
                0.22385141887057886,
                0.12133157631447594
            ],
            "frequencies": [
                1.8246778015346456,
                0.6972599209529196,
                1.8804980491417034,
                1.3329735971537668,
                1.754831649805437
            ],
            "weight_vectors": [
                [
                    0.42869920792621097,
                    0.009582155758498745
                ],
                [
                    0.9227432809763652,
                    0.8010036369344025
                ],
                [
                    0.9516057478296422,
                    0.5445939383021753
                ],
                [
                    0.1077836015295881,
                    0.9265599900447611
                ],
                [
                    0.574615770983609,
                    0.8551157716744467
                ]
            ],
            "phases": [
                3.9867970515333284,
                4.105899473420469,
                4.384965589058064,
                1.5397087471049096,
                0.11373543931464342
            ],
            "offset": 0.05332550144700359,
            "bounds": [
                [
                    3.1255384031832376,
                    5.4201231460457295
                ],
                [
                    7.307090209808428,
                    8.416462651207521
                ]
            ],
            "minimum_value": 0.0,
            "active_dims": [
                0,
                1
            ]
        },
        {
            "type": "Sinus",
            "amplitudes": [
                0.19760647628562641
            ],
            "frequencies": [
                1.1862133007783127
            ],
            "weight_vectors": [
                [
                    0.9673633663332267
                ]
            ],
            "phases": [
                4.840379827185524
            ],
            "offset": 0.02367518406803802,
            "bounds": [
                [
                    3.069760584758211,
                    5.946459573635833
                ]
            ],
            "minimum_value": 0.0,
            "active_dims": [
                2
            ]
        },
        {
            "type": "Sinus",
            "amplitudes": [
                0.22554084217524847,
                0.41674631080827
            ],
            "frequencies": [
                0.43629120283194256,
                0.475947836795774
            ],
            "weight_vectors": [
                [
                    0.10147446525780113
                ],
                [
                    0.6758513886704163
                ]
            ],
            "phases": [
                4.186889424652835,
                2.176078679444094
            ],
            "offset": 0.06469158910745416,
            "bounds": [
                [
                    8.609361017199099,
                    9.055975265656592
                ]
            ],
            "minimum_value": 0.0,
            "active_dims": [
                0
            ]
        },
        {
            "type": "Ramp",
            "coeff": [
                1.7362213160226423,
                1.163859978025392
            ],
            "min_value": 0.09469012217801386,
            "max_value": 0.28084591637271894,
            "bounds": [
                [
                    2.631843943282508,
                    6.453123315856446
                ],
                [
                    5.805816030138375,
                    7.433152131062114
                ]
            ],
            "active_dims": [
                0,
                1
            ]
        },
        {
            "type": "Gaussian",
            "mean": [
                6.004419331161554,
                8.246913238405442,
                7.664693226451634
            ],
            "std_dev": [
                2.7057289351823375,
                3.0294014498551736,
                3.482636134692824
            ],
            "max_amplitude": 0.16628638932558482,
            "active_dims": [
                0,
                1,
                2
            ]
        },
        {
            "type": "Ramp",
            "coeff": [
                0.506491028046441
            ],
            "min_value": 0.13000904601537938,
            "max_value": 0.13737557920936766,
            "bounds": [
                [
                    2.289646852611872,
                    6.459706886316702
                ]
            ],
            "active_dims": [
                0
            ]
        },
        {
            "type": "Gaussian",
            "mean": [
                3.0509222316299667
            ],
            "std_dev": [
                3.4094201038368843
            ],
            "max_amplitude": 0.1394236211894264,
            "active_dims": [
                1
            ]
        },
        {
            "type": "Sinus",
            "amplitudes": [
                0.21258423613818375,
                0.2284606516458103,
                0.18328357308169496
            ],
            "frequencies": [
                1.057063195625963,
                1.943618996714852,
                0.8218691186064107
            ],
            "weight_vectors": [
                [
                    0.24509660706605763,
                    0.3921725528021387
                ],
                [
                    0.6455871887644153,
                    0.3285678014116369
                ],
                [
                    0.7484973571909661,
                    0.19587487037185813
                ]
            ],
            "phases": [
                1.8995491547764687,
                4.248137065146739,
                5.343083892365764
            ],
            "offset": 0.1063120131581094,
            "bounds": [
                [
                    2.921764597952732,
                    7.355252059393772
                ],
                [
                    5.409540721019898,
                    9.49012736004557
                ]
            ],
            "minimum_value": 0.0,
            "active_dims": [
                1,
                2
            ]
        },
        {
            "type": "Gaussian",
            "mean": [
                7.029777473693657,
                0.6747106485979637
            ],
            "std_dev": [
                1.587868074954986,
                1.7178387133667046
            ],
            "max_amplitude": 0.1889767617229607,
            "active_dims": [
                1,
                2
            ]
        }
    ],
    "stats": {
        "energy": 384517684.0056487,
        "bandwidth": 32,
        "mean": 0.25440722104789565,
        "std": 0.17074353157697872,
        "pct_over_06": 0.05521875,
        "pct_over_08": 0.012359375
    }
}