{
    "functions": [
        {
            "type": "Sinus",
            "amplitudes": [
                0.050566780957773894
            ],
            "frequencies": [
                0.790366668397886
            ],
            "weight_vectors": [
                [
                    0.2048433392864769
                ]
            ],
            "phases": [
                3.2404483498744874
            ],
            "offset": -0.12625935224479062,
            "bounds": [
                [
                    8.906241699585149,
                    9.854511565858125
                ]
            ],
            "minimum_value": 0.0,
            "active_dims": [
                0
            ]
        },
        {
            "type": "Gaussian",
            "mean": [
                8.424185713873758,
                9.718606256920147,
                6.717586867199489
            ],
            "std_dev": [
                3.0274633812767413,
                3.944818955024899,
                2.2377532476585205
            ],
            "max_amplitude": 0.12378430138327469,
            "active_dims": [
                0,
                1,
                2
            ]
        },
        {
            "type": "Sinus",
            "amplitudes": [
                0.07354736297585467,
                0.09313844657162576,
                0.18357433593623818,
                0.1376224889020717,
                0.06982088152735234
            ],
            "frequencies": [
                1.3060825723533298,
                1.5224086918955166,
                0.7651762850312537,
                1.5180057062901555,
                0.30294476615437205
            ],
            "weight_vectors": [
                [
                    0.7504347083593186,
                    0.7058262565690914
                ],
                [
                    0.19085440379171248,
                    0.01992376884634295
                ],
                [
                    0.39035165025822804,
                    0.739880896251494
                ],
                [
                    0.3529688754838506,
                    0.705290462976246
                ],
                [
                    0.3239505851935043,
                    0.6631384966234335
                ]
            ],
            "phases": [
                0.6921962621524914,
                6.027317046620487,
                2.725550438106178,
                0.8223112875590729,
                3.3293576590123184
            ],
            "offset": 0.050096828509345125,
            "bounds": [
                [
                    4.95686397309868,
                    9.975457335473841
                ],
                [
                    3.022619857645763,
                    5.215261036045025
                ]
            ],
            "minimum_value": 0.0,
            "active_dims": [
                0,
                1
            ]
        },
        {
            "type": "Ramp",
            "coeff": [
                1.9603205325438224
            ],
            "min_value": 0.039516231048093715,
            "max_value": 0.07003064076304276,
            "bounds": [
                [
                    5.568239574116257,
                    8.314188967918948
                ]
            ],
            "active_dims": [
                2
            ]
        },
        {
            "type": "Gaussian",
            "mean": [
                9.247991270008667,
                8.389970891317176
            ],
            "std_dev": [
                2.52282875346865,
                1.0408498389195673
            ],
            "max_amplitude": 0.12027974068000825,
            "active_dims": [
                0,
                1
            ]
        },
        {
            "type": "Ramp",
            "coeff": [
                1.9823429497677691,
                0.5625922300838013,
                1.7074518387502875
            ],
            "min_value": 0.01819013156617865,
            "max_value": 0.08022398033927415,
            "bounds": [
                [
                    1.2355372146769634,
                    3.8081768076895246
                ],
                [
                    4.4046664045527155,
                    7.256628320899189
                ],
                [
                    6.528351024729402,
                    9.609153143393389
                ]
            ],
            "active_dims": [
                0,
                1,
                2
            ]
        },
        {
            "type": "StaticHypercube",
            "dimensions": [
                [
                    4.265884497373458,
                    7.615882764207732
                ]
            ],
            "static_value": 0.32417159612372404,
            "active_dims": [
                1
            ]
        },
        {
            "type": "Sinus",
            "amplitudes": [
                0.1676919072691579,
                0.09868486503770794,
                0.22878046362569512
            ],
            "frequencies": [
                1.7225475021138827,
                0.6743627123270045,
                0.8529830350509003
            ],
            "weight_vectors": [
                [
                    0.916595187758668,
                    0.2117243635087409
                ],
                [
                    0.6756849923366903,
                    0.9039922984124252
                ],
                [
                    0.500352845220077,
                    0.46035770310173996
                ]
            ],
            "phases": [
                0.1565122024712516,
                2.7526768609395753,
                2.3137519578614074
            ],
            "offset": 0.043022459774343325,
            "bounds": [
                [
                    3.0088009578405783,
                    5.6112890933575965
                ],
                [
                    2.676812055143594,
                    7.489880612040242
                ]
            ],
            "minimum_value": 0.0,
            "active_dims": [
                1,
                2
            ]
        },
        {
            "type": "Gaussian",
            "mean": [
                4.620327260512454
            ],
            "std_dev": [
                3.267366168939209
            ],
            "max_amplitude": 0.06969448844419127,
            "active_dims": [
                2
            ]
        }
    ],
    "stats": {
        "energy": 386763497.9418094,
        "bandwidth": 26,
        "mean": 0.23444925388638377,
        "std": 0.1986409561666917,
        "pct_over_06": 0.049546875,
        "pct_over_08": 0.006875
    }
}