{
    "functions": [
        {
            "type": "Gaussian",
            "mean": [
                5.332334630693114,
                4.409570885537537,
                5.719792311291563
            ],
            "std_dev": [
                2.067615103845983,
                3.8590801515142674,
                1.0555845579890721
            ],
            "max_amplitude": 0.2085990779732878,
            "active_dims": [
                0,
                1,
                2
            ]
        },
        {
            "type": "Gaussian",
            "mean": [
                4.056519051907409,
                7.77225126159861
            ],
            "std_dev": [
                1.9316263355440384,
                1.872971155873291
            ],
            "max_amplitude": 0.1738636195676802,
            "active_dims": [
                1,
                2
            ]
        },
        {
            "type": "Sinus",
            "amplitudes": [
                0.10820600068000252,
                0.40679019279047046,
                0.22953227835902995
            ],
            "frequencies": [
                1.5648179259227049,
                1.7141074042780906,
                1.394067891289042
            ],
            "weight_vectors": [
                [
                    0.8785198824831443,
                    0.22267141979929106
                ],
                [
                    0.6301919822672916,
                    0.5386019844752036
                ],
                [
                    0.6833431908747528,
                    0.191751860540453
                ]
            ],
            "phases": [
                2.5086976530292424,
                2.6275437364404235,
                1.8214094779468906
            ],
            "offset": -0.08011093534876136,
            "bounds": [
                [
                    3.415285566200577,
                    9.879617052942152
                ],
                [
                    4.636600963483949,
                    7.914969842909963
                ]
            ],
            "minimum_value": 0.0,
            "active_dims": [
                0,
                1
            ]
        },
        {
            "type": "StaticHypercube",
            "dimensions": [
                [
                    5.867176767434671,
                    7.837115176770023
                ],
                [
                    3.596510609424926,
                    7.143368973253118
                ]
            ],
            "static_value": 0.1521239661402651,
            "active_dims": [
                0,
                1
            ]
        },
        {
            "type": "Gaussian",
            "mean": [
                1.0958031155199222,
                9.501394381387799
            ],
            "std_dev": [
                2.95561336026231,
                2.6157468105546617
            ],
            "max_amplitude": 0.17989428663105278,
            "active_dims": [
                0,
                2
            ]
        },
        {
            "type": "StaticHypercube",
            "dimensions": [
                [
                    7.9494857899649745,
                    9.23163627952316
                ],
                [
                    0.4317896570087664,
                    5.0705283985912475
                ]
            ],
            "static_value": 0.03295101346556103,
            "active_dims": [
                0,
                1
            ]
        },
        {
            "type": "Ramp",
            "coeff": [
                0.040288183496114405
            ],
            "min_value": 0.017738307484255915,
            "max_value": 0.08092519385815934,
            "bounds": [
                [
                    4.758849758768263,
                    6.9906382818730775
                ]
            ],
            "active_dims": [
                0
            ]
        },
        {
            "type": "Sinus",
            "amplitudes": [
                0.21373567637549107,
                0.23545101983185343
            ],
            "frequencies": [
                1.04867405165643,
                1.5031132840960766
            ],
            "weight_vectors": [
                [
                    0.395437141400493,
                    0.5874797853590158,
                    0.47372006044143455
                ],
                [
                    0.9298001019503243,
                    0.30064407734607157,
                    0.5819106390278487
                ]
            ],
            "phases": [
                0.44882869369805195,
                3.2451329711462686
            ],
            "offset": -0.07461276921155467,
            "bounds": [
                [
                    3.1762852559321524,
                    8.34515789170816
                ],
                [
                    2.3467317868832924,
                    3.2087663142587273
                ],
                [
                    6.2299453363574475,
                    8.620201119455645
                ]
            ],
            "minimum_value": 0.0,
            "active_dims": [
                0,
                1,
                2
            ]
        },
        {
            "type": "Sinus",
            "amplitudes": [
                0.16885562610880406,
                0.08725984672526295,
                0.170697245722668,
                0.059453399604728195,
                0.21403072913808135
            ],
            "frequencies": [
                0.9315775457451628,
                0.9854246646749568,
                1.0925840961336344,
                1.328004436306147,
                1.1798745693915234
            ],
            "weight_vectors": [
                [
                    0.9672011963470565,
                    0.8587818797178566
                ],
                [
                    0.40965941742817136,
                    0.5625418269529207
                ],
                [
                    0.26556638114914144,
                    0.5562785957647226
                ],
                [
                    0.4382148289665717,
                    0.26916049372890294
                ],
                [
                    0.889512500859838,
                    0.24476966568769387
                ]
            ],
            "phases": [
                3.4464923861123684,
                6.17452150024524,
                2.033902365588848,
                1.6398153745335187,
                0.6616484697548695
            ],
            "offset": 0.11944395429254781,
            "bounds": [
                [
                    2.237983699088566,
                    3.9668585097005282
                ],
                [
                    0.5491654541035422,
                    4.592865973584841
                ]
            ],
            "minimum_value": 0.0,
            "active_dims": [
                1,
                2
            ]
        }
    ],
    "stats": {
        "energy": 188120825.052349,
        "bandwidth": 210,
        "mean": 0.1419498985400836,
        "std": 0.16055579126352343,
        "pct_over_06": 0.02703125,
        "pct_over_08": 0.007421875
    }
}