{
    "functions": [
        {
            "type": "Sinus",
            "amplitudes": [
                0.10876555737940011,
                0.24472571774873192
            ],
            "frequencies": [
                1.7531601774980947,
                1.311528783574738
            ],
            "weight_vectors": [
                [
                    0.2518646842669504,
                    0.5189673626866051,
                    0.5370507958089039
                ],
                [
                    0.5357826351329972,
                    0.6689025250672967,
                    0.8809259927434053
                ]
            ],
            "phases": [
                3.3936644646459952,
                1.1515187187743967
            ],
            "offset": 0.17505659506780558,
            "bounds": [
                [
                    7.706507065431351,
                    8.726937410499369
                ],
                [
                    6.4930464273185295,
                    8.107927958120271
                ],
                [
                    5.1040997144158995,
                    9.662777681944203
                ]
            ],
            "minimum_value": 0.0,
            "active_dims": [
                0,
                1,
                2
            ]
        },
        {
            "type": "Sinus",
            "amplitudes": [
                0.13116279641164705,
                0.37943798753801405,
                0.23489970015025466,
                0.19811630259889526
            ],
            "frequencies": [
                0.6727615683981866,
                1.1672839743313546,
                1.7137304692983635,
                1.8509371016172391
            ],
            "weight_vectors": [
                [
                    0.7648378487346371
                ],
                [
                    0.6139274708071035
                ],
                [
                    0.639791728325643
                ],
                [
                    0.40711901039984333
                ]
            ],
            "phases": [
                4.797839634576013,
                0.46824084036666297,
                3.1630524765015644,
                4.352459037671177
            ],
            "offset": -0.07115958087535881,
            "bounds": [
                [
                    1.2475934117571952,
                    5.613464248886913
                ]
            ],
            "minimum_value": 0.0,
            "active_dims": [
                1
            ]
        },
        {
            "type": "Ramp",
            "coeff": [
                0.20853362020930932,
                0.7258358409494636
            ],
            "min_value": 0.16167946505828415,
            "max_value": 0.18912588061046995,
            "bounds": [
                [
                    0.21413609788470656,
                    3.149962733948037
                ],
                [
                    1.477486792873612,
                    4.017887533532736
                ]
            ],
            "active_dims": [
                0,
                1
            ]
        },
        {
            "type": "Sinus",
            "amplitudes": [
                0.3439057311178419,
                0.17361638756603132,
                0.11911679408163728,
                0.21128452278469784
            ],
            "frequencies": [
                0.5531825283065421,
                0.8652077345937202,
                1.4777820969879951,
                1.5243042919240208
            ],
            "weight_vectors": [
                [
                    0.7813718992180089,
                    0.6143050224944652
                ],
                [
                    0.5293598958105241,
                    0.0025290213992568145
                ],
                [
                    0.947656129736559,
                    0.24586369957521448
                ],
                [
                    0.09314725897480569,
                    0.7053000231599019
                ]
            ],
            "phases": [
                0.03578641190911123,
                3.445232701539259,
                5.132103714638012,
                0.36840353658533614
            ],
            "offset": 0.19312423287180136,
            "bounds": [
                [
                    4.254060581232327,
                    7.938039475626045
                ],
                [
                    3.6348759101441015,
                    6.303161090330698
                ]
            ],
            "minimum_value": 0.0,
            "active_dims": [
                0,
                2
            ]
        },
        {
            "type": "StaticHypercube",
            "dimensions": [
                [
                    5.096177879247191,
                    8.136873065419003
                ],
                [
                    4.962027377790755,
                    9.036017130098731
                ],
                [
                    2.439057875978914,
                    6.182301232505167
                ]
            ],
            "static_value": 0.13763018346407185,
            "active_dims": [
                0,
                1,
                2
            ]
        },
        {
            "type": "Ramp",
            "coeff": [
                1.5617567184934593,
                1.1694366638941063
            ],
            "min_value": 0.06239327049732254,
            "max_value": 0.09871645776139512,
            "bounds": [
                [
                    2.1053059655841166,
                    4.071573085320845
                ],
                [
                    4.724712352598151,
                    5.604538337888219
                ]
            ],
            "active_dims": [
                0,
                2
            ]
        },
        {
            "type": "Gaussian",
            "mean": [
                6.149516795736288,
                8.379465777072584
            ],
            "std_dev": [
                1.2930336248754575,
                1.2340099514819258
            ],
            "max_amplitude": 0.20429867138097996,
            "active_dims": [
                0,
                1
            ]
        },
        {
            "type": "Gaussian",
            "mean": [
                9.65177455095423
            ],
            "std_dev": [
                0.9154732157041832
            ],
            "max_amplitude": 0.12301197412985063,
            "active_dims": [
                2
            ]
        },
        {
            "type": "Ramp",
            "coeff": [
                1.7314205192590544
            ],
            "min_value": 0.00811119931814328,
            "max_value": 0.17711229637500617,
            "bounds": [
                [
                    3.5920214105604886,
                    5.6714291982683305
                ]
            ],
            "active_dims": [
                0
            ]
        }
    ],
    "stats": {
        "energy": 162489299.712428,
        "bandwidth": 281,
        "mean": 0.1273666358554795,
        "std": 0.153127330213983,
        "pct_over_06": 0.00884375,
        "pct_over_08": 0.00178125
    }
}