{
    "functions": [
        {
            "type": "Sinus",
            "amplitudes": [
                0.14374445943973804
            ],
            "frequencies": [
                0.8142156083326516
            ],
            "weight_vectors": [
                [
                    0.187433827618127,
                    0.1512011453886941,
                    0.8187140699731944
                ]
            ],
            "phases": [
                4.548729162065451
            ],
            "offset": 0.14722905141513504,
            "bounds": [
                [
                    3.4958639692945273,
                    6.116658821310354
                ],
                [
                    7.708067998945755,
                    9.865213059684837
                ],
                [
                    6.388043064869538,
                    8.749681053568956
                ]
            ],
            "minimum_value": 0.0,
            "active_dims": [
                0,
                1,
                2
            ]
        },
        {
            "type": "Sinus",
            "amplitudes": [
                0.1309625089118062
            ],
            "frequencies": [
                1.695199074098913
            ],
            "weight_vectors": [
                [
                    0.02729041768922369,
                    0.9059590392213132
                ]
            ],
            "phases": [
                5.560305775634923
            ],
            "offset": -0.12303543383680646,
            "bounds": [
                [
                    4.359066798478563,
                    5.163187605223645
                ],
                [
                    4.7094465293553025,
                    7.341636422768608
                ]
            ],
            "minimum_value": 0.0,
            "active_dims": [
                0,
                2
            ]
        },
        {
            "type": "StaticHypercube",
            "dimensions": [
                [
                    0.2955293959843003,
                    4.701209674142781
                ],
                [
                    1.668997521117344,
                    4.79866355958492
                ],
                [
                    7.900113286170253,
                    9.668636547947399
                ]
            ],
            "static_value": 0.30131378867042163,
            "active_dims": [
                0,
                1,
                2
            ]
        },
        {
            "type": "StaticHypercube",
            "dimensions": [
                [
                    5.029224391467986,
                    7.588383843954281
                ],
                [
                    4.665057929268951,
                    5.7640561093871545
                ],
                [
                    4.181189292041264,
                    5.092265520252598
                ]
            ],
            "static_value": 0.3734534857908811,
            "active_dims": [
                0,
                1,
                2
            ]
        },
        {
            "type": "StaticHypercube",
            "dimensions": [
                [
                    1.7063043146272718,
                    2.3938501246608452
                ]
            ],
            "static_value": 0.24318261709992525,
            "active_dims": [
                1
            ]
        },
        {
            "type": "Gaussian",
            "mean": [
                2.3676177375567695,
                4.862479665792989
            ],
            "std_dev": [
                2.373070508172755,
                0.3898264021081751
            ],
            "max_amplitude": 0.49655335851681737,
            "active_dims": [
                0,
                1
            ]
        },
        {
            "type": "StaticHypercube",
            "dimensions": [
                [
                    2.2129976008406476,
                    3.7477028391779754
                ],
                [
                    1.5647468469025898,
                    3.558670467291957
                ],
                [
                    1.816774257313573,
                    6.262072248388246
                ]
            ],
            "static_value": 0.2792772550260306,
            "active_dims": [
                0,
                1,
                2
            ]
        },
        {
            "type": "Gaussian",
            "mean": [
                4.820147643908834,
                5.5186496861672545,
                1.7135312852448226
            ],
            "std_dev": [
                3.1612351442307203,
                3.817492797363982,
                2.1226911223983174
            ],
            "max_amplitude": 0.3241434710056436,
            "active_dims": [
                0,
                1,
                2
            ]
        },
        {
            "type": "StaticHypercube",
            "dimensions": [
                [
                    5.81669952596146,
                    7.561203525749325
                ]
            ],
            "static_value": 0.0818822746667234,
            "active_dims": [
                2
            ]
        }
    ],
    "stats": {
        "energy": 166655865.7762211,
        "bandwidth": 115,
        "mean": 0.1382445966538227,
        "std": 0.14688736748456144,
        "pct_over_06": 0.015640625,
        "pct_over_08": 0.002421875
    }
}