{
    "functions": [
        {
            "type": "StaticHypercube",
            "dimensions": [
                [
                    1.095431963136859,
                    2.925932363636477
                ],
                [
                    3.4693342714009523,
                    7.34583713439977
                ],
                [
                    5.203526993030778,
                    6.229800573145673
                ]
            ],
            "static_value": 0.24709551218871117,
            "active_dims": [
                0,
                1,
                2
            ]
        },
        {
            "type": "Sinus",
            "amplitudes": [
                0.3401771273758851,
                0.2723021770450627
            ],
            "frequencies": [
                0.1058744632632071,
                0.8457749853465888
            ],
            "weight_vectors": [
                [
                    0.8355184320571397,
                    0.3103715887386106
                ],
                [
                    0.05600175785102113,
                    0.059756497082691706
                ]
            ],
            "phases": [
                1.861195257971838,
                1.9238878161132305
            ],
            "offset": 0.24186789436694567,
            "bounds": [
                [
                    4.538686477510083,
                    7.856281704151247
                ],
                [
                    2.458075977351795,
                    4.166263424216468
                ]
            ],
            "minimum_value": 0.0,
            "active_dims": [
                0,
                2
            ]
        },
        {
            "type": "Ramp",
            "coeff": [
                1.787309378974589,
                0.6376725921000437
            ],
            "min_value": 0.06105380850442204,
            "max_value": 0.11636337909076554,
            "bounds": [
                [
                    4.828640143505692,
                    8.411231072369086
                ],
                [
                    4.112915036371599,
                    5.032654945629416
                ]
            ],
            "active_dims": [
                1,
                2
            ]
        },
        {
            "type": "Gaussian",
            "mean": [
                7.557614450873426,
                9.200924089833576
            ],
            "std_dev": [
                3.737538045951291,
                2.700688067504291
            ],
            "max_amplitude": 0.22395518569434905,
            "active_dims": [
                1,
                2
            ]
        },
        {
            "type": "Ramp",
            "coeff": [
                0.9395996165705973,
                1.595367163762071,
                0.2913746729898581
            ],
            "min_value": 0.10688941169068289,
            "max_value": 0.23827755002237846,
            "bounds": [
                [
                    0.45329330828229936,
                    3.3412960530594744
                ],
                [
                    4.143292694192101,
                    9.109763639431929
                ],
                [
                    0.5206749584124197,
                    3.2341047988744336
                ]
            ],
            "active_dims": [
                0,
                1,
                2
            ]
        },
        {
            "type": "StaticHypercube",
            "dimensions": [
                [
                    2.4172901691491315,
                    4.607431502595791
                ],
                [
                    1.3813161734067945,
                    3.0601408676053214
                ]
            ],
            "static_value": 0.18952265707321425,
            "active_dims": [
                0,
                1
            ]
        },
        {
            "type": "Ramp",
            "coeff": [
                1.5133349294159268
            ],
            "min_value": 0.07410563955131001,
            "max_value": 0.14113308443085845,
            "bounds": [
                [
                    1.3175648539751066,
                    5.437763085786546
                ]
            ],
            "active_dims": [
                1
            ]
        },
        {
            "type": "StaticHypercube",
            "dimensions": [
                [
                    0.3487374770315774,
                    6.3863539612322695
                ],
                [
                    1.079515627979076,
                    5.845873657427482
                ],
                [
                    2.900623314357708,
                    3.6282645814251113
                ]
            ],
            "static_value": 0.14040253991131776,
            "active_dims": [
                0,
                1,
                2
            ]
        },
        {
            "type": "Gaussian",
            "mean": [
                5.903903033155345,
                7.699480576944714,
                6.15275806266487
            ],
            "std_dev": [
                2.736985352056824,
                1.888215668738609,
                2.805075322514129
            ],
            "max_amplitude": 0.14175377712794604,
            "active_dims": [
                0,
                1,
                2
            ]
        }
    ],
    "stats": {
        "energy": 260594236.8428992,
        "bandwidth": 156,
        "mean": 0.18126764737699308,
        "std": 0.17539578064660954,
        "pct_over_06": 0.056875,
        "pct_over_08": 0.011265625
    }
}