{
    "functions": [
        {
            "type": "Sinus",
            "amplitudes": [
                0.18692111829953004,
                0.20001491549384776,
                0.4846471097621798
            ],
            "frequencies": [
                1.6067410027754367,
                1.6326728913840745,
                1.3907884904302792
            ],
            "weight_vectors": [
                [
                    0.9054216355656428
                ],
                [
                    0.2361666859144096
                ],
                [
                    0.17362403384681935
                ]
            ],
            "phases": [
                2.162477779059991,
                0.13516134636507957,
                2.129103384545134
            ],
            "offset": 0.17978334387101177,
            "bounds": [
                [
                    2.4411787945644705,
                    3.865520963451643
                ]
            ],
            "minimum_value": 0.0,
            "active_dims": [
                2
            ]
        },
        {
            "type": "Gaussian",
            "mean": [
                2.796970064315599
            ],
            "std_dev": [
                1.1406625657951124
            ],
            "max_amplitude": 0.19585379451990226,
            "active_dims": [
                2
            ]
        },
        {
            "type": "Sinus",
            "amplitudes": [
                0.08976422585894904
            ],
            "frequencies": [
                1.2558638526035406
            ],
            "weight_vectors": [
                [
                    0.46548130236348206,
                    0.4775036725766305
                ]
            ],
            "phases": [
                5.761705699824085
            ],
            "offset": 0.0015082188631947396,
            "bounds": [
                [
                    0.06684380898447244,
                    4.4899836655049485
                ],
                [
                    6.5696547547201565,
                    9.894729365686437
                ]
            ],
            "minimum_value": 0.0,
            "active_dims": [
                1,
                2
            ]
        },
        {
            "type": "Sinus",
            "amplitudes": [
                0.17224867717071868,
                0.11206107424428081
            ],
            "frequencies": [
                1.5436889815493335,
                1.707121164914724
            ],
            "weight_vectors": [
                [
                    0.13124276083001274,
                    0.03930446979801949
                ],
                [
                    0.6486580112431107,
                    0.7884033579485302
                ]
            ],
            "phases": [
                5.056361594048316,
                4.674086931801589
            ],
            "offset": 0.09656214349570025,
            "bounds": [
                [
                    6.443659105091376,
                    8.110626243568465
                ],
                [
                    3.423610568040062,
                    4.101316187257715
                ]
            ],
            "minimum_value": 0.0,
            "active_dims": [
                0,
                1
            ]
        },
        {
            "type": "StaticHypercube",
            "dimensions": [
                [
                    3.0966531783758597,
                    5.819712910329331
                ],
                [
                    2.4014069340342243,
                    3.0339885655415078
                ],
                [
                    4.577829832277858,
                    6.472371282248769
                ]
            ],
            "static_value": 0.24195649374574707,
            "active_dims": [
                0,
                1,
                2
            ]
        },
        {
            "type": "Ramp",
            "coeff": [
                0.25656651208281867,
                1.6154609994555391,
                1.4348612643427072
            ],
            "min_value": 0.10070482560438998,
            "max_value": 0.164996639453032,
            "bounds": [
                [
                    3.2510036274323983,
                    6.004954718496486
                ],
                [
                    6.331846257408178,
                    8.30477151012968
                ],
                [
                    3.710629304216247,
                    8.298663690942332
                ]
            ],
            "active_dims": [
                0,
                1,
                2
            ]
        },
        {
            "type": "Ramp",
            "coeff": [
                0.6016369767434535,
                0.4927495294432591,
                1.5292706692796598
            ],
            "min_value": 0.0291197928549837,
            "max_value": 0.12164503898710706,
            "bounds": [
                [
                    3.5454545481527417,
                    4.6768500477137955
                ],
                [
                    5.999854671799855,
                    6.422337719164768
                ],
                [
                    2.2454921038201445,
                    5.065947071831954
                ]
            ],
            "active_dims": [
                0,
                1,
                2
            ]
        },
        {
            "type": "Gaussian",
            "mean": [
                5.14270769082837
            ],
            "std_dev": [
                1.3414848113625908
            ],
            "max_amplitude": 0.20357263752436125,
            "active_dims": [
                2
            ]
        },
        {
            "type": "Gaussian",
            "mean": [
                5.467180645269984,
                3.4512399737962838
            ],
            "std_dev": [
                2.419481135084853,
                0.24267634563353918
            ],
            "max_amplitude": 0.24775246560283437,
            "active_dims": [
                0,
                1
            ]
        }
    ],
    "stats": {
        "energy": 279119573.62158173,
        "bandwidth": 88,
        "mean": 0.17898576268246344,
        "std": 0.19002243001994093,
        "pct_over_06": 0.0556875,
        "pct_over_08": 0.022015625
    }
}