{
    "functions": [
        {
            "type": "Sinus",
            "amplitudes": [
                0.13942262622385282,
                0.16722464808059787,
                0.1264593275417221,
                0.4176444767602012,
                0.2746374128366917
            ],
            "frequencies": [
                0.18703670587441767,
                0.5277220043109169,
                0.8546425451143113,
                1.0358586460253298,
                1.8960385404268014
            ],
            "weight_vectors": [
                [
                    0.4610192110156097,
                    0.025961423337113265
                ],
                [
                    0.035552973133384125,
                    0.9387170720219277
                ],
                [
                    0.6090381451713764,
                    0.6870415893235985
                ],
                [
                    0.39761606630324753,
                    0.7616211355879697
                ],
                [
                    0.27312589975801227,
                    0.8681318591915035
                ]
            ],
            "phases": [
                5.751344929933278,
                5.8501435535407635,
                4.016689725746307,
                5.962599486854693,
                4.185138653380077
            ],
            "offset": -0.16006781557684172,
            "bounds": [
                [
                    5.932515633615095,
                    6.659948567639302
                ],
                [
                    1.4461493400099703,
                    1.6452918737220374
                ]
            ],
            "minimum_value": 0.0,
            "active_dims": [
                0,
                2
            ]
        },
        {
            "type": "StaticHypercube",
            "dimensions": [
                [
                    2.457003685855786,
                    6.502007071158527
                ],
                [
                    0.25981913092769576,
                    4.186710819636236
                ],
                [
                    2.5963100693376213,
                    5.42755658726383
                ]
            ],
            "static_value": 0.027032050735418606,
            "active_dims": [
                0,
                1,
                2
            ]
        },
        {
            "type": "Sinus",
            "amplitudes": [
                0.18837173942137272,
                0.34991794053530806
            ],
            "frequencies": [
                0.9856138122732009,
                1.702733467663226
            ],
            "weight_vectors": [
                [
                    0.8046519013209995,
                    0.2712858193638932
                ],
                [
                    0.7763111539222253,
                    0.5404284588642443
                ]
            ],
            "phases": [
                4.694075523664365,
                5.898765286663891
            ],
            "offset": -0.007545722268464847,
            "bounds": [
                [
                    6.294426784816749,
                    6.4485777215858775
                ],
                [
                    5.601562579445926,
                    9.718507880188302
                ]
            ],
            "minimum_value": 0.0,
            "active_dims": [
                0,
                2
            ]
        },
        {
            "type": "Ramp",
            "coeff": [
                0.8001932924817008,
                1.2232714598377106
            ],
            "min_value": 0.1412600083977631,
            "max_value": 0.15673978364559624,
            "bounds": [
                [
                    2.224402411003273,
                    5.070090304542146
                ],
                [
                    5.003264579322409,
                    8.760574437648424
                ]
            ],
            "active_dims": [
                0,
                2
            ]
        },
        {
            "type": "Gaussian",
            "mean": [
                8.269175785003183
            ],
            "std_dev": [
                0.4906445276318985
            ],
            "max_amplitude": 0.23130184877943583,
            "active_dims": [
                2
            ]
        },
        {
            "type": "Ramp",
            "coeff": [
                1.946919924386676
            ],
            "min_value": 0.06556994356035334,
            "max_value": 0.3253852915235746,
            "bounds": [
                [
                    1.868524924244475,
                    6.932608680862442
                ]
            ],
            "active_dims": [
                1
            ]
        },
        {
            "type": "StaticHypercube",
            "dimensions": [
                [
                    6.5016565456898405,
                    8.789682189693432
                ],
                [
                    5.90366815849126,
                    7.523754459987356
                ]
            ],
            "static_value": 0.19866217606951125,
            "active_dims": [
                0,
                2
            ]
        },
        {
            "type": "Gaussian",
            "mean": [
                6.589349914706496
            ],
            "std_dev": [
                3.5786973648117275
            ],
            "max_amplitude": 0.2650661859219782,
            "active_dims": [
                1
            ]
        },
        {
            "type": "Gaussian",
            "mean": [
                4.205905917748561
            ],
            "std_dev": [
                0.14326724162604682
            ],
            "max_amplitude": 0.2178932050540558,
            "active_dims": [
                1
            ]
        }
    ],
    "stats": {
        "energy": 650413826.9693027,
        "bandwidth": 7,
        "mean": 0.3463781131364509,
        "std": 0.19701431664972846,
        "pct_over_06": 0.08984375,
        "pct_over_08": 0.013859375
    }
}