{
    "functions": [
        {
            "type": "StaticHypercube",
            "dimensions": [
                [
                    2.425357346870218,
                    8.41773252177434
                ]
            ],
            "static_value": 0.12999504308553259,
            "active_dims": [
                2
            ]
        },
        {
            "type": "Sinus",
            "amplitudes": [
                0.16582623664845472,
                0.13692453716428477
            ],
            "frequencies": [
                0.3707282810329795,
                1.3792351481556884
            ],
            "weight_vectors": [
                [
                    0.33474546708260366,
                    0.5303872507337966,
                    0.6773156117494071
                ],
                [
                    0.3610277031073379,
                    0.691714497400658,
                    0.9255967291869571
                ]
            ],
            "phases": [
                5.960250945886502,
                4.3444149891165615
            ],
            "offset": -0.1773493887171316,
            "bounds": [
                [
                    2.3647813800927318,
                    3.5171485653125627
                ],
                [
                    5.655995521293474,
                    8.214274306385674
                ],
                [
                    2.33645496512244,
                    9.328172952271943
                ]
            ],
            "minimum_value": 0.0,
            "active_dims": [
                0,
                1,
                2
            ]
        },
        {
            "type": "Gaussian",
            "mean": [
                2.1197366868224634
            ],
            "std_dev": [
                1.4177057619175852
            ],
            "max_amplitude": 0.103693473007652,
            "active_dims": [
                2
            ]
        },
        {
            "type": "Ramp",
            "coeff": [
                0.6968917693620782,
                1.707482677325273
            ],
            "min_value": 0.07182776582040715,
            "max_value": 0.1690989642448926,
            "bounds": [
                [
                    6.142100262860926,
                    6.8079739454211055
                ],
                [
                    0.872283886759402,
                    4.53747354251798
                ]
            ],
            "active_dims": [
                1,
                2
            ]
        },
        {
            "type": "StaticHypercube",
            "dimensions": [
                [
                    0.7225657154150403,
                    4.27134582880294
                ]
            ],
            "static_value": 0.15445175742241737,
            "active_dims": [
                0
            ]
        },
        {
            "type": "Gaussian",
            "mean": [
                1.7398892965622614
            ],
            "std_dev": [
                0.7445557222590085
            ],
            "max_amplitude": 0.25409762415786297,
            "active_dims": [
                2
            ]
        },
        {
            "type": "Ramp",
            "coeff": [
                1.742050293491594,
                1.9951103271258963
            ],
            "min_value": 0.11477984025051792,
            "max_value": 0.2570908013749267,
            "bounds": [
                [
                    2.1921918196311876,
                    8.505596802039182
                ],
                [
                    3.8728520883615176,
                    4.823712989436286
                ]
            ],
            "active_dims": [
                0,
                2
            ]
        },
        {
            "type": "Gaussian",
            "mean": [
                2.427739600291429,
                2.3900341158572247,
                1.5781210745623597
            ],
            "std_dev": [
                3.6398397225057306,
                2.752265511314478,
                0.3064995039630709
            ],
            "max_amplitude": 0.15561253329990066,
            "active_dims": [
                0,
                1,
                2
            ]
        },
        {
            "type": "StaticHypercube",
            "dimensions": [
                [
                    1.2466906849882806,
                    4.2459797349188815
                ],
                [
                    1.549925709149616,
                    6.104332223085695
                ]
            ],
            "static_value": 0.22263314408535823,
            "active_dims": [
                0,
                2
            ]
        }
    ],
    "stats": {
        "energy": 415565432.79606754,
        "bandwidth": 18,
        "mean": 0.25308450826996254,
        "std": 0.1934027822058895,
        "pct_over_06": 0.051375,
        "pct_over_08": 0.011609375
    }
}