{
    "functions": [
        {
            "type": "Sinus",
            "amplitudes": [
                0.1838293917305568,
                0.445961168464263,
                0.2537751665118402
            ],
            "frequencies": [
                1.1027617545898585,
                1.9390035275757687,
                1.8755867201750076
            ],
            "weight_vectors": [
                [
                    0.03598854359970072,
                    0.2999078500215354
                ],
                [
                    0.04765321960403324,
                    0.37221107780612517
                ],
                [
                    0.2624151964281971,
                    0.9905262064126861
                ]
            ],
            "phases": [
                0.5835466824414897,
                6.11900523594607,
                3.006514724367685
            ],
            "offset": -0.17534597982929534,
            "bounds": [
                [
                    6.37206246823095,
                    8.81461055119258
                ],
                [
                    0.8875900173261848,
                    4.331845260472695
                ]
            ],
            "minimum_value": 0.0,
            "active_dims": [
                0,
                1
            ]
        },
        {
            "type": "Gaussian",
            "mean": [
                5.444225491533555,
                1.0938185030716463
            ],
            "std_dev": [
                0.9827998281482488,
                2.075631774451037
            ],
            "max_amplitude": 0.13295609809819509,
            "active_dims": [
                0,
                1
            ]
        },
        {
            "type": "Ramp",
            "coeff": [
                0.13806300772929814,
                1.743687874168391
            ],
            "min_value": 0.046844893147815723,
            "max_value": 0.14271622594591105,
            "bounds": [
                [
                    2.8724645232758057,
                    4.77504897978481
                ],
                [
                    2.507995292408387,
                    5.034480016276804
                ]
            ],
            "active_dims": [
                1,
                2
            ]
        },
        {
            "type": "Sinus",
            "amplitudes": [
                0.1960302481963286,
                0.25092742882686214,
                0.18539065870751517
            ],
            "frequencies": [
                0.22271972177045482,
                0.6394755970111894,
                0.31999966428326754
            ],
            "weight_vectors": [
                [
                    0.5139862168749165,
                    0.4248002562289217
                ],
                [
                    0.01896837827374731,
                    0.49432592614718096
                ],
                [
                    0.9466241288576691,
                    0.3458034276780333
                ]
            ],
            "phases": [
                3.5174358012459024,
                2.2975450531181902,
                4.7176855110952856
            ],
            "offset": 0.03498154699477409,
            "bounds": [
                [
                    1.7745097721069658,
                    4.623805616675603
                ],
                [
                    4.955309942602064,
                    6.835598994149281
                ]
            ],
            "minimum_value": 0.0,
            "active_dims": [
                1,
                2
            ]
        },
        {
            "type": "Gaussian",
            "mean": [
                0.6581794019269382,
                1.0068735287665154,
                8.58258123227989
            ],
            "std_dev": [
                0.7794876965157754,
                0.10393582601051206,
                2.891879835432973
            ],
            "max_amplitude": 0.28951364164994653,
            "active_dims": [
                0,
                1,
                2
            ]
        },
        {
            "type": "Ramp",
            "coeff": [
                0.046338834122339634,
                0.07007168527819685,
                0.7311687162280192
            ],
            "min_value": 0.021872322840430964,
            "max_value": 0.1448891795155525,
            "bounds": [
                [
                    4.860177729385757,
                    9.6896773126623
                ],
                [
                    3.144110717423403,
                    8.302762139493158
                ],
                [
                    7.431832687354771,
                    7.8410850311894
                ]
            ],
            "active_dims": [
                0,
                1,
                2
            ]
        },
        {
            "type": "Ramp",
            "coeff": [
                1.6396471303664018,
                0.941964661736798
            ],
            "min_value": 0.17972391727019077,
            "max_value": 0.22963271258770387,
            "bounds": [
                [
                    2.5170445585706394,
                    9.292401940471239
                ],
                [
                    5.58885495283336,
                    7.910329470233762
                ]
            ],
            "active_dims": [
                1,
                2
            ]
        },
        {
            "type": "Sinus",
            "amplitudes": [
                0.29322912763638254,
                0.30098358974077805,
                0.24303982102437824,
                0.19861754685057895
            ],
            "frequencies": [
                1.6697784208264002,
                0.626394053152009,
                1.2664211480117835,
                1.6850518592110058
            ],
            "weight_vectors": [
                [
                    0.6646335342779626,
                    0.33632202894688146,
                    0.9427043654049811
                ],
                [
                    0.5950940507642171,
                    0.3518313298117569,
                    0.7837215837689977
                ],
                [
                    0.8478052000579149,
                    0.12609178774593377,
                    0.8475517039531147
                ],
                [
                    0.17532593454932055,
                    0.9787395404553396,
                    0.14379433113310647
                ]
            ],
            "phases": [
                3.207174112849151,
                1.9779944407790135,
                2.545814505169104,
                1.7097621417357876
            ],
            "offset": -0.0023104516333620857,
            "bounds": [
                [
                    0.32209413763093075,
                    2.466673818222846
                ],
                [
                    0.42789054174836977,
                    2.330481262722598
                ],
                [
                    8.203275252665021,
                    9.796804940296429
                ]
            ],
            "minimum_value": 0.0,
            "active_dims": [
                0,
                1,
                2
            ]
        },
        {
            "type": "Gaussian",
            "mean": [
                6.170729199669003,
                9.124491206847726,
                9.913223231257117
            ],
            "std_dev": [
                3.4540658897005785,
                1.6237536218903366,
                3.0237042510597445
            ],
            "max_amplitude": 0.26880421066163124,
            "active_dims": [
                0,
                1,
                2
            ]
        }
    ]
}