{
    "functions": [
        {
            "type": "Gaussian",
            "mean": [
                1.1804479142973379,
                2.700931016634459
            ],
            "std_dev": [
                2.8034726505199727,
                3.8004453115299563
            ],
            "max_amplitude": 0.07029316408560464,
            "active_dims": [
                0,
                1
            ]
        },
        {
            "type": "Sinus",
            "amplitudes": [
                0.06462896375785239
            ],
            "frequencies": [
                0.6173137634152636
            ],
            "weight_vectors": [
                [
                    0.7400814849876803,
                    0.6576689159795792
                ]
            ],
            "phases": [
                5.671840990292457
            ],
            "offset": 0.06013964609512134,
            "bounds": [
                [
                    3.4167842943136155,
                    4.998357101112935
                ],
                [
                    6.904369378652143,
                    8.967161799673276
                ]
            ],
            "minimum_value": 0.0,
            "active_dims": [
                0,
                1
            ]
        },
        {
            "type": "Sinus",
            "amplitudes": [
                0.04612255631091597
            ],
            "frequencies": [
                1.5013466834461167
            ],
            "weight_vectors": [
                [
                    0.47292085292823405,
                    0.8652698067761637,
                    0.8321734949444323
                ]
            ],
            "phases": [
                2.1564376011937294
            ],
            "offset": -0.07726189955235811,
            "bounds": [
                [
                    5.099514043790444,
                    9.556267827881554
                ],
                [
                    2.9520660846900615,
                    6.320796181296236
                ],
                [
                    0.7504882566184812,
                    4.220651595425724
                ]
            ],
            "minimum_value": 0.0,
            "active_dims": [
                0,
                1,
                2
            ]
        },
        {
            "type": "StaticHypercube",
            "dimensions": [
                [
                    4.417274027187767,
                    7.669204699483728
                ]
            ],
            "static_value": 0.12918486108387525,
            "active_dims": [
                2
            ]
        },
        {
            "type": "Sinus",
            "amplitudes": [
                0.13509947242926718,
                0.07593439770881308,
                0.1127764085898705,
                0.15907040570395117,
                0.12258610664983018
            ],
            "frequencies": [
                1.7839025390532186,
                0.27644537743185815,
                1.7972840556697252,
                0.5911317074543762,
                0.38836435355844057
            ],
            "weight_vectors": [
                [
                    0.2243557667774969
                ],
                [
                    0.35232023224293685
                ],
                [
                    0.6624988565632915
                ],
                [
                    0.6010736062018737
                ],
                [
                    0.9298680402425588
                ]
            ],
            "phases": [
                4.9285251085756645,
                0.46076376383407924,
                0.985533469615258,
                5.183364523764522,
                5.408693789818138
            ],
            "offset": 0.08441077247198664,
            "bounds": [
                [
                    3.517047078794021,
                    5.032323927967577
                ]
            ],
            "minimum_value": 0.0,
            "active_dims": [
                2
            ]
        },
        {
            "type": "Gaussian",
            "mean": [
                8.940221199466295,
                8.762995284063592
            ],
            "std_dev": [
                0.21304244899896374,
                3.8659922973425394
            ],
            "max_amplitude": 0.08908040839680645,
            "active_dims": [
                0,
                2
            ]
        },
        {
            "type": "Gaussian",
            "mean": [
                6.558184129339043,
                5.865715947548318
            ],
            "std_dev": [
                3.210490916396867,
                2.858737032960486
            ],
            "max_amplitude": 0.18521887805253714,
            "active_dims": [
                0,
                1
            ]
        },
        {
            "type": "Gaussian",
            "mean": [
                6.6307383820674515,
                1.0248607403997168
            ],
            "std_dev": [
                3.936172214501066,
                0.4009468956183665
            ],
            "max_amplitude": 0.16234084427311893,
            "active_dims": [
                0,
                2
            ]
        },
        {
            "type": "StaticHypercube",
            "dimensions": [
                [
                    2.6949871125205687,
                    6.525500248671495
                ],
                [
                    6.172949167571405,
                    9.051807371354665
                ]
            ],
            "static_value": 0.076939797339278,
            "active_dims": [
                0,
                2
            ]
        }
    ],
    "stats": {
        "energy": 305966582.19533974,
        "bandwidth": 38,
        "mean": 0.20756373549142307,
        "std": 0.1778093594699972,
        "pct_over_06": 0.05928125,
        "pct_over_08": 0.0139375
    }
}