{
    "functions": [
        {
            "type": "Sinus",
            "amplitudes": [
                0.15976650091500313,
                0.12471123910034954,
                0.11497457620896405,
                0.08828921561360083,
                0.12386154239250745
            ],
            "frequencies": [
                0.1065249934201734,
                1.1878453698049296,
                0.2583976221330837,
                1.9059478766099134,
                1.6035362884502435
            ],
            "weight_vectors": [
                [
                    0.11615593104681587
                ],
                [
                    0.03466087057081402
                ],
                [
                    0.2146622619712244
                ],
                [
                    0.11593231891906708
                ],
                [
                    0.6095731620585734
                ]
            ],
            "phases": [
                3.9178733902845715,
                0.6947588312510811,
                1.7924783015244787,
                0.12374412034559437,
                2.6796703333306637
            ],
            "offset": -0.09528748227583693,
            "bounds": [
                [
                    0.33275323205262847,
                    5.733166928321629
                ]
            ],
            "minimum_value": 0.0,
            "active_dims": [
                0
            ]
        },
        {
            "type": "Ramp",
            "coeff": [
                1.2876383184561624,
                0.7615195584692813
            ],
            "min_value": 0.2120614497195457,
            "max_value": 0.41542157197089946,
            "bounds": [
                [
                    4.273119491167227,
                    7.752667220841029
                ],
                [
                    4.1860016812782215,
                    7.637427468397031
                ]
            ],
            "active_dims": [
                0,
                2
            ]
        },
        {
            "type": "StaticHypercube",
            "dimensions": [
                [
                    0.20051595111083312,
                    6.872160387797164
                ],
                [
                    6.483328312863793,
                    7.338509218563269
                ],
                [
                    0.25918610663994585,
                    3.0869224032183262
                ]
            ],
            "static_value": 0.13637357599033476,
            "active_dims": [
                0,
                1,
                2
            ]
        },
        {
            "type": "Gaussian",
            "mean": [
                3.988399030233043
            ],
            "std_dev": [
                2.113741165017458
            ],
            "max_amplitude": 0.17380766068160344,
            "active_dims": [
                0
            ]
        },
        {
            "type": "Sinus",
            "amplitudes": [
                0.2089586436660138
            ],
            "frequencies": [
                1.540573715792139
            ],
            "weight_vectors": [
                [
                    0.08218288299920085
                ]
            ],
            "phases": [
                1.771807332278211
            ],
            "offset": -0.17638789867729224,
            "bounds": [
                [
                    8.26147472257414,
                    8.896635545054526
                ]
            ],
            "minimum_value": 0.0,
            "active_dims": [
                2
            ]
        },
        {
            "type": "Ramp",
            "coeff": [
                1.228049591394823
            ],
            "min_value": 0.04431346603642647,
            "max_value": 0.22660879375872103,
            "bounds": [
                [
                    1.7813655158981208,
                    6.710935456640352
                ]
            ],
            "active_dims": [
                1
            ]
        },
        {
            "type": "StaticHypercube",
            "dimensions": [
                [
                    5.785799098154693,
                    8.105501810966114
                ],
                [
                    1.105981032908279,
                    4.215191217783316
                ]
            ],
            "static_value": 0.10053380361240316,
            "active_dims": [
                1,
                2
            ]
        },
        {
            "type": "Gaussian",
            "mean": [
                8.87011406812916,
                3.674874684061915,
                2.6150725220726767
            ],
            "std_dev": [
                3.2601428088128634,
                0.594232385992296,
                0.3412224821686507
            ],
            "max_amplitude": 0.14738296941528994,
            "active_dims": [
                0,
                1,
                2
            ]
        },
        {
            "type": "Gaussian",
            "mean": [
                8.199006082654627,
                6.255826676752774
            ],
            "std_dev": [
                1.8759456425472405,
                1.4346420628400165
            ],
            "max_amplitude": 0.21849813975210655,
            "active_dims": [
                1,
                2
            ]
        }
    ],
    "stats": {
        "energy": 432131911.50730383,
        "bandwidth": 24,
        "mean": 0.26229452267019127,
        "std": 0.1915790654926952,
        "pct_over_06": 0.07753125,
        "pct_over_08": 0.01390625
    }
}