{
    "functions": [
        {
            "type": "Sinus",
            "amplitudes": [
                0.14700978026409806,
                0.44890724723992725
            ],
            "frequencies": [
                1.8428110945105673,
                1.4349381236770915
            ],
            "weight_vectors": [
                [
                    0.0613651735775137
                ],
                [
                    0.7301195447804323
                ]
            ],
            "phases": [
                4.9017122100402455,
                5.849831364689269
            ],
            "offset": 0.19263171656760855,
            "bounds": [
                [
                    5.413449186286824,
                    8.620524493829045
                ]
            ],
            "minimum_value": 0.0,
            "active_dims": [
                0
            ]
        },
        {
            "type": "Sinus",
            "amplitudes": [
                0.28320308101626274
            ],
            "frequencies": [
                1.8210334029571362
            ],
            "weight_vectors": [
                [
                    0.7327219188503156,
                    0.8557457093905687
                ]
            ],
            "phases": [
                4.436421698640199
            ],
            "offset": 0.020325475174608455,
            "bounds": [
                [
                    2.9403649248610453,
                    6.524556953693695
                ],
                [
                    2.9048613325617234,
                    5.494717274627652
                ]
            ],
            "minimum_value": 0.0,
            "active_dims": [
                0,
                1
            ]
        },
        {
            "type": "Ramp",
            "coeff": [
                0.1967524211027898,
                0.5076477078107156
            ],
            "min_value": 0.20001756946658725,
            "max_value": 0.26774283034269875,
            "bounds": [
                [
                    1.666523072729759,
                    4.5665491218504615
                ],
                [
                    1.7858454773401367,
                    4.809216918007546
                ]
            ],
            "active_dims": [
                1,
                2
            ]
        },
        {
            "type": "Ramp",
            "coeff": [
                0.08465524044738615,
                0.537076843380164
            ],
            "min_value": 0.03240957325557813,
            "max_value": 0.13659482061596734,
            "bounds": [
                [
                    6.639093285465819,
                    9.50395851144673
                ],
                [
                    6.654699383466073,
                    9.637464989891079
                ]
            ],
            "active_dims": [
                0,
                2
            ]
        },
        {
            "type": "Gaussian",
            "mean": [
                4.16099046167472,
                0.7769474580842872
            ],
            "std_dev": [
                1.7928298925464092,
                2.7580425799803083
            ],
            "max_amplitude": 0.21598404924477083,
            "active_dims": [
                0,
                1
            ]
        },
        {
            "type": "Sinus",
            "amplitudes": [
                0.1761269826037635,
                0.49088293508744096,
                0.23450264115123726,
                0.45381361123710867
            ],
            "frequencies": [
                0.398473652418029,
                0.4780779516887239,
                1.4935204902646355,
                1.3965144683201367
            ],
            "weight_vectors": [
                [
                    0.3938700678086756
                ],
                [
                    0.024420628305809156
                ],
                [
                    0.9352887647070034
                ],
                [
                    0.5434616121821486
                ]
            ],
            "phases": [
                5.582583953818916,
                2.72518384330722,
                2.0987549761825344,
                6.259039520814295
            ],
            "offset": -0.14706590550798757,
            "bounds": [
                [
                    3.8513351117446453,
                    5.658673430932451
                ]
            ],
            "minimum_value": 0.0,
            "active_dims": [
                0
            ]
        },
        {
            "type": "Gaussian",
            "mean": [
                8.11308084644272,
                8.501685905551179
            ],
            "std_dev": [
                1.9513896628515905,
                2.9558017109543613
            ],
            "max_amplitude": 0.1604445082652994,
            "active_dims": [
                0,
                1
            ]
        },
        {
            "type": "StaticHypercube",
            "dimensions": [
                [
                    3.8434136595467554,
                    4.8403284653432905
                ],
                [
                    3.693175763171794,
                    5.957302750956273
                ],
                [
                    0.9193439440428731,
                    3.421610232067898
                ]
            ],
            "static_value": 0.08321807324718698,
            "active_dims": [
                0,
                1,
                2
            ]
        },
        {
            "type": "Ramp",
            "coeff": [
                1.8107875423001178,
                1.8864567681680602,
                1.7234317779424164
            ],
            "min_value": 0.13331269969377296,
            "max_value": 0.4171892510646433,
            "bounds": [
                [
                    0.6468090880262796,
                    3.808443198171884
                ],
                [
                    4.683112678057762,
                    6.116755826436311
                ],
                [
                    2.327796174429888,
                    6.894920409665357
                ]
            ],
            "active_dims": [
                0,
                1,
                2
            ]
        }
    ],
    "stats": {
        "energy": 415945366.57731724,
        "bandwidth": 37,
        "mean": 0.21975455019416693,
        "std": 0.230774997413064,
        "pct_over_06": 0.116046875,
        "pct_over_08": 0.011625
    }
}