{
    "functions": [
        {
            "type": "Gaussian",
            "mean": [
                3.549922818517995,
                6.746825946422806
            ],
            "std_dev": [
                1.7329610988325017,
                2.695271441525584
            ],
            "max_amplitude": 0.06341932813216176,
            "active_dims": [
                1,
                2
            ]
        },
        {
            "type": "Sinus",
            "amplitudes": [
                0.13354865715334782,
                0.09853882078963504,
                0.1723115007203542
            ],
            "frequencies": [
                1.8799282431395195,
                0.7813702298562539,
                1.2774280367938042
            ],
            "weight_vectors": [
                [
                    0.8126059369375752
                ],
                [
                    0.44377810916743465
                ],
                [
                    0.5979565555988351
                ]
            ],
            "phases": [
                0.7801839080969311,
                0.8006128549088357,
                5.26941243731084
            ],
            "offset": -0.10577730826449554,
            "bounds": [
                [
                    2.4168633387029224,
                    7.671009223607015
                ]
            ],
            "minimum_value": 0.0,
            "active_dims": [
                1
            ]
        },
        {
            "type": "StaticHypercube",
            "dimensions": [
                [
                    4.75655039553856,
                    9.115548993756963
                ],
                [
                    4.91603665561748,
                    6.978479846274702
                ],
                [
                    1.7784050403057325,
                    6.270919784159434
                ]
            ],
            "static_value": 0.09679933153858088,
            "active_dims": [
                0,
                1,
                2
            ]
        },
        {
            "type": "Sinus",
            "amplitudes": [
                0.1892658113502091
            ],
            "frequencies": [
                0.28364443270901807
            ],
            "weight_vectors": [
                [
                    0.7804747942075402
                ]
            ],
            "phases": [
                3.3564842404790523
            ],
            "offset": 0.05684096102774867,
            "bounds": [
                [
                    7.809060315861759,
                    9.610059031223624
                ]
            ],
            "minimum_value": 0.0,
            "active_dims": [
                1
            ]
        },
        {
            "type": "Gaussian",
            "mean": [
                1.2535893635410167
            ],
            "std_dev": [
                0.1785844293075894
            ],
            "max_amplitude": 0.20493209029716075,
            "active_dims": [
                0
            ]
        },
        {
            "type": "Gaussian",
            "mean": [
                5.737154171558908
            ],
            "std_dev": [
                1.2962747394921026
            ],
            "max_amplitude": 0.2342459117037354,
            "active_dims": [
                1
            ]
        },
        {
            "type": "Ramp",
            "coeff": [
                0.8297336164390943
            ],
            "min_value": 0.10915481276872784,
            "max_value": 0.16947773379299616,
            "bounds": [
                [
                    4.962398158598388,
                    7.747493411180872
                ]
            ],
            "active_dims": [
                2
            ]
        },
        {
            "type": "Ramp",
            "coeff": [
                0.1138396920629321
            ],
            "min_value": 0.16979770378918932,
            "max_value": 0.17714772125709158,
            "bounds": [
                [
                    3.0512747470036277,
                    6.1883344808729035
                ]
            ],
            "active_dims": [
                1
            ]
        },
        {
            "type": "StaticHypercube",
            "dimensions": [
                [
                    3.4392797148150986,
                    5.491810866428541
                ],
                [
                    1.707965521523148,
                    5.707962530940374
                ]
            ],
            "static_value": 0.25238074361855056,
            "active_dims": [
                0,
                2
            ]
        }
    ],
    "stats": {
        "energy": 434274325.5097187,
        "bandwidth": 17,
        "mean": 0.23638284338533097,
        "std": 0.22393560816552216,
        "pct_over_06": 0.07596875,
        "pct_over_08": 0.017609375
    }
}