{
    "functions": [
        {
            "type": "Sinus",
            "amplitudes": [
                0.3186683694621286
            ],
            "frequencies": [
                1.5644868208354392
            ],
            "weight_vectors": [
                [
                    0.05264577893382205,
                    0.5690645524601465,
                    0.4053348712820277
                ]
            ],
            "phases": [
                4.073505106096974
            ],
            "offset": 0.15403296694603066,
            "bounds": [
                [
                    3.7909753001763518,
                    7.693300022919205
                ],
                [
                    2.9340541235113466,
                    4.9580571076990605
                ],
                [
                    6.039786084422535,
                    9.37904703486785
                ]
            ],
            "minimum_value": 0.0,
            "active_dims": [
                0,
                1,
                2
            ]
        },
        {
            "type": "Ramp",
            "coeff": [
                0.5855909189422861
            ],
            "min_value": 0.06504748052855826,
            "max_value": 0.34816079510822867,
            "bounds": [
                [
                    1.668455479913377,
                    6.030820033248863
                ]
            ],
            "active_dims": [
                2
            ]
        },
        {
            "type": "Ramp",
            "coeff": [
                0.2102014268796928,
                1.7913061642116883
            ],
            "min_value": 0.08611199837874457,
            "max_value": 0.09756933341294431,
            "bounds": [
                [
                    5.299153088548319,
                    9.526853080002525
                ],
                [
                    0.3956102465674219,
                    5.533882581297655
                ]
            ],
            "active_dims": [
                1,
                2
            ]
        },
        {
            "type": "Gaussian",
            "mean": [
                3.268008786541979,
                8.181737876718794,
                9.440173860153443
            ],
            "std_dev": [
                3.849055069237165,
                2.036056854083474,
                3.719799962205039
            ],
            "max_amplitude": 0.35872559507339996,
            "active_dims": [
                0,
                1,
                2
            ]
        },
        {
            "type": "Gaussian",
            "mean": [
                6.566795563841396
            ],
            "std_dev": [
                3.6635583939421412
            ],
            "max_amplitude": 0.21962783195526375,
            "active_dims": [
                1
            ]
        },
        {
            "type": "Gaussian",
            "mean": [
                6.1081775340282265
            ],
            "std_dev": [
                2.087703050001461
            ],
            "max_amplitude": 0.1969573538542145,
            "active_dims": [
                0
            ]
        },
        {
            "type": "Gaussian",
            "mean": [
                0.6128171100970603,
                9.911399385840982
            ],
            "std_dev": [
                2.510591925320361,
                1.8473679180721725
            ],
            "max_amplitude": 0.4071175897309034,
            "active_dims": [
                0,
                2
            ]
        },
        {
            "type": "Gaussian",
            "mean": [
                9.447588985192962,
                1.3552507394906244
            ],
            "std_dev": [
                1.2865834005176842,
                3.9537776457700406
            ],
            "max_amplitude": 0.3222878691538004,
            "active_dims": [
                0,
                1
            ]
        },
        {
            "type": "Gaussian",
            "mean": [
                6.304922493158928,
                0.4026025795300925
            ],
            "std_dev": [
                0.2494713859878268,
                2.883303344714842
            ],
            "max_amplitude": 0.29970471813668764,
            "active_dims": [
                1,
                2
            ]
        }
    ],
    "stats": {
        "energy": 1224319503.4343057,
        "bandwidth": 8,
        "mean": 0.5131801677895678,
        "std": 0.18855302743687788,
        "pct_over_06": 0.3216875,
        "pct_over_08": 0.079109375
    }
}