{
    "functions": [
        {
            "type": "StaticHypercube",
            "dimensions": [
                [
                    4.418492333373644,
                    5.5021117947726585
                ]
            ],
            "static_value": 0.12292157167524773,
            "active_dims": [
                1
            ]
        },
        {
            "type": "StaticHypercube",
            "dimensions": [
                [
                    0.03648585700806112,
                    6.841087138716397
                ]
            ],
            "static_value": 0.2929836094206297,
            "active_dims": [
                1
            ]
        },
        {
            "type": "StaticHypercube",
            "dimensions": [
                [
                    1.8766953262908979,
                    4.264172190919063
                ]
            ],
            "static_value": 0.05972447290488016,
            "active_dims": [
                0
            ]
        },
        {
            "type": "Sinus",
            "amplitudes": [
                0.33260456291543417,
                0.14742422704242286,
                0.1051465948258
            ],
            "frequencies": [
                1.7465439800438847,
                1.4327629117612346,
                0.6318867382767491
            ],
            "weight_vectors": [
                [
                    0.6094692432893651,
                    0.8403716787726713,
                    0.0348682745904314
                ],
                [
                    0.47458576427017696,
                    0.4384461198194868,
                    0.35522793930594654
                ],
                [
                    0.1317589249579615,
                    0.4008397794317198,
                    0.35178885197565957
                ]
            ],
            "phases": [
                6.035820410482443,
                3.129925743184028,
                4.574377125045791
            ],
            "offset": 0.11922867094104632,
            "bounds": [
                [
                    6.115829208331248,
                    8.498862652523492
                ],
                [
                    1.1160029810411018,
                    2.4201815529214397
                ],
                [
                    4.349648963271529,
                    6.84140183424962
                ]
            ],
            "minimum_value": 0.0,
            "active_dims": [
                0,
                1,
                2
            ]
        },
        {
            "type": "Gaussian",
            "mean": [
                8.310238123527752
            ],
            "std_dev": [
                3.3547168962072296
            ],
            "max_amplitude": 0.16191369021011678,
            "active_dims": [
                1
            ]
        },
        {
            "type": "Gaussian",
            "mean": [
                7.187255030458007
            ],
            "std_dev": [
                3.835747614496181
            ],
            "max_amplitude": 0.15096231952846095,
            "active_dims": [
                0
            ]
        },
        {
            "type": "Gaussian",
            "mean": [
                3.4211577781001967
            ],
            "std_dev": [
                2.1816064464581832
            ],
            "max_amplitude": 0.17086882924262883,
            "active_dims": [
                2
            ]
        },
        {
            "type": "StaticHypercube",
            "dimensions": [
                [
                    4.268070174177706,
                    9.316809672059492
                ],
                [
                    1.2239900566153987,
                    7.757687896348582
                ],
                [
                    0.6394211186321355,
                    1.6342788743914574
                ]
            ],
            "static_value": 0.07903285505253445,
            "active_dims": [
                0,
                1,
                2
            ]
        },
        {
            "type": "Gaussian",
            "mean": [
                3.38139636692265
            ],
            "std_dev": [
                1.3917101177812257
            ],
            "max_amplitude": 0.11635261803388657,
            "active_dims": [
                2
            ]
        }
    ],
    "stats": {
        "energy": 1358760130.5060802,
        "bandwidth": 3,
        "mean": 0.5436637104437235,
        "std": 0.19015340500080213,
        "pct_over_06": 0.398546875,
        "pct_over_08": 0.091703125
    }
}