{
    "functions": [
        {
            "type": "Sinus",
            "amplitudes": [
                0.2670360705148967,
                0.25246501552727324,
                0.16192130978349858
            ],
            "frequencies": [
                0.924241658819534,
                0.5237597295436799,
                1.2838747800128623
            ],
            "weight_vectors": [
                [
                    0.4207953066405765
                ],
                [
                    0.8157922541990379
                ],
                [
                    0.8802963188239226
                ]
            ],
            "phases": [
                0.9719266629754223,
                3.1842741566018957,
                0.7132836302999264
            ],
            "offset": 0.18859698428673696,
            "bounds": [
                [
                    5.089087034769466,
                    5.884652952545725
                ]
            ],
            "minimum_value": 0.0,
            "active_dims": [
                2
            ]
        },
        {
            "type": "Sinus",
            "amplitudes": [
                0.2089146260114734,
                0.14780894982935275
            ],
            "frequencies": [
                0.38702876141099374,
                1.9970325946880159
            ],
            "weight_vectors": [
                [
                    0.7340685810213585,
                    0.8888246268124228
                ],
                [
                    0.7623028845360523,
                    0.6267187742912873
                ]
            ],
            "phases": [
                2.1766512000048004,
                0.4994850154257153
            ],
            "offset": -0.10802185704849412,
            "bounds": [
                [
                    0.12710064204279073,
                    7.760871084597848
                ],
                [
                    1.2626733173407603,
                    3.213767382325858
                ]
            ],
            "minimum_value": 0.0,
            "active_dims": [
                0,
                2
            ]
        },
        {
            "type": "Ramp",
            "coeff": [
                1.6646784986799905,
                1.2243918423117066,
                1.5792065150955938
            ],
            "min_value": 0.130412491074018,
            "max_value": 0.18265195832416165,
            "bounds": [
                [
                    1.2265891668947932,
                    5.331180516529177
                ],
                [
                    2.3269658361550167,
                    3.0301026371431083
                ],
                [
                    5.317983151882308,
                    5.910132217925371
                ]
            ],
            "active_dims": [
                0,
                1,
                2
            ]
        },
        {
            "type": "Gaussian",
            "mean": [
                8.138940743630366
            ],
            "std_dev": [
                3.517667714757611
            ],
            "max_amplitude": 0.2227507682980915,
            "active_dims": [
                0
            ]
        },
        {
            "type": "Gaussian",
            "mean": [
                7.5447658132216135,
                1.5673554017441405,
                6.1006372634703565
            ],
            "std_dev": [
                1.1781432656910495,
                3.7635492163365827,
                3.303044953082669
            ],
            "max_amplitude": 0.06093922629465846,
            "active_dims": [
                0,
                1,
                2
            ]
        },
        {
            "type": "StaticHypercube",
            "dimensions": [
                [
                    2.282555594178696,
                    7.518894816196051
                ],
                [
                    4.357831973267044,
                    5.404986028846599
                ],
                [
                    6.863792100264632,
                    7.634266595968503
                ]
            ],
            "static_value": 0.13501876106904032,
            "active_dims": [
                0,
                1,
                2
            ]
        },
        {
            "type": "Ramp",
            "coeff": [
                1.3326572413864535,
                1.644031718445362
            ],
            "min_value": 0.1162727097586206,
            "max_value": 0.20390293622762895,
            "bounds": [
                [
                    8.91262913894611,
                    9.476655446400612
                ],
                [
                    0.7202198277773149,
                    6.681326966999666
                ]
            ],
            "active_dims": [
                0,
                1
            ]
        },
        {
            "type": "Gaussian",
            "mean": [
                3.3011457050489224
            ],
            "std_dev": [
                1.9490863142085026
            ],
            "max_amplitude": 0.30255940019955274,
            "active_dims": [
                1
            ]
        },
        {
            "type": "Gaussian",
            "mean": [
                0.6329907415164704,
                7.895707870056111,
                0.005320177971608331
            ],
            "std_dev": [
                2.7075093560922214,
                2.361737389350301,
                1.9524997247568818
            ],
            "max_amplitude": 0.10127859850049425,
            "active_dims": [
                0,
                1,
                2
            ]
        }
    ],
    "stats": {
        "energy": 481501584.38199407,
        "bandwidth": 5,
        "mean": 0.3039046081023152,
        "std": 0.15873275315349547,
        "pct_over_06": 0.03928125,
        "pct_over_08": 0.00634375
    }
}