{
    "functions": [
        {
            "type": "Gaussian",
            "mean": [
                0.5322307829883999,
                9.724221689895119
            ],
            "std_dev": [
                1.5943426328268357,
                2.309041309774553
            ],
            "max_amplitude": 0.21726209051304254,
            "active_dims": [
                0,
                2
            ]
        },
        {
            "type": "Ramp",
            "coeff": [
                0.028203522638468925,
                1.8483361396457887
            ],
            "min_value": 0.18924973363830258,
            "max_value": 0.4051055924234807,
            "bounds": [
                [
                    3.425580951959234,
                    5.380406266143639
                ],
                [
                    6.575067619339198,
                    7.560173403827067
                ]
            ],
            "active_dims": [
                0,
                1
            ]
        },
        {
            "type": "Sinus",
            "amplitudes": [
                0.1732531521457723
            ],
            "frequencies": [
                1.3182153643723697
            ],
            "weight_vectors": [
                [
                    0.7692566114995384
                ]
            ],
            "phases": [
                6.073520419492806
            ],
            "offset": -0.046371441249793505,
            "bounds": [
                [
                    2.6664493646758056,
                    6.6033012581610535
                ]
            ],
            "minimum_value": 0.0,
            "active_dims": [
                2
            ]
        },
        {
            "type": "Sinus",
            "amplitudes": [
                0.22607842086459726,
                0.16051165218142757,
                0.06560978337273349,
                0.3367386541158659
            ],
            "frequencies": [
                0.7075199726332455,
                1.6220343677888784,
                0.7939580525049806,
                0.8587257943825817
            ],
            "weight_vectors": [
                [
                    0.976030671095278
                ],
                [
                    0.3318497667976221
                ],
                [
                    0.03500751853795048
                ],
                [
                    0.5609493389201767
                ]
            ],
            "phases": [
                4.361730849287544,
                0.4648316909016203,
                4.780991921083105,
                4.736859850222249
            ],
            "offset": 0.08583052810431568,
            "bounds": [
                [
                    2.8689621225977415,
                    8.271150829025313
                ]
            ],
            "minimum_value": 0.0,
            "active_dims": [
                1
            ]
        },
        {
            "type": "StaticHypercube",
            "dimensions": [
                [
                    3.723756414315418,
                    8.536064475982931
                ],
                [
                    0.218829043433072,
                    1.642542507745567
                ]
            ],
            "static_value": 0.3111363397197962,
            "active_dims": [
                0,
                2
            ]
        },
        {
            "type": "Gaussian",
            "mean": [
                5.7848105487813575,
                0.5426003786399225,
                2.629615993640748
            ],
            "std_dev": [
                3.2503314723016956,
                3.906043723786684,
                3.3854591541633403
            ],
            "max_amplitude": 0.1584927739786167,
            "active_dims": [
                0,
                1,
                2
            ]
        },
        {
            "type": "Gaussian",
            "mean": [
                6.339714577964001,
                7.514071428061412
            ],
            "std_dev": [
                0.9720836450408551,
                2.9929285534634005
            ],
            "max_amplitude": 0.26083918377256854,
            "active_dims": [
                1,
                2
            ]
        },
        {
            "type": "Sinus",
            "amplitudes": [
                0.28566321586188664,
                0.13241810363893144,
                0.15993032295161835
            ],
            "frequencies": [
                0.7271434437811748,
                0.28077654690997267,
                1.4054486557643378
            ],
            "weight_vectors": [
                [
                    0.2663777658523424,
                    0.25275640122212095,
                    0.23564540038211634
                ],
                [
                    0.585423790847888,
                    0.9258375466157264,
                    0.49365951895883886
                ],
                [
                    0.7299784616649416,
                    0.7036725891677267,
                    0.5750853566897689
                ]
            ],
            "phases": [
                1.432680358731057,
                0.824651445372561,
                1.8453693890075087
            ],
            "offset": 0.2030515104350365,
            "bounds": [
                [
                    3.576312856886074,
                    6.815193059520862
                ],
                [
                    5.3955796973513435,
                    6.228992463600916
                ],
                [
                    4.934335120596997,
                    7.241030747458153
                ]
            ],
            "minimum_value": 0.0,
            "active_dims": [
                0,
                1,
                2
            ]
        },
        {
            "type": "Gaussian",
            "mean": [
                5.281443897034082,
                6.743060007448888
            ],
            "std_dev": [
                0.6690864849477852,
                2.9724396692707202
            ],
            "max_amplitude": 0.1959164862267578,
            "active_dims": [
                1,
                2
            ]
        }
    ],
    "stats": {
        "energy": 483348307.07994014,
        "bandwidth": 46,
        "mean": 0.24583140419551358,
        "std": 0.23994140637757908,
        "pct_over_06": 0.11725,
        "pct_over_08": 0.029265625
    }
}