{
    "functions": [
        {
            "type": "Gaussian",
            "mean": [
                9.011914806964183,
                0.06317662421842174
            ],
            "std_dev": [
                0.7318484746357884,
                1.9269456578302084
            ],
            "max_amplitude": 0.1842511245954811,
            "active_dims": [
                0,
                2
            ]
        },
        {
            "type": "Ramp",
            "coeff": [
                0.06204483139521866,
                1.09484648195583,
                1.0617443783150213
            ],
            "min_value": 0.07066851727821218,
            "max_value": 0.1955884484972826,
            "bounds": [
                [
                    5.997042233519955,
                    7.184840270914046
                ],
                [
                    5.2993370684317105,
                    8.556790547254295
                ],
                [
                    2.6877429553881997,
                    8.864637401875829
                ]
            ],
            "active_dims": [
                0,
                1,
                2
            ]
        },
        {
            "type": "Sinus",
            "amplitudes": [
                0.27363235142372855
            ],
            "frequencies": [
                0.9222751048710613
            ],
            "weight_vectors": [
                [
                    0.8919539172901221
                ]
            ],
            "phases": [
                5.787558818689759
            ],
            "offset": -0.021059594205033175,
            "bounds": [
                [
                    4.060961376459698,
                    5.802661079791358
                ]
            ],
            "minimum_value": 0.0,
            "active_dims": [
                1
            ]
        },
        {
            "type": "Sinus",
            "amplitudes": [
                0.11230727381388061,
                0.19276753830214866,
                0.06760218439730781,
                0.20717956990964034,
                0.19891138887910262
            ],
            "frequencies": [
                1.1415219868750504,
                0.5180191817357352,
                0.1042482429394647,
                1.5444471070639174,
                0.886810405339548
            ],
            "weight_vectors": [
                [
                    0.08738364899409512,
                    0.43263143813566496
                ],
                [
                    0.33557400584943375,
                    0.2789498138536175
                ],
                [
                    0.394962651622639,
                    0.456792265672877
                ],
                [
                    0.9185757908268307,
                    0.5579134278622838
                ],
                [
                    0.26836968634109915,
                    0.038902297815940345
                ]
            ],
            "phases": [
                5.913054219876071,
                0.24641701349517775,
                3.9492263063756883,
                0.5156768185472337,
                2.1232194273354783
            ],
            "offset": -0.09920990979010433,
            "bounds": [
                [
                    1.0305482365622887,
                    5.8772410219711135
                ],
                [
                    0.33986239143855296,
                    5.37489313223144
                ]
            ],
            "minimum_value": 0.0,
            "active_dims": [
                1,
                2
            ]
        },
        {
            "type": "Gaussian",
            "mean": [
                2.0317525247236468,
                9.247629391564292
            ],
            "std_dev": [
                0.8018143651921279,
                3.1387144269309504
            ],
            "max_amplitude": 0.16064284997426156,
            "active_dims": [
                1,
                2
            ]
        },
        {
            "type": "Gaussian",
            "mean": [
                4.796782193725693,
                4.523426622924337,
                2.452329432107213
            ],
            "std_dev": [
                1.6452704519624977,
                1.47708024738064,
                0.844074598975677
            ],
            "max_amplitude": 0.103073011068424,
            "active_dims": [
                0,
                1,
                2
            ]
        },
        {
            "type": "StaticHypercube",
            "dimensions": [
                [
                    2.38334957284182,
                    7.631726559559591
                ]
            ],
            "static_value": 0.06647700088711729,
            "active_dims": [
                2
            ]
        },
        {
            "type": "Ramp",
            "coeff": [
                0.9896983387031753
            ],
            "min_value": 0.12770937458979617,
            "max_value": 0.17403573082010873,
            "bounds": [
                [
                    2.546738631883712,
                    6.710337686322222
                ]
            ],
            "active_dims": [
                2
            ]
        },
        {
            "type": "Ramp",
            "coeff": [
                1.5817902245677666
            ],
            "min_value": 0.12539777633841281,
            "max_value": 0.2871544260002779,
            "bounds": [
                [
                    2.9155126052446496,
                    4.2993114426839725
                ]
            ],
            "active_dims": [
                1
            ]
        }
    ],
    "stats": {
        "energy": 260044873.9817768,
        "bandwidth": 96,
        "mean": 0.18986818918576337,
        "std": 0.16564295577318217,
        "pct_over_06": 0.0325625,
        "pct_over_08": 0.009359375
    }
}