{
    "functions": [
        {
            "type": "StaticHypercube",
            "dimensions": [
                [
                    6.651742342031944,
                    8.312896520469131
                ],
                [
                    0.17574224818444664,
                    2.3758271568545966
                ]
            ],
            "static_value": 0.11303508107947191,
            "active_dims": [
                0,
                1
            ]
        },
        {
            "type": "Sinus",
            "amplitudes": [
                0.10989563465772235,
                0.3105564200182417,
                0.1271177819274246,
                0.15720435212279985
            ],
            "frequencies": [
                1.6981508571705115,
                1.8614074943051069,
                0.7141873243930652,
                0.7501575439493042
            ],
            "weight_vectors": [
                [
                    0.013724357614218974
                ],
                [
                    0.8391583857754784
                ],
                [
                    0.001073650958817618
                ],
                [
                    0.17121377577004004
                ]
            ],
            "phases": [
                4.254020351172865,
                3.448850242591493,
                2.3982797881268825,
                3.233112482912587
            ],
            "offset": 0.15975718112405812,
            "bounds": [
                [
                    0.6178881871798818,
                    2.3750130642823937
                ]
            ],
            "minimum_value": 0.0,
            "active_dims": [
                0
            ]
        },
        {
            "type": "Gaussian",
            "mean": [
                1.750023705571202,
                8.58042362468838,
                0.2969888041852209
            ],
            "std_dev": [
                3.3176127516692064,
                2.4887697686612773,
                3.448956490751654
            ],
            "max_amplitude": 0.130928382680181,
            "active_dims": [
                0,
                1,
                2
            ]
        },
        {
            "type": "Gaussian",
            "mean": [
                4.445078318738785,
                7.291668494548698
            ],
            "std_dev": [
                2.6747020538282964,
                0.34969500248968166
            ],
            "max_amplitude": 0.2102900180052668,
            "active_dims": [
                0,
                1
            ]
        },
        {
            "type": "Gaussian",
            "mean": [
                2.738549211401554
            ],
            "std_dev": [
                3.5330123562386775
            ],
            "max_amplitude": 0.1966405949538473,
            "active_dims": [
                0
            ]
        },
        {
            "type": "StaticHypercube",
            "dimensions": [
                [
                    3.268259970740217,
                    5.995455997992792
                ],
                [
                    4.760605835282134,
                    7.223036693337958
                ]
            ],
            "static_value": 0.2011893114617794,
            "active_dims": [
                1,
                2
            ]
        },
        {
            "type": "Ramp",
            "coeff": [
                1.6237439000501168,
                0.5634774947454224
            ],
            "min_value": 0.038609374949137375,
            "max_value": 0.24772574127436778,
            "bounds": [
                [
                    6.049143362329245,
                    9.73313835778248
                ],
                [
                    2.6988479460895616,
                    6.769230087810616
                ]
            ],
            "active_dims": [
                1,
                2
            ]
        },
        {
            "type": "StaticHypercube",
            "dimensions": [
                [
                    0.0669741188616258,
                    3.3241460430365497
                ],
                [
                    2.1462500732260765,
                    6.335499121056044
                ],
                [
                    3.5473263233251315,
                    9.76589846815777
                ]
            ],
            "static_value": 0.35578408955456436,
            "active_dims": [
                0,
                1,
                2
            ]
        },
        {
            "type": "Ramp",
            "coeff": [
                1.9611995474853121,
                0.6288167048239002
            ],
            "min_value": 0.08806563227331894,
            "max_value": 0.22035686926992676,
            "bounds": [
                [
                    2.12571479974866,
                    5.806567364015805
                ],
                [
                    2.3739802054948527,
                    6.641878998229256
                ]
            ],
            "active_dims": [
                0,
                2
            ]
        }
    ],
    "stats": {
        "energy": 428088854.3991325,
        "bandwidth": 63,
        "mean": 0.25869761891559245,
        "std": 0.19387991756739817,
        "pct_over_06": 0.061609375,
        "pct_over_08": 0.01234375
    }
}