{
    "functions": [
        {
            "type": "Sinus",
            "amplitudes": [
                0.357020522362185,
                0.2635625233962809,
                0.41757544330960017
            ],
            "frequencies": [
                1.020137664059675,
                1.9704810033615643,
                1.2575671970385742
            ],
            "weight_vectors": [
                [
                    0.19602334146732014,
                    0.4276253524996134
                ],
                [
                    0.811353248011856,
                    0.3220547580338019
                ],
                [
                    0.0810520410526554,
                    0.36169747231835503
                ]
            ],
            "phases": [
                5.90239370275979,
                3.2107703758494606,
                0.04258360101579271
            ],
            "offset": -0.13468481604201332,
            "bounds": [
                [
                    7.0084043827058125,
                    7.037817116101835
                ],
                [
                    4.627183330972951,
                    7.040463175791988
                ]
            ],
            "minimum_value": 0.0,
            "active_dims": [
                0,
                1
            ]
        },
        {
            "type": "Gaussian",
            "mean": [
                8.447243653667844,
                4.387358328908132
            ],
            "std_dev": [
                0.5581752954137161,
                3.2552093824951074
            ],
            "max_amplitude": 0.14821967416607065,
            "active_dims": [
                0,
                2
            ]
        },
        {
            "type": "Gaussian",
            "mean": [
                9.976737415429307,
                2.8101382204485983
            ],
            "std_dev": [
                1.9390621292443462,
                1.5263706996231046
            ],
            "max_amplitude": 0.33112998658636317,
            "active_dims": [
                0,
                1
            ]
        },
        {
            "type": "StaticHypercube",
            "dimensions": [
                [
                    6.048436059935256,
                    7.866088713783511
                ],
                [
                    0.5752936136813673,
                    4.773569027788132
                ]
            ],
            "static_value": 0.20424273367487203,
            "active_dims": [
                1,
                2
            ]
        },
        {
            "type": "Gaussian",
            "mean": [
                5.424734875344691
            ],
            "std_dev": [
                2.549052996974969
            ],
            "max_amplitude": 0.3861241053677613,
            "active_dims": [
                1
            ]
        },
        {
            "type": "Ramp",
            "coeff": [
                1.887052466969877
            ],
            "min_value": 0.2569467223226655,
            "max_value": 0.3136013009663169,
            "bounds": [
                [
                    2.987838298187055,
                    4.500850956869041
                ]
            ],
            "active_dims": [
                0
            ]
        },
        {
            "type": "StaticHypercube",
            "dimensions": [
                [
                    1.3643329327115785,
                    2.587030143084204
                ],
                [
                    3.926073413160157,
                    8.742548580074324
                ]
            ],
            "static_value": 0.038622493549771215,
            "active_dims": [
                1,
                2
            ]
        },
        {
            "type": "Gaussian",
            "mean": [
                2.8045254263207644
            ],
            "std_dev": [
                3.7850563380810414
            ],
            "max_amplitude": 0.1425037246888168,
            "active_dims": [
                0
            ]
        },
        {
            "type": "StaticHypercube",
            "dimensions": [
                [
                    3.111637384311577,
                    4.272233066732288
                ],
                [
                    5.632812696112049,
                    6.561047430451616
                ]
            ],
            "static_value": 0.1795206861849295,
            "active_dims": [
                1,
                2
            ]
        }
    ],
    "stats": {
        "energy": 894874870.4398268,
        "bandwidth": 4,
        "mean": 0.43389879416104,
        "std": 0.1738020327601743,
        "pct_over_06": 0.16778125,
        "pct_over_08": 0.02
    }
}