{
    "functions": [
        {
            "type": "Ramp",
            "coeff": [
                0.5376367643959639
            ],
            "min_value": 0.11259094692018864,
            "max_value": 0.3881355933701888,
            "bounds": [
                [
                    8.479644574182803,
                    9.771257297491887
                ]
            ],
            "active_dims": [
                1
            ]
        },
        {
            "type": "Gaussian",
            "mean": [
                9.819219465577682,
                3.477896966951397,
                3.0818280857303537
            ],
            "std_dev": [
                1.4759688584843862,
                1.765059355220759,
                2.365318099049313
            ],
            "max_amplitude": 0.5036539472084693,
            "active_dims": [
                0,
                1,
                2
            ]
        },
        {
            "type": "Sinus",
            "amplitudes": [
                0.3354750768405455,
                0.20946117763014108,
                0.1999013587818652
            ],
            "frequencies": [
                1.9831738530666523,
                1.438837851643813,
                0.6257030024090103
            ],
            "weight_vectors": [
                [
                    0.044708653940979226
                ],
                [
                    0.10969855574627085
                ],
                [
                    0.1510816367203658
                ]
            ],
            "phases": [
                3.9797799097512927,
                3.1231117131909545,
                4.6055278672409425
            ],
            "offset": 0.07886562265502797,
            "bounds": [
                [
                    6.398400675165071,
                    9.939671834735307
                ]
            ],
            "minimum_value": 0.0,
            "active_dims": [
                1
            ]
        },
        {
            "type": "Sinus",
            "amplitudes": [
                0.6137647782403622
            ],
            "frequencies": [
                1.8349492283029594
            ],
            "weight_vectors": [
                [
                    0.787062791996562
                ]
            ],
            "phases": [
                1.0058821932586848
            ],
            "offset": -0.24529413960709165,
            "bounds": [
                [
                    0.5779093321442532,
                    3.8395477133644302
                ]
            ],
            "minimum_value": 0.0,
            "active_dims": [
                2
            ]
        },
        {
            "type": "StaticHypercube",
            "dimensions": [
                [
                    3.832907501308023,
                    7.025834228631959
                ],
                [
                    2.4369763234276265,
                    3.7115016413656194
                ]
            ],
            "static_value": 0.33877313713741647,
            "active_dims": [
                1,
                2
            ]
        },
        {
            "type": "StaticHypercube",
            "dimensions": [
                [
                    5.099616651424079,
                    9.42372979319547
                ],
                [
                    3.695104143241736,
                    9.27467414858556
                ]
            ],
            "static_value": 0.10487251562312516,
            "active_dims": [
                1,
                2
            ]
        },
        {
            "type": "Ramp",
            "coeff": [
                0.9422295759957673,
                1.436823831162798,
                0.25882911208299975
            ],
            "min_value": 0.2550477105076069,
            "max_value": 0.435794468934268,
            "bounds": [
                [
                    5.37041073304935,
                    8.656647435415211
                ],
                [
                    6.677139744701047,
                    8.09156449445865
                ],
                [
                    3.202969885820164,
                    4.793573820816053
                ]
            ],
            "active_dims": [
                0,
                1,
                2
            ]
        },
        {
            "type": "Gaussian",
            "mean": [
                3.83926872362351,
                7.1133639679379215
            ],
            "std_dev": [
                1.0913410032749864,
                0.6081834549326718
            ],
            "max_amplitude": 0.17429936894695372,
            "active_dims": [
                0,
                1
            ]
        },
        {
            "type": "Sinus",
            "amplitudes": [
                0.14966389965345317,
                0.25675543413796376,
                0.1863810994268413,
                0.6546203036343575
            ],
            "frequencies": [
                1.073846944050566,
                1.2030156114189612,
                1.352524724562758,
                1.6150724911216485
            ],
            "weight_vectors": [
                [
                    0.27498166521991196
                ],
                [
                    0.02142438229167931
                ],
                [
                    0.9349653830122256
                ],
                [
                    0.411419626573162
                ]
            ],
            "phases": [
                4.919558160142412,
                1.2707373498572418,
                1.4234798350622353,
                0.01787300975305685
            ],
            "offset": -0.20418189623517807,
            "bounds": [
                [
                    3.1742863590553876,
                    7.120001885182384
                ]
            ],
            "minimum_value": 0.0,
            "active_dims": [
                2
            ]
        }
    ],
    "stats": {
        "energy": 390590877.25861967,
        "bandwidth": 165,
        "mean": 0.22074244827584766,
        "std": 0.21594414190341535,
        "pct_over_06": 0.06609375,
        "pct_over_08": 0.010578125
    }
}