{
    "functions": [
        {
            "type": "StaticHypercube",
            "dimensions": [
                [
                    4.4746701418855706,
                    6.596870102482786
                ],
                [
                    3.08004190174154,
                    7.259511327879546
                ],
                [
                    1.2623151986782715,
                    4.781834417052318
                ]
            ],
            "static_value": 0.20789119223368838,
            "active_dims": [
                0,
                1,
                2
            ]
        },
        {
            "type": "Ramp",
            "coeff": [
                0.30799700586242995
            ],
            "min_value": 0.04222941332116862,
            "max_value": 0.3045527338443196,
            "bounds": [
                [
                    3.3375318290334643,
                    4.713938000607434
                ]
            ],
            "active_dims": [
                1
            ]
        },
        {
            "type": "Sinus",
            "amplitudes": [
                0.16986377463318003,
                0.30297306174198746
            ],
            "frequencies": [
                0.3107497460903243,
                0.2864258795851501
            ],
            "weight_vectors": [
                [
                    0.4536056012193026
                ],
                [
                    0.0052022337023373
                ]
            ],
            "phases": [
                2.260214511540259,
                4.041037361844947
            ],
            "offset": -0.08876236227324526,
            "bounds": [
                [
                    3.925245559357413,
                    6.2136616718633215
                ]
            ],
            "minimum_value": 0.0,
            "active_dims": [
                2
            ]
        },
        {
            "type": "Ramp",
            "coeff": [
                1.8553786929121527,
                1.2196799055020282
            ],
            "min_value": 0.08704966259454369,
            "max_value": 0.3337089857942955,
            "bounds": [
                [
                    2.9535684237602418,
                    4.536167530530195
                ],
                [
                    1.5807916237860662,
                    3.587325606696968
                ]
            ],
            "active_dims": [
                0,
                2
            ]
        },
        {
            "type": "Sinus",
            "amplitudes": [
                0.1602445500377664,
                0.26376291040467226
            ],
            "frequencies": [
                1.0803043163816288,
                1.6764319509435182
            ],
            "weight_vectors": [
                [
                    0.21827997707273006,
                    0.9216117091252826
                ],
                [
                    0.55831135035136,
                    0.335601792096055
                ]
            ],
            "phases": [
                4.122035437832622,
                1.0366147699978618
            ],
            "offset": 0.0813992044815258,
            "bounds": [
                [
                    5.624656949008356,
                    9.356673556556618
                ],
                [
                    5.30714817438315,
                    7.207387386667589
                ]
            ],
            "minimum_value": 0.0,
            "active_dims": [
                1,
                2
            ]
        },
        {
            "type": "Gaussian",
            "mean": [
                5.778961822638276
            ],
            "std_dev": [
                3.9575805234636197
            ],
            "max_amplitude": 0.24192243476111366,
            "active_dims": [
                2
            ]
        },
        {
            "type": "Ramp",
            "coeff": [
                0.5921534357294307,
                1.0138105182960375
            ],
            "min_value": 0.06301257192586547,
            "max_value": 0.12904166961208596,
            "bounds": [
                [
                    5.4263448725966645,
                    5.9859599592754344
                ],
                [
                    6.148178373136843,
                    9.693935552406884
                ]
            ],
            "active_dims": [
                0,
                1
            ]
        },
        {
            "type": "Gaussian",
            "mean": [
                8.890296370244942,
                2.002570836155353,
                7.649028408969139
            ],
            "std_dev": [
                2.548047168775525,
                3.4491230270397955,
                1.5545310095128553
            ],
            "max_amplitude": 0.3949968173049067,
            "active_dims": [
                0,
                1,
                2
            ]
        },
        {
            "type": "Gaussian",
            "mean": [
                8.271974355392551
            ],
            "std_dev": [
                0.9688283954899218
            ],
            "max_amplitude": 0.24214009403851502,
            "active_dims": [
                0
            ]
        }
    ],
    "stats": {
        "energy": 564666381.8138089,
        "bandwidth": 27,
        "mean": 0.32709928735716903,
        "std": 0.17568169962447458,
        "pct_over_06": 0.09121875,
        "pct_over_08": 0.018578125
    }
}