{
    "functions": [
        {
            "type": "StaticHypercube",
            "dimensions": [
                [
                    5.248104421081815,
                    9.871883313963107
                ],
                [
                    3.9886302763107473,
                    7.302740512911685
                ],
                [
                    3.716000693442968,
                    8.072280605924853
                ]
            ],
            "static_value": 0.2755945091083228,
            "active_dims": [
                0,
                1,
                2
            ]
        },
        {
            "type": "Gaussian",
            "mean": [
                2.4908191763745635,
                7.3705284720883535
            ],
            "std_dev": [
                3.413201409742694,
                2.993983896657598
            ],
            "max_amplitude": 0.22146200453553422,
            "active_dims": [
                0,
                2
            ]
        },
        {
            "type": "Sinus",
            "amplitudes": [
                0.06814245913796566,
                0.058736352025946244,
                0.18980138926275744
            ],
            "frequencies": [
                0.17465125078301996,
                0.9475190286570123,
                1.5007412551079684
            ],
            "weight_vectors": [
                [
                    0.2564911653263541,
                    0.30975315492948274
                ],
                [
                    0.6216013804930501,
                    0.9985158182739252
                ],
                [
                    0.6346018798565146,
                    0.45188493569099
                ]
            ],
            "phases": [
                0.9904676825872997,
                1.1278449622044868,
                2.0752379429355727
            ],
            "offset": -0.1092311857105258,
            "bounds": [
                [
                    0.8168033861403847,
                    4.618487596303151
                ],
                [
                    2.194621601420953,
                    3.6637989516163807
                ]
            ],
            "minimum_value": 0.0,
            "active_dims": [
                1,
                2
            ]
        },
        {
            "type": "Gaussian",
            "mean": [
                7.386980314347129
            ],
            "std_dev": [
                1.350209349540935
            ],
            "max_amplitude": 0.10524417392544748,
            "active_dims": [
                2
            ]
        },
        {
            "type": "StaticHypercube",
            "dimensions": [
                [
                    1.004231756253286,
                    2.133261749762811
                ],
                [
                    2.1047401471473663,
                    5.465602618664818
                ],
                [
                    0.19630561210608952,
                    2.7393783942844325
                ]
            ],
            "static_value": 0.1497763772382022,
            "active_dims": [
                0,
                1,
                2
            ]
        },
        {
            "type": "Ramp",
            "coeff": [
                1.3974368244825817
            ],
            "min_value": 0.1087759317766893,
            "max_value": 0.24429217201744113,
            "bounds": [
                [
                    3.2200765252243735,
                    6.8356866391169095
                ]
            ],
            "active_dims": [
                0
            ]
        },
        {
            "type": "StaticHypercube",
            "dimensions": [
                [
                    7.128758648806478,
                    7.236309395113604
                ],
                [
                    4.760049513336207,
                    7.6155868310045305
                ]
            ],
            "static_value": 0.03981764143126514,
            "active_dims": [
                0,
                1
            ]
        },
        {
            "type": "Gaussian",
            "mean": [
                7.183884779807684
            ],
            "std_dev": [
                2.5968408019984937
            ],
            "max_amplitude": 0.16099342010063358,
            "active_dims": [
                2
            ]
        },
        {
            "type": "Gaussian",
            "mean": [
                1.8439148825929008,
                4.935361802869283
            ],
            "std_dev": [
                3.914918015044109,
                2.655691187503379
            ],
            "max_amplitude": 0.19141054779278543,
            "active_dims": [
                1,
                2
            ]
        }
    ],
    "stats": {
        "energy": 725285455.1150204,
        "bandwidth": 6,
        "mean": 0.36609693941757343,
        "std": 0.20747210719582534,
        "pct_over_06": 0.14909375,
        "pct_over_08": 0.018390625
    }
}