{
    "functions": [
        {
            "type": "Sinus",
            "amplitudes": [
                0.05700804529689239,
                0.16884127988420683
            ],
            "frequencies": [
                1.0682637462415003,
                1.831513723470311
            ],
            "weight_vectors": [
                [
                    0.374493466299222
                ],
                [
                    0.9802786257016373
                ]
            ],
            "phases": [
                4.176734764726418,
                2.6179875623094113
            ],
            "offset": -0.010381630844101692,
            "bounds": [
                [
                    3.2419159355900806,
                    7.847249998869033
                ]
            ],
            "minimum_value": 0.0,
            "active_dims": [
                2
            ]
        },
        {
            "type": "StaticHypercube",
            "dimensions": [
                [
                    2.726305426814019,
                    6.609214411705697
                ],
                [
                    0.24243939354409902,
                    2.594560213243857
                ],
                [
                    0.8632030664292536,
                    7.049077899548462
                ]
            ],
            "static_value": 0.11607505652769019,
            "active_dims": [
                0,
                1,
                2
            ]
        },
        {
            "type": "StaticHypercube",
            "dimensions": [
                [
                    1.976895207580903,
                    6.2547305261013
                ],
                [
                    3.2037844797025814,
                    7.29532633844164
                ],
                [
                    0.7542110749356618,
                    8.706937915183035
                ]
            ],
            "static_value": 0.09288403763472865,
            "active_dims": [
                0,
                1,
                2
            ]
        },
        {
            "type": "Sinus",
            "amplitudes": [
                0.19820378762212146,
                0.07429704833716043
            ],
            "frequencies": [
                0.3077711160474489,
                1.321191034200359
            ],
            "weight_vectors": [
                [
                    0.143766646834241,
                    0.21204550848819737,
                    0.6949252092195523
                ],
                [
                    0.9728519271886215,
                    0.4266911109870166,
                    0.43863312506183894
                ]
            ],
            "phases": [
                3.302216170050791,
                2.463074675708476
            ],
            "offset": -0.07969895782999888,
            "bounds": [
                [
                    1.59674866125932,
                    2.6815856570738896
                ],
                [
                    1.5945504391890086,
                    6.860942081765686
                ],
                [
                    4.052360174672,
                    7.940613220127995
                ]
            ],
            "minimum_value": 0.0,
            "active_dims": [
                0,
                1,
                2
            ]
        },
        {
            "type": "StaticHypercube",
            "dimensions": [
                [
                    1.6987009916701379,
                    6.080718128460291
                ],
                [
                    1.0350192285001236,
                    3.098565101287722
                ]
            ],
            "static_value": 0.07281423272896613,
            "active_dims": [
                0,
                1
            ]
        },
        {
            "type": "Ramp",
            "coeff": [
                0.3549655618913379
            ],
            "min_value": 0.126430936495078,
            "max_value": 0.26416797326238284,
            "bounds": [
                [
                    6.957904162681642,
                    9.209890846758706
                ]
            ],
            "active_dims": [
                1
            ]
        },
        {
            "type": "Ramp",
            "coeff": [
                1.2838956003832809,
                1.9284441905653968
            ],
            "min_value": 0.014829772858322028,
            "max_value": 0.07791236553637422,
            "bounds": [
                [
                    1.6648769821909588,
                    5.814199638019332
                ],
                [
                    1.918624039675437,
                    7.119195159043908
                ]
            ],
            "active_dims": [
                0,
                1
            ]
        },
        {
            "type": "StaticHypercube",
            "dimensions": [
                [
                    4.484932341922079,
                    8.790118141196704
                ]
            ],
            "static_value": 0.14011920170466358,
            "active_dims": [
                0
            ]
        },
        {
            "type": "Sinus",
            "amplitudes": [
                0.09299671450963784,
                0.03975204041432274,
                0.1617942573289721,
                0.17491262372424266,
                0.07851489383366606
            ],
            "frequencies": [
                1.413316359295467,
                1.0463561710600648,
                0.9959775899299043,
                1.6213831699790042,
                1.080899178597623
            ],
            "weight_vectors": [
                [
                    0.04295504002216188
                ],
                [
                    0.08991028107774202
                ],
                [
                    0.7904260707423578
                ],
                [
                    0.6380097258384078
                ],
                [
                    0.34084264835083045
                ]
            ],
            "phases": [
                3.479756686050245,
                1.0983305189709336,
                3.144536082988917,
                2.414328562805182,
                3.508423462938676
            ],
            "offset": 0.1375809414771609,
            "bounds": [
                [
                    2.564919465420203,
                    5.813717145204842
                ]
            ],
            "minimum_value": 0.0,
            "active_dims": [
                0
            ]
        }
    ],
    "stats": {
        "energy": 361764192.7979093,
        "bandwidth": 25,
        "mean": 0.20744148877281302,
        "std": 0.21281298096690665,
        "pct_over_06": 0.089578125,
        "pct_over_08": 0.012078125
    }
}