{
    "functions": [
        {
            "type": "Gaussian",
            "mean": [
                2.7594881602881003,
                5.043162912720945,
                0.11264837116613413
            ],
            "std_dev": [
                2.348708662130863,
                3.9261192189381333,
                1.98501922365953
            ],
            "max_amplitude": 0.3007644437906396,
            "active_dims": [
                0,
                1,
                2
            ]
        },
        {
            "type": "Sinus",
            "amplitudes": [
                0.4743127995502004,
                0.0806375050653906,
                0.2002259276657275,
                0.3124090007530501,
                0.25326068842237615
            ],
            "frequencies": [
                0.7144482758172441,
                0.41248105701797033,
                0.3369566524877269,
                1.0600228583078077,
                0.50421999922133
            ],
            "weight_vectors": [
                [
                    0.2511300020650048,
                    0.4361622412042425
                ],
                [
                    0.8251410816019913,
                    0.6369874857059379
                ],
                [
                    0.823006595609082,
                    0.28336614285913253
                ],
                [
                    0.4507293191673649,
                    0.1748522179179871
                ],
                [
                    0.04499599974025348,
                    0.6661224241001631
                ]
            ],
            "phases": [
                0.4278144377376052,
                0.8409387339530646,
                4.6814667433167765,
                5.919938492134681,
                5.3608810812295715
            ],
            "offset": 0.16337543413837152,
            "bounds": [
                [
                    6.974964984336267,
                    9.296474138394451
                ],
                [
                    7.092919810645336,
                    9.043928020326051
                ]
            ],
            "minimum_value": 0.0,
            "active_dims": [
                0,
                2
            ]
        },
        {
            "type": "Gaussian",
            "mean": [
                6.861772894941689,
                9.27276337101904
            ],
            "std_dev": [
                3.134866691298657,
                1.6936448127175845
            ],
            "max_amplitude": 0.32220670283556996,
            "active_dims": [
                1,
                2
            ]
        },
        {
            "type": "Gaussian",
            "mean": [
                8.310120377574174,
                5.907491344618751,
                4.240193812597753
            ],
            "std_dev": [
                3.989459431070652,
                0.4630650474404565,
                2.4179915568792953
            ],
            "max_amplitude": 0.19107744347941635,
            "active_dims": [
                0,
                1,
                2
            ]
        },
        {
            "type": "Sinus",
            "amplitudes": [
                0.2916610817041507,
                0.4524108634270289,
                0.11729784340247412,
                0.5111023106117869,
                0.23014644145338078
            ],
            "frequencies": [
                1.929390126338657,
                0.3456413904623602,
                1.2014568010571431,
                0.6580165051682272,
                0.1341787996266793
            ],
            "weight_vectors": [
                [
                    0.8144134964097818
                ],
                [
                    0.3094150769824373
                ],
                [
                    0.044345001064540424
                ],
                [
                    0.024860008605800843
                ],
                [
                    0.35505278689041087
                ]
            ],
            "phases": [
                0.8405203212643805,
                5.56406109576078,
                0.41602733149593935,
                5.160945108767914,
                1.7634312353015855
            ],
            "offset": -0.29078848303789834,
            "bounds": [
                [
                    1.96863114166343,
                    3.062315475916723
                ]
            ],
            "minimum_value": 0.0,
            "active_dims": [
                1
            ]
        },
        {
            "type": "StaticHypercube",
            "dimensions": [
                [
                    1.2191755014231205,
                    4.218777826407503
                ],
                [
                    4.686183882931068,
                    7.358736990684187
                ]
            ],
            "static_value": 0.15868149630099074,
            "active_dims": [
                0,
                2
            ]
        },
        {
            "type": "StaticHypercube",
            "dimensions": [
                [
                    0.03134104180327305,
                    1.8076225703298843
                ],
                [
                    1.8402454034852638,
                    2.8595449980660916
                ]
            ],
            "static_value": 0.6289094336245786,
            "active_dims": [
                0,
                2
            ]
        },
        {
            "type": "Gaussian",
            "mean": [
                5.577692145279791
            ],
            "std_dev": [
                1.3335474785351158
            ],
            "max_amplitude": 0.24029061792370562,
            "active_dims": [
                0
            ]
        },
        {
            "type": "Ramp",
            "coeff": [
                1.7722618029513415
            ],
            "min_value": 0.04820684116791269,
            "max_value": 0.16916913098567468,
            "bounds": [
                [
                    1.2162643454402036,
                    3.4985567331847376
                ]
            ],
            "active_dims": [
                1
            ]
        }
    ],
    "stats": {
        "energy": 317008792.3420355,
        "bandwidth": 92,
        "mean": 0.2292370396889736,
        "std": 0.1576232988092678,
        "pct_over_06": 0.0193125,
        "pct_over_08": 0.010375
    }
}