{
    "functions": [
        {
            "type": "Sinus",
            "amplitudes": [
                0.1535753433140328,
                0.027955731925090068,
                0.06013609864408062,
                0.06718604777917582,
                0.11294239032506113
            ],
            "frequencies": [
                1.05892008347601,
                0.3678911546319782,
                1.8941192934105775,
                1.6221738279838662,
                1.6057619831256906
            ],
            "weight_vectors": [
                [
                    0.9074581811183948
                ],
                [
                    0.6117475525805
                ],
                [
                    0.8398450535188905
                ],
                [
                    0.5800428862641496
                ],
                [
                    0.8851397475974746
                ]
            ],
            "phases": [
                0.4844102342497294,
                1.1617907257908644,
                4.67386972737568,
                1.9723631995581017,
                0.7882400722045307
            ],
            "offset": 0.12841413408004226,
            "bounds": [
                [
                    2.6510854031481133,
                    5.3333648666253275
                ]
            ],
            "minimum_value": 0.0,
            "active_dims": [
                1
            ]
        },
        {
            "type": "Gaussian",
            "mean": [
                0.9457366969945968,
                7.429119789445417
            ],
            "std_dev": [
                1.6932318161519948,
                3.7800866909008843
            ],
            "max_amplitude": 0.06968219772732681,
            "active_dims": [
                1,
                2
            ]
        },
        {
            "type": "StaticHypercube",
            "dimensions": [
                [
                    8.742711685754491,
                    9.89659685130832
                ],
                [
                    5.98631720517931,
                    9.200722863870551
                ],
                [
                    1.1206212084987963,
                    3.939669417971888
                ]
            ],
            "static_value": 0.14749873530251656,
            "active_dims": [
                0,
                1,
                2
            ]
        },
        {
            "type": "Ramp",
            "coeff": [
                0.11940856799521482
            ],
            "min_value": 0.07432638730075841,
            "max_value": 0.10636422908445414,
            "bounds": [
                [
                    4.144861336758561,
                    5.891113961861016
                ]
            ],
            "active_dims": [
                1
            ]
        },
        {
            "type": "Sinus",
            "amplitudes": [
                0.21136385732160717
            ],
            "frequencies": [
                0.48336567396825547
            ],
            "weight_vectors": [
                [
                    0.3517517694886536,
                    0.5967396384263367
                ]
            ],
            "phases": [
                0.7413306495349367
            ],
            "offset": -0.04891053374574117,
            "bounds": [
                [
                    1.1859813016964342,
                    7.023048651257281
                ],
                [
                    0.8790451952840079,
                    7.400625923814613
                ]
            ],
            "minimum_value": 0.0,
            "active_dims": [
                0,
                1
            ]
        },
        {
            "type": "Gaussian",
            "mean": [
                3.5596550635933033
            ],
            "std_dev": [
                3.357340187253061
            ],
            "max_amplitude": 0.20042504281214024,
            "active_dims": [
                2
            ]
        },
        {
            "type": "Sinus",
            "amplitudes": [
                0.23083710697838125,
                0.14541159264019854,
                0.11757137624668668,
                0.18803437415132482,
                0.22412098131588593
            ],
            "frequencies": [
                0.8573189801019088,
                0.34410053102849547,
                1.5073824856025968,
                0.5554777347754446,
                1.1460097682931507
            ],
            "weight_vectors": [
                [
                    0.03161042226254818
                ],
                [
                    0.46976157205708247
                ],
                [
                    0.5584573587283316
                ],
                [
                    0.1330685804631242
                ],
                [
                    0.8726432154330814
                ]
            ],
            "phases": [
                3.371717440756008,
                4.840956066148913,
                1.4294727806388985,
                1.9226553688503059,
                3.92879118189473
            ],
            "offset": -0.03106507488186093,
            "bounds": [
                [
                    4.135558777307982,
                    6.21482240996186
                ]
            ],
            "minimum_value": 0.0,
            "active_dims": [
                2
            ]
        },
        {
            "type": "Gaussian",
            "mean": [
                9.352922079814096,
                8.794263527143135
            ],
            "std_dev": [
                3.480801494687338,
                2.7030939076191647
            ],
            "max_amplitude": 0.18103283945404444,
            "active_dims": [
                0,
                1
            ]
        },
        {
            "type": "Gaussian",
            "mean": [
                3.0281348409599773
            ],
            "std_dev": [
                3.3545153416888125
            ],
            "max_amplitude": 0.15186475214370934,
            "active_dims": [
                2
            ]
        }
    ],
    "stats": {
        "energy": 699823346.063892,
        "bandwidth": 7,
        "mean": 0.3841082243965984,
        "std": 0.15269636881249754,
        "pct_over_06": 0.084734375,
        "pct_over_08": 0.01465625
    }
}