{
    "functions": [
        {
            "type": "Sinus",
            "amplitudes": [
                0.26166616409627935,
                0.20308369207516588
            ],
            "frequencies": [
                1.9438923702058495,
                0.3246546976846175
            ],
            "weight_vectors": [
                [
                    0.05119722556522721,
                    0.1034972386742985
                ],
                [
                    0.7559105924303882,
                    0.3486381040029026
                ]
            ],
            "phases": [
                4.52742647969313,
                0.27100803503005977
            ],
            "offset": 0.023483487190822865,
            "bounds": [
                [
                    4.252718405034318,
                    7.451684777670092
                ],
                [
                    2.993839254683724,
                    4.213800580956267
                ]
            ],
            "minimum_value": 0.0,
            "active_dims": [
                0,
                1
            ]
        },
        {
            "type": "Gaussian",
            "mean": [
                0.01604098316906777,
                5.0115830963500585
            ],
            "std_dev": [
                1.6934095293674618,
                3.303927212897712
            ],
            "max_amplitude": 0.2152665120111069,
            "active_dims": [
                1,
                2
            ]
        },
        {
            "type": "Ramp",
            "coeff": [
                0.0464171082072482,
                1.8906724689080587
            ],
            "min_value": 0.005349074561837772,
            "max_value": 0.2114375784358737,
            "bounds": [
                [
                    3.7484814093833396,
                    7.040761392027486
                ],
                [
                    5.929682369394825,
                    8.337273056747737
                ]
            ],
            "active_dims": [
                1,
                2
            ]
        },
        {
            "type": "Sinus",
            "amplitudes": [
                0.3908814663975277
            ],
            "frequencies": [
                1.0367858722444412
            ],
            "weight_vectors": [
                [
                    0.5623698833335699
                ]
            ],
            "phases": [
                4.849881941957232
            ],
            "offset": -0.055676000227663745,
            "bounds": [
                [
                    3.7699385694692436,
                    7.848179937228064
                ]
            ],
            "minimum_value": 0.0,
            "active_dims": [
                2
            ]
        },
        {
            "type": "Sinus",
            "amplitudes": [
                0.2116944674201267,
                0.20338666515876475,
                0.19638905884843577,
                0.12160028259708962,
                0.07723985521067533
            ],
            "frequencies": [
                0.9827437573661815,
                1.2028423775214132,
                1.1233758997249348,
                1.6069964434218784,
                1.372612561238933
            ],
            "weight_vectors": [
                [
                    0.3003847828524294,
                    0.5614838992307838
                ],
                [
                    0.536410283392891,
                    0.311495907428753
                ],
                [
                    0.9479701963830869,
                    0.11624888363065145
                ],
                [
                    0.7385514976147214,
                    0.3231333115966729
                ],
                [
                    0.0201356213972258,
                    0.5498025427293464
                ]
            ],
            "phases": [
                4.961962158923077,
                4.865348251347153,
                3.182996196078375,
                4.908225512773477,
                0.34068185440650806
            ],
            "offset": 0.18181996306618536,
            "bounds": [
                [
                    1.64007326818201,
                    3.950697379322993
                ],
                [
                    3.901536905612016,
                    7.663572111222605
                ]
            ],
            "minimum_value": 0.0,
            "active_dims": [
                0,
                2
            ]
        },
        {
            "type": "Gaussian",
            "mean": [
                7.018291617969289,
                5.800243033413341,
                4.58193045561063
            ],
            "std_dev": [
                2.2473261454399855,
                3.241207597596891,
                0.5401219940732876
            ],
            "max_amplitude": 0.1476317796472455,
            "active_dims": [
                0,
                1,
                2
            ]
        },
        {
            "type": "Ramp",
            "coeff": [
                1.9092129905734005,
                1.9316971319711962
            ],
            "min_value": 0.09210618111435045,
            "max_value": 0.22297526223874797,
            "bounds": [
                [
                    0.6684474396814197,
                    5.334236351151458
                ],
                [
                    2.3537173529052495,
                    8.336241932305263
                ]
            ],
            "active_dims": [
                0,
                2
            ]
        },
        {
            "type": "Sinus",
            "amplitudes": [
                0.16792997714283112,
                0.1891096884817406
            ],
            "frequencies": [
                0.9387097304773849,
                0.2878718392699203
            ],
            "weight_vectors": [
                [
                    0.64789522403755,
                    0.30247734562533557
                ],
                [
                    0.6353423540962861,
                    0.6985776408095401
                ]
            ],
            "phases": [
                0.23814179095270807,
                4.442714697576626
            ],
            "offset": -0.001981962107842559,
            "bounds": [
                [
                    4.7698557231238015,
                    8.088048099138495
                ],
                [
                    1.1457194088492748,
                    6.95813905908149
                ]
            ],
            "minimum_value": 0.0,
            "active_dims": [
                0,
                1
            ]
        },
        {
            "type": "StaticHypercube",
            "dimensions": [
                [
                    9.287294064792796,
                    9.652144656999353
                ]
            ],
            "static_value": 0.06578554816311051,
            "active_dims": [
                2
            ]
        }
    ],
    "stats": {
        "energy": 258137273.38595644,
        "bandwidth": 166,
        "mean": 0.16715192844368967,
        "std": 0.18730197029876358,
        "pct_over_06": 0.035328125,
        "pct_over_08": 0.003609375
    }
}