{
    "functions": [
        {
            "type": "Gaussian",
            "mean": [
                3.703460581424567,
                8.969785970113666,
                3.0180455494827663
            ],
            "std_dev": [
                1.336118712163991,
                3.8972513890886997,
                3.2954055839998886
            ],
            "max_amplitude": 0.18359240840001362,
            "active_dims": [
                0,
                1,
                2
            ]
        },
        {
            "type": "Sinus",
            "amplitudes": [
                0.22847137309653387,
                0.06643003281945467,
                0.2007490658896459,
                0.22125155076194986
            ],
            "frequencies": [
                0.8978809147259357,
                0.733592692533663,
                1.0089141198966447,
                1.114207827517298
            ],
            "weight_vectors": [
                [
                    0.8058012285531693,
                    0.569123814860586,
                    0.8375700713089828
                ],
                [
                    0.5505732931853053,
                    0.9963074595288792,
                    0.048628462316275156
                ],
                [
                    0.3572042101828993,
                    0.30010688514463757,
                    0.7444628904479262
                ],
                [
                    0.6708436245724578,
                    0.4938426104308432,
                    0.3717834895959312
                ]
            ],
            "phases": [
                0.2181432908502433,
                5.874814444914393,
                3.1963271079594566,
                3.0381491583583364
            ],
            "offset": 0.1938556239745585,
            "bounds": [
                [
                    1.7890589441043796,
                    2.96903415290797
                ],
                [
                    4.4364420948819205,
                    8.088145051733736
                ],
                [
                    4.035888730871505,
                    9.204193490972735
                ]
            ],
            "minimum_value": 0.0,
            "active_dims": [
                0,
                1,
                2
            ]
        },
        {
            "type": "StaticHypercube",
            "dimensions": [
                [
                    0.3820115145699196,
                    4.121401869278578
                ]
            ],
            "static_value": 0.17035590043776008,
            "active_dims": [
                2
            ]
        },
        {
            "type": "Gaussian",
            "mean": [
                2.614115205411933,
                5.523478085807648,
                7.028565587474493
            ],
            "std_dev": [
                1.3301027766957851,
                2.8566780508244918,
                3.912917954285526
            ],
            "max_amplitude": 0.030200036593079772,
            "active_dims": [
                0,
                1,
                2
            ]
        },
        {
            "type": "StaticHypercube",
            "dimensions": [
                [
                    3.7526653205538616,
                    8.681184347320416
                ]
            ],
            "static_value": 0.2227157455461317,
            "active_dims": [
                1
            ]
        },
        {
            "type": "Ramp",
            "coeff": [
                1.1605579669656136,
                0.6696291399118706
            ],
            "min_value": 0.15060918790750616,
            "max_value": 0.34990284387600107,
            "bounds": [
                [
                    7.187462473108497,
                    8.60371787907862
                ],
                [
                    0.07630308968247398,
                    3.1489713902453387
                ]
            ],
            "active_dims": [
                0,
                1
            ]
        },
        {
            "type": "StaticHypercube",
            "dimensions": [
                [
                    3.4987874513450192,
                    4.675659742675922
                ],
                [
                    6.605308296651996,
                    9.768210765222445
                ],
                [
                    1.5741499068179794,
                    3.148565651292393
                ]
            ],
            "static_value": 0.16507952914357474,
            "active_dims": [
                0,
                1,
                2
            ]
        },
        {
            "type": "Sinus",
            "amplitudes": [
                0.07146954643693929,
                0.2751488260080347,
                0.3666879601070705,
                0.24839482425414586,
                0.2917895725966391
            ],
            "frequencies": [
                0.5122367978063652,
                0.455611828663652,
                1.542969059701859,
                0.9188653184786284,
                0.6412288030457903
            ],
            "weight_vectors": [
                [
                    0.0005190763306612833,
                    0.6465394056227037
                ],
                [
                    0.0807288217982517,
                    0.2973056394541477
                ],
                [
                    0.8769707070969347,
                    0.4763513176744548
                ],
                [
                    0.9846533020284411,
                    0.6679669185253134
                ],
                [
                    0.6768538527495522,
                    0.3409540960216234
                ]
            ],
            "phases": [
                3.6438508959372578,
                2.63784984010196,
                0.7035537611190399,
                6.170048437890721,
                4.244695143623361
            ],
            "offset": -0.10502535500695762,
            "bounds": [
                [
                    4.685326319182375,
                    7.034744092387215
                ],
                [
                    0.33742166764861026,
                    2.9228812215900017
                ]
            ],
            "minimum_value": 0.0,
            "active_dims": [
                0,
                2
            ]
        },
        {
            "type": "Gaussian",
            "mean": [
                4.41841877906537,
                1.0460676254138812
            ],
            "std_dev": [
                1.7571858518360168,
                2.540503460687179
            ],
            "max_amplitude": 0.29183604780436556,
            "active_dims": [
                0,
                2
            ]
        }
    ],
    "stats": {
        "energy": 426490524.7175885,
        "bandwidth": 25,
        "mean": 0.2665341523299492,
        "std": 0.18188790202453095,
        "pct_over_06": 0.037390625,
        "pct_over_08": 0.005828125
    }
}