{
    "functions": [
        {
            "type": "Gaussian",
            "mean": [
                8.753931251366351
            ],
            "std_dev": [
                1.660325899619236
            ],
            "max_amplitude": 0.12923864660929796,
            "active_dims": [
                2
            ]
        },
        {
            "type": "Sinus",
            "amplitudes": [
                0.20277506683224075,
                0.16110870973163238,
                0.11595003894968268,
                0.14998657449828112
            ],
            "frequencies": [
                0.5949651418461938,
                1.8273444203424372,
                0.425163571201427,
                0.8568061261110347
            ],
            "weight_vectors": [
                [
                    0.27053436284798016,
                    0.7046625117418175
                ],
                [
                    0.554543142874807,
                    0.649468086295103
                ],
                [
                    0.736682270240654,
                    0.6529368446781891
                ],
                [
                    0.2564551452368936,
                    0.4855725408650715
                ]
            ],
            "phases": [
                2.8682144509790173,
                3.457027423506758,
                2.3658598503054176,
                5.5922330805279215
            ],
            "offset": -0.02650292620361098,
            "bounds": [
                [
                    4.38571167192162,
                    7.208563361790727
                ],
                [
                    0.9038221285643652,
                    5.205586130716301
                ]
            ],
            "minimum_value": 0.0,
            "active_dims": [
                0,
                2
            ]
        },
        {
            "type": "StaticHypercube",
            "dimensions": [
                [
                    4.727105419384419,
                    6.12026985739179
                ],
                [
                    1.768460322944543,
                    9.480053487792716
                ]
            ],
            "static_value": 0.07113092974341659,
            "active_dims": [
                0,
                1
            ]
        },
        {
            "type": "Ramp",
            "coeff": [
                1.94407953889792,
                1.5812406883688825,
                1.7012308610044518
            ],
            "min_value": 0.17239184855392967,
            "max_value": 0.23684905442509296,
            "bounds": [
                [
                    0.07919337579214267,
                    3.8810749854977833
                ],
                [
                    1.1070120134135815,
                    2.9425122487308863
                ],
                [
                    3.344510209637757,
                    7.478274799541735
                ]
            ],
            "active_dims": [
                0,
                1,
                2
            ]
        },
        {
            "type": "Sinus",
            "amplitudes": [
                0.3335753032745845,
                0.23208765830333003,
                0.1166765964349472,
                0.31500974941814175,
                0.2206492742186735
            ],
            "frequencies": [
                0.6378440803347688,
                1.9585120187343947,
                1.471710101912869,
                1.8639937226164554,
                1.7400809315806853
            ],
            "weight_vectors": [
                [
                    0.7885613129853337
                ],
                [
                    0.6624618235361648
                ],
                [
                    0.8024907630617135
                ],
                [
                    0.6940056295832768
                ],
                [
                    0.27646626728079327
                ]
            ],
            "phases": [
                3.3841539080121894,
                4.151183480563271,
                1.193439522734831,
                3.6021227087587535,
                1.6495941386218878
            ],
            "offset": -0.056601901125619095,
            "bounds": [
                [
                    0.06004637737807223,
                    6.3810031212340315
                ]
            ],
            "minimum_value": 0.0,
            "active_dims": [
                2
            ]
        },
        {
            "type": "Sinus",
            "amplitudes": [
                0.17102791344976592
            ],
            "frequencies": [
                0.8863007182323533
            ],
            "weight_vectors": [
                [
                    0.6632807309340308
                ]
            ],
            "phases": [
                3.8066132402941375
            ],
            "offset": 0.0530909464179694,
            "bounds": [
                [
                    6.548990017274397,
                    9.696022373024475
                ]
            ],
            "minimum_value": 0.0,
            "active_dims": [
                0
            ]
        },
        {
            "type": "Ramp",
            "coeff": [
                0.5287695804672032
            ],
            "min_value": 0.056317859046808035,
            "max_value": 0.25630310614337165,
            "bounds": [
                [
                    2.172339888031145,
                    6.103410536426175
                ]
            ],
            "active_dims": [
                1
            ]
        },
        {
            "type": "Sinus",
            "amplitudes": [
                0.19296548493787924,
                0.13906599833585537
            ],
            "frequencies": [
                1.3852008573949095,
                1.4568221510816823
            ],
            "weight_vectors": [
                [
                    0.7987155682593527
                ],
                [
                    0.5206968537996138
                ]
            ],
            "phases": [
                2.686666244856082,
                1.3660312432185324
            ],
            "offset": -0.10228220487626564,
            "bounds": [
                [
                    8.557740790680395,
                    9.102697891754826
                ]
            ],
            "minimum_value": 0.0,
            "active_dims": [
                0
            ]
        },
        {
            "type": "Gaussian",
            "mean": [
                8.016313178702875,
                8.604077816664024
            ],
            "std_dev": [
                3.6953955554562063,
                2.1242641842083407
            ],
            "max_amplitude": 0.22122586398943608,
            "active_dims": [
                0,
                1
            ]
        }
    ],
    "stats": {
        "energy": 468980611.31935537,
        "bandwidth": 35,
        "mean": 0.27273022716544715,
        "std": 0.20028839894180872,
        "pct_over_06": 0.080875,
        "pct_over_08": 0.014171875
    }
}