{
    "functions": [
        {
            "type": "Ramp",
            "coeff": [
                0.49650525606667184
            ],
            "min_value": 0.011157720333300813,
            "max_value": 0.14030514076250866,
            "bounds": [
                [
                    1.0778042235568657,
                    3.05492086121545
                ]
            ],
            "active_dims": [
                1
            ]
        },
        {
            "type": "Sinus",
            "amplitudes": [
                0.19720691276113322,
                0.22872832214625888
            ],
            "frequencies": [
                0.15210145579055273,
                1.4991513652582662
            ],
            "weight_vectors": [
                [
                    0.34876405794676524,
                    0.6060672334018198
                ],
                [
                    0.45226011162861357,
                    0.44881767634421543
                ]
            ],
            "phases": [
                6.03221747306682,
                4.293018808366422
            ],
            "offset": 0.09033635534129687,
            "bounds": [
                [
                    2.780407788709677,
                    4.812641966814851
                ],
                [
                    6.455257995916494,
                    6.973618113617453
                ]
            ],
            "minimum_value": 0.0,
            "active_dims": [
                0,
                2
            ]
        },
        {
            "type": "StaticHypercube",
            "dimensions": [
                [
                    0.4431830710867649,
                    4.743605673710589
                ],
                [
                    2.6060007802511347,
                    5.536950837515932
                ]
            ],
            "static_value": 0.25108654946699194,
            "active_dims": [
                0,
                1
            ]
        },
        {
            "type": "Sinus",
            "amplitudes": [
                0.262697074001213,
                0.1615849270336973,
                0.09542099273677307,
                0.19498676249684765
            ],
            "frequencies": [
                1.9887646160659993,
                1.7355536813311043,
                0.4578465846849338,
                0.1407740914988273
            ],
            "weight_vectors": [
                [
                    0.6343881178138377,
                    0.44320394082942727
                ],
                [
                    0.3725505242277304,
                    0.4814764593133072
                ],
                [
                    0.6644138334876447,
                    0.21694523925311227
                ],
                [
                    0.7752190909556267,
                    0.9491600655827911
                ]
            ],
            "phases": [
                4.496557943340135,
                1.490362800846573,
                2.3506852909901914,
                5.51425712881403
            ],
            "offset": 0.09977491656226871,
            "bounds": [
                [
                    1.732113779476716,
                    4.488525191356222
                ],
                [
                    2.8946391930575976,
                    3.5035285427004466
                ]
            ],
            "minimum_value": 0.0,
            "active_dims": [
                0,
                2
            ]
        },
        {
            "type": "Gaussian",
            "mean": [
                2.092738106790042
            ],
            "std_dev": [
                1.4725542484756564
            ],
            "max_amplitude": 0.19520141573919564,
            "active_dims": [
                2
            ]
        },
        {
            "type": "Gaussian",
            "mean": [
                3.1250901322763536
            ],
            "std_dev": [
                2.757221487410222
            ],
            "max_amplitude": 0.13252744008353518,
            "active_dims": [
                0
            ]
        },
        {
            "type": "Ramp",
            "coeff": [
                0.8728351274381181,
                1.2587033263598888,
                1.7619333099131527
            ],
            "min_value": 0.06020940636476211,
            "max_value": 0.22063525938567874,
            "bounds": [
                [
                    8.623738775972296,
                    9.480049032156742
                ],
                [
                    1.909545717212456,
                    3.488115103651861
                ],
                [
                    8.920316237703808,
                    9.498102816067108
                ]
            ],
            "active_dims": [
                0,
                1,
                2
            ]
        },
        {
            "type": "Ramp",
            "coeff": [
                1.4653005821484457,
                1.6006690582093575
            ],
            "min_value": 0.0785807766421097,
            "max_value": 0.15494724827632572,
            "bounds": [
                [
                    0.6398139129770962,
                    5.063034657206732
                ],
                [
                    7.407532420603156,
                    8.048152392980079
                ]
            ],
            "active_dims": [
                0,
                2
            ]
        },
        {
            "type": "Ramp",
            "coeff": [
                0.4817088317524718
            ],
            "min_value": 0.025193839831935513,
            "max_value": 0.07693540500416099,
            "bounds": [
                [
                    3.7365004575094893,
                    7.714817145801932
                ]
            ],
            "active_dims": [
                1
            ]
        }
    ],
    "stats": {
        "energy": 269841068.0099757,
        "bandwidth": 25,
        "mean": 0.21437321495947242,
        "std": 0.14114989090524588,
        "pct_over_06": 0.016171875,
        "pct_over_08": 0.0019375
    }
}