{
    "functions": [
        {
            "type": "Gaussian",
            "mean": [
                7.048751023416616,
                3.6096984151020983
            ],
            "std_dev": [
                3.1263982813209696,
                3.185494803441244
            ],
            "max_amplitude": 0.30216218325071464,
            "active_dims": [
                0,
                1
            ]
        },
        {
            "type": "Sinus",
            "amplitudes": [
                0.23383091997465438,
                0.17190582606057037,
                0.20559518291945447,
                0.14057287494042986
            ],
            "frequencies": [
                0.46578452944099447,
                1.6643803904010734,
                0.42631236736095135,
                0.4391604913938111
            ],
            "weight_vectors": [
                [
                    0.520981422017015,
                    0.6029418546501936,
                    0.17634564862286373
                ],
                [
                    0.9696096701786959,
                    0.1670825549063364,
                    0.46925749686134743
                ],
                [
                    0.520436781358134,
                    0.8004846533142359,
                    0.9847225709352139
                ],
                [
                    0.7180068377995952,
                    0.4259928577562626,
                    0.06659858097879023
                ]
            ],
            "phases": [
                3.1405295564720697,
                1.1821226424464184,
                3.8863493900225157,
                5.926976664259286
            ],
            "offset": -0.1516647468157715,
            "bounds": [
                [
                    0.2270103098579368,
                    5.311138444809209
                ],
                [
                    2.2549714321819154,
                    9.23007019887753
                ],
                [
                    7.874627868623054,
                    8.794869985231442
                ]
            ],
            "minimum_value": 0.0,
            "active_dims": [
                0,
                1,
                2
            ]
        },
        {
            "type": "Gaussian",
            "mean": [
                9.20139781244532,
                5.19140256731731
            ],
            "std_dev": [
                0.7180096806867947,
                1.6063058355150421
            ],
            "max_amplitude": 0.3049855474265261,
            "active_dims": [
                0,
                2
            ]
        },
        {
            "type": "Gaussian",
            "mean": [
                6.99895913120076
            ],
            "std_dev": [
                2.1635308310526566
            ],
            "max_amplitude": 0.1676213523901786,
            "active_dims": [
                1
            ]
        },
        {
            "type": "Ramp",
            "coeff": [
                0.984177656894353,
                1.3277078071812036
            ],
            "min_value": 0.14815881281013416,
            "max_value": 0.3228146648756944,
            "bounds": [
                [
                    3.366788596584443,
                    5.846742418249349
                ],
                [
                    1.8872097816991278,
                    9.440340927910626
                ]
            ],
            "active_dims": [
                1,
                2
            ]
        },
        {
            "type": "StaticHypercube",
            "dimensions": [
                [
                    1.7716527843311876,
                    3.4571586979915763
                ],
                [
                    2.3149023616591538,
                    3.16907811896552
                ]
            ],
            "static_value": 0.1066116908776461,
            "active_dims": [
                1,
                2
            ]
        },
        {
            "type": "StaticHypercube",
            "dimensions": [
                [
                    3.7348632890170976,
                    5.012108882072447
                ],
                [
                    3.293966201792181,
                    6.380441640511603
                ]
            ],
            "static_value": 0.14510461453338683,
            "active_dims": [
                0,
                2
            ]
        },
        {
            "type": "Gaussian",
            "mean": [
                7.248673489977434,
                2.790226290856462
            ],
            "std_dev": [
                1.1310055293377788,
                2.655650174224986
            ],
            "max_amplitude": 0.40360130868952176,
            "active_dims": [
                1,
                2
            ]
        },
        {
            "type": "Ramp",
            "coeff": [
                1.4185198116754252,
                0.8498489554700761,
                0.4256545108234375
            ],
            "min_value": 0.1107255207839856,
            "max_value": 0.28604819790131686,
            "bounds": [
                [
                    2.586660449042493,
                    4.465319035687689
                ],
                [
                    5.721874441977397,
                    9.180873410422183
                ],
                [
                    6.268393597302119,
                    6.809231159339593
                ]
            ],
            "active_dims": [
                0,
                1,
                2
            ]
        }
    ],
    "stats": {
        "energy": 626916761.5565429,
        "bandwidth": 11,
        "mean": 0.3364253369289994,
        "std": 0.19968435757865352,
        "pct_over_06": 0.135234375,
        "pct_over_08": 0.009296875
    }
}