{
    "functions": [
        {
            "type": "StaticHypercube",
            "dimensions": [
                [
                    5.538844757736236,
                    6.56416357166745
                ]
            ],
            "static_value": 0.2224046197793141,
            "active_dims": [
                1
            ]
        },
        {
            "type": "Ramp",
            "coeff": [
                0.254539873281753
            ],
            "min_value": 0.021874966943358446,
            "max_value": 0.09652065671016309,
            "bounds": [
                [
                    1.1034031218790914,
                    3.1437734272276123
                ]
            ],
            "active_dims": [
                1
            ]
        },
        {
            "type": "Gaussian",
            "mean": [
                0.8817183350118696,
                0.8416195196107101
            ],
            "std_dev": [
                3.6752203875386824,
                3.2453717370258626
            ],
            "max_amplitude": 0.23687764643471662,
            "active_dims": [
                0,
                1
            ]
        },
        {
            "type": "Sinus",
            "amplitudes": [
                0.30944628862879875,
                0.21497717542970776,
                0.08867476067500213,
                0.22573370816557753,
                0.2183766062507945
            ],
            "frequencies": [
                0.15000811351489557,
                1.6938168077116513,
                0.40320682944732333,
                0.5749240088475948,
                1.45155930420607
            ],
            "weight_vectors": [
                [
                    0.39598280977651157,
                    0.07177873119847189
                ],
                [
                    0.9992132902600324,
                    0.213694737783663
                ],
                [
                    0.15128790518452995,
                    0.27887068489772027
                ],
                [
                    0.9644456748552583,
                    0.024757954676038696
                ],
                [
                    0.11635931800504662,
                    0.8479311586357705
                ]
            ],
            "phases": [
                6.119912775149603,
                2.4123614212385984,
                1.1807141353847828,
                4.4313831871384535,
                3.8806426919499475
            ],
            "offset": -0.10822883487822435,
            "bounds": [
                [
                    1.3563040262847796,
                    4.779181827976741
                ],
                [
                    3.993899818197817,
                    8.380083082340388
                ]
            ],
            "minimum_value": 0.0,
            "active_dims": [
                0,
                2
            ]
        },
        {
            "type": "StaticHypercube",
            "dimensions": [
                [
                    5.225014722725094,
                    7.375839654548681
                ],
                [
                    3.5610672184822474,
                    6.907765486279471
                ],
                [
                    5.126041896121532,
                    7.6193391453500325
                ]
            ],
            "static_value": 0.1985528072749505,
            "active_dims": [
                0,
                1,
                2
            ]
        },
        {
            "type": "Gaussian",
            "mean": [
                4.625146345325707,
                6.987137628455759
            ],
            "std_dev": [
                1.7425113289590302,
                2.4464685238000343
            ],
            "max_amplitude": 0.4447833727410425,
            "active_dims": [
                0,
                1
            ]
        },
        {
            "type": "Ramp",
            "coeff": [
                1.320987502907116
            ],
            "min_value": 0.11369947422501187,
            "max_value": 0.22012010243737445,
            "bounds": [
                [
                    5.31867244006682,
                    7.98528624368358
                ]
            ],
            "active_dims": [
                0
            ]
        },
        {
            "type": "Gaussian",
            "mean": [
                3.0655015816521445,
                6.427321455063803
            ],
            "std_dev": [
                1.2154332689242355,
                1.9860484876770688
            ],
            "max_amplitude": 0.03501699601963575,
            "active_dims": [
                1,
                2
            ]
        },
        {
            "type": "StaticHypercube",
            "dimensions": [
                [
                    3.9628789476753727,
                    9.155480370358475
                ]
            ],
            "static_value": 0.020726444582241463,
            "active_dims": [
                0
            ]
        }
    ],
    "stats": {
        "energy": 458420783.29409343,
        "bandwidth": 15,
        "mean": 0.27290754630279823,
        "std": 0.19349575632916513,
        "pct_over_06": 0.0771875,
        "pct_over_08": 0.0103125
    }
}