{
    "functions": [
        {
            "type": "Sinus",
            "amplitudes": [
                0.13190362537719857,
                0.17680057674432278,
                0.36103194510284836
            ],
            "frequencies": [
                1.3735677349337094,
                0.298811480922441,
                1.0058606839740774
            ],
            "weight_vectors": [
                [
                    0.9795811349242726,
                    0.6473315115751984,
                    0.17912790587710048
                ],
                [
                    0.31973842855490875,
                    0.3277115486728466,
                    0.9223816790581676
                ],
                [
                    0.9633440607022936,
                    0.7248575919186359,
                    0.8776968389918175
                ]
            ],
            "phases": [
                4.910298582282377,
                6.041758340047946,
                4.9358586501066375
            ],
            "offset": 0.15673881761466074,
            "bounds": [
                [
                    5.477803917069942,
                    8.692267403270534
                ],
                [
                    1.5106378479943492,
                    2.4013739545284323
                ],
                [
                    1.3398578841915596,
                    6.294216527822336
                ]
            ],
            "minimum_value": 0.0,
            "active_dims": [
                0,
                1,
                2
            ]
        },
        {
            "type": "StaticHypercube",
            "dimensions": [
                [
                    4.936475479002446,
                    9.254984342589202
                ],
                [
                    1.8026737543551241,
                    4.828939040709244
                ]
            ],
            "static_value": 0.20427887372979514,
            "active_dims": [
                1,
                2
            ]
        },
        {
            "type": "Gaussian",
            "mean": [
                2.206130837193588,
                9.974625220225326,
                2.902897816658249
            ],
            "std_dev": [
                2.459111976299789,
                2.415873545313999,
                0.30322996068584285
            ],
            "max_amplitude": 0.22409488560611748,
            "active_dims": [
                0,
                1,
                2
            ]
        },
        {
            "type": "Gaussian",
            "mean": [
                8.02947064498056
            ],
            "std_dev": [
                0.6771557214819925
            ],
            "max_amplitude": 0.3338856919012147,
            "active_dims": [
                1
            ]
        },
        {
            "type": "Gaussian",
            "mean": [
                9.949651475792205
            ],
            "std_dev": [
                3.943501494294408
            ],
            "max_amplitude": 0.3233781349070832,
            "active_dims": [
                1
            ]
        },
        {
            "type": "Ramp",
            "coeff": [
                1.7754370213790929
            ],
            "min_value": 0.20602703966115196,
            "max_value": 0.25575955990681276,
            "bounds": [
                [
                    3.914582130246698,
                    5.218572418376185
                ]
            ],
            "active_dims": [
                0
            ]
        },
        {
            "type": "Gaussian",
            "mean": [
                8.667696465210348,
                9.358840986836006,
                8.054894759937847
            ],
            "std_dev": [
                1.9925842369836513,
                1.7519629719347505,
                2.51708392427409
            ],
            "max_amplitude": 0.31093256317151724,
            "active_dims": [
                0,
                1,
                2
            ]
        },
        {
            "type": "StaticHypercube",
            "dimensions": [
                [
                    0.39237780530919036,
                    3.603998838483361
                ],
                [
                    1.2304542804527812,
                    7.301680218719285
                ]
            ],
            "static_value": 0.35959468044327847,
            "active_dims": [
                1,
                2
            ]
        },
        {
            "type": "Ramp",
            "coeff": [
                1.812372621672026,
                0.11356248671482927
            ],
            "min_value": 0.015486096220059845,
            "max_value": 0.029731699926120975,
            "bounds": [
                [
                    1.1816050137529026,
                    8.137525494262075
                ],
                [
                    1.8503582367528502,
                    6.7990610855571605
                ]
            ],
            "active_dims": [
                0,
                1
            ]
        }
    ],
    "stats": {
        "energy": 746920643.893852,
        "bandwidth": 26,
        "mean": 0.36730527503283,
        "std": 0.21780841985264165,
        "pct_over_06": 0.150765625,
        "pct_over_08": 0.01928125
    }
}