{
    "functions": [
        {
            "type": "Sinus",
            "amplitudes": [
                0.19355981970664646,
                0.1400528427448597,
                0.16014691163897676
            ],
            "frequencies": [
                1.4773744509127573,
                1.8527034134178506,
                0.8453505086878421
            ],
            "weight_vectors": [
                [
                    0.4682686596246014,
                    0.6492075224148782
                ],
                [
                    0.14983750686767994,
                    0.9697415941205496
                ],
                [
                    0.02788108826403457,
                    0.20393324891669662
                ]
            ],
            "phases": [
                0.10913122489513243,
                0.27648095346787127,
                5.244657876245155
            ],
            "offset": 0.2171054040144589,
            "bounds": [
                [
                    2.8839017894633208,
                    6.177174761249953
                ],
                [
                    6.93277500047998,
                    9.000949292481781
                ]
            ],
            "minimum_value": 0.0,
            "active_dims": [
                0,
                1
            ]
        },
        {
            "type": "Gaussian",
            "mean": [
                8.124283635004321
            ],
            "std_dev": [
                0.7646694859202835
            ],
            "max_amplitude": 0.21335277914999234,
            "active_dims": [
                1
            ]
        },
        {
            "type": "Ramp",
            "coeff": [
                0.7523440958978078,
                1.2990872939221971
            ],
            "min_value": 0.17937577464166576,
            "max_value": 0.4306739201092287,
            "bounds": [
                [
                    6.5265364673154505,
                    7.551063880242999
                ],
                [
                    3.6467477787110325,
                    6.5392707204301175
                ]
            ],
            "active_dims": [
                0,
                1
            ]
        },
        {
            "type": "Gaussian",
            "mean": [
                7.3553115266068545
            ],
            "std_dev": [
                2.7767506777770956
            ],
            "max_amplitude": 0.24623244990767357,
            "active_dims": [
                2
            ]
        },
        {
            "type": "Gaussian",
            "mean": [
                1.623810862740015,
                8.321190291048023,
                8.638614503822792
            ],
            "std_dev": [
                3.533864045842214,
                3.020503251798733,
                1.1685014954110617
            ],
            "max_amplitude": 0.20964686205115812,
            "active_dims": [
                0,
                1,
                2
            ]
        },
        {
            "type": "Gaussian",
            "mean": [
                6.3366530473000315,
                2.343904558983474
            ],
            "std_dev": [
                2.310579219464883,
                0.10137912912422765
            ],
            "max_amplitude": 0.34553222624688124,
            "active_dims": [
                0,
                1
            ]
        },
        {
            "type": "Gaussian",
            "mean": [
                6.270574075698972,
                8.245375972310313,
                2.611490546006263
            ],
            "std_dev": [
                1.7972718507008216,
                2.852823150378059,
                2.6405607676148253
            ],
            "max_amplitude": 0.17813243347274216,
            "active_dims": [
                0,
                1,
                2
            ]
        },
        {
            "type": "Sinus",
            "amplitudes": [
                0.08891983292500347,
                0.11325749503363318,
                0.10864051567153497,
                0.11526151394722373,
                0.21967298272775662
            ],
            "frequencies": [
                1.1235611091233757,
                1.0320964543157274,
                0.9693721525623579,
                0.2529906216569591,
                0.8349158993041137
            ],
            "weight_vectors": [
                [
                    0.45227979658586714
                ],
                [
                    0.1718417338460505
                ],
                [
                    0.9808424944250398
                ],
                [
                    0.5229759236926126
                ],
                [
                    0.1409476067419606
                ]
            ],
            "phases": [
                0.5217356051109854,
                2.849024380408876,
                3.8933885759016054,
                1.3635536603542373,
                1.472058915692563
            ],
            "offset": -0.06532152779763123,
            "bounds": [
                [
                    1.4604656139040786,
                    7.489194084130332
                ]
            ],
            "minimum_value": 0.0,
            "active_dims": [
                1
            ]
        },
        {
            "type": "StaticHypercube",
            "dimensions": [
                [
                    5.431993990887605,
                    8.315416086478674
                ],
                [
                    2.9090751301731386,
                    6.0601467211615345
                ]
            ],
            "static_value": 0.13925062004111746,
            "active_dims": [
                0,
                2
            ]
        }
    ],
    "stats": {
        "energy": 671249302.4049519,
        "bandwidth": 26,
        "mean": 0.35464656869401556,
        "std": 0.19520511144311764,
        "pct_over_06": 0.10903125,
        "pct_over_08": 0.023484375
    }
}