{
    "functions": [
        {
            "type": "Gaussian",
            "mean": [
                0.07894285489217223
            ],
            "std_dev": [
                1.7460914090170752
            ],
            "max_amplitude": 0.15029253745315968,
            "active_dims": [
                2
            ]
        },
        {
            "type": "Sinus",
            "amplitudes": [
                0.18379396188376376,
                0.07810632800772045
            ],
            "frequencies": [
                1.729594883661374,
                0.6294785901297635
            ],
            "weight_vectors": [
                [
                    0.6161148559395717
                ],
                [
                    0.6202630331467252
                ]
            ],
            "phases": [
                1.1198527382091024,
                2.7170524478548312
            ],
            "offset": 0.018676869261427826,
            "bounds": [
                [
                    0.24062306973659106,
                    3.019570985965176
                ]
            ],
            "minimum_value": 0.0,
            "active_dims": [
                2
            ]
        },
        {
            "type": "Gaussian",
            "mean": [
                4.279386503708203,
                0.22777483173398005,
                5.27326908245818
            ],
            "std_dev": [
                1.3053205954738392,
                2.0964238470037886,
                1.127717185095137
            ],
            "max_amplitude": 0.08368558412543482,
            "active_dims": [
                0,
                1,
                2
            ]
        },
        {
            "type": "Sinus",
            "amplitudes": [
                0.1971784760921748,
                0.2888109153104837,
                0.14274690571308116
            ],
            "frequencies": [
                1.0893857785821646,
                0.3593546871426896,
                0.48599411126814007
            ],
            "weight_vectors": [
                [
                    0.5747546425671702
                ],
                [
                    0.5469934448811062
                ],
                [
                    0.48500242826496753
                ]
            ],
            "phases": [
                4.225255698565998,
                0.2290882278879452,
                0.6098024273369034
            ],
            "offset": 0.04421243662924754,
            "bounds": [
                [
                    7.223594409188245,
                    8.485166336353384
                ]
            ],
            "minimum_value": 0.0,
            "active_dims": [
                1
            ]
        },
        {
            "type": "Gaussian",
            "mean": [
                7.285654644226801,
                5.968491145333946,
                8.329356433261278
            ],
            "std_dev": [
                2.520861157068022,
                1.4644100419567714,
                3.7848659211529965
            ],
            "max_amplitude": 0.17360479540324783,
            "active_dims": [
                0,
                1,
                2
            ]
        },
        {
            "type": "Gaussian",
            "mean": [
                1.2516296046013087,
                7.005392846337328
            ],
            "std_dev": [
                2.479103758966641,
                3.391429478516685
            ],
            "max_amplitude": 0.1917836309871433,
            "active_dims": [
                0,
                2
            ]
        },
        {
            "type": "Gaussian",
            "mean": [
                5.5363332283806335
            ],
            "std_dev": [
                3.8304262145977135
            ],
            "max_amplitude": 0.16304757075272922,
            "active_dims": [
                1
            ]
        },
        {
            "type": "Ramp",
            "coeff": [
                1.8489465617896823
            ],
            "min_value": 0.040333059757522216,
            "max_value": 0.15888244620602085,
            "bounds": [
                [
                    0.17906752162986422,
                    2.1911014773847346
                ]
            ],
            "active_dims": [
                0
            ]
        },
        {
            "type": "StaticHypercube",
            "dimensions": [
                [
                    4.90745646808213,
                    8.576854882498555
                ],
                [
                    3.8135875578856337,
                    4.254498099646658
                ]
            ],
            "static_value": 0.14732600345682736,
            "active_dims": [
                0,
                1
            ]
        }
    ],
    "stats": {
        "energy": 553669398.661794,
        "bandwidth": 23,
        "mean": 0.32037224726486224,
        "std": 0.1803741007326897,
        "pct_over_06": 0.0755,
        "pct_over_08": 0.042703125
    }
}