{
    "functions": [
        {
            "type": "Gaussian",
            "mean": [
                8.491546368789855,
                7.501276601395819
            ],
            "std_dev": [
                0.5084701649349181,
                1.844573394977381
            ],
            "max_amplitude": 0.17017739785579564,
            "active_dims": [
                1,
                2
            ]
        },
        {
            "type": "Sinus",
            "amplitudes": [
                0.17054748727831662,
                0.2905033680443324,
                0.2178803066338245,
                0.34440982235071016
            ],
            "frequencies": [
                1.4160233477570137,
                1.8940848846389982,
                0.5733471426454824,
                1.6690739061313873
            ],
            "weight_vectors": [
                [
                    0.6173526901501136,
                    0.2954339412817528
                ],
                [
                    0.14792352678346565,
                    0.628058625778139
                ],
                [
                    0.5549629148950398,
                    0.12723088178668596
                ],
                [
                    0.3601288721404605,
                    0.004434136953942014
                ]
            ],
            "phases": [
                6.172064989016896,
                5.461529466434252,
                1.23847663149326,
                4.021506843498924
            ],
            "offset": -0.16265635502437625,
            "bounds": [
                [
                    0.833946845359899,
                    2.98944152520835
                ],
                [
                    4.377329901474854,
                    7.999831785890585
                ]
            ],
            "minimum_value": 0.0,
            "active_dims": [
                0,
                1
            ]
        },
        {
            "type": "Sinus",
            "amplitudes": [
                0.20671574792982236,
                0.2988918290649846,
                0.3678713386464838
            ],
            "frequencies": [
                1.8710082668645194,
                1.274396199287358,
                0.7406907133155114
            ],
            "weight_vectors": [
                [
                    0.5418874369881826,
                    0.6879783885439531
                ],
                [
                    0.027545506796763597,
                    0.8562673875353899
                ],
                [
                    0.37673745427325445,
                    0.22509601285162661
                ]
            ],
            "phases": [
                1.5194107369872063,
                3.3442567090325044,
                5.623488129350181
            ],
            "offset": -0.007401181024014892,
            "bounds": [
                [
                    0.9978526720913045,
                    1.7893229266247461
                ],
                [
                    4.5226114041507826,
                    7.185675805237191
                ]
            ],
            "minimum_value": 0.0,
            "active_dims": [
                1,
                2
            ]
        },
        {
            "type": "Gaussian",
            "mean": [
                9.83090895842592,
                2.2147941465078915
            ],
            "std_dev": [
                0.7104630972613181,
                2.341218658346361
            ],
            "max_amplitude": 0.28741651828020853,
            "active_dims": [
                0,
                2
            ]
        },
        {
            "type": "Gaussian",
            "mean": [
                0.5975219858220937
            ],
            "std_dev": [
                3.2621715389141808
            ],
            "max_amplitude": 0.3197313368507339,
            "active_dims": [
                1
            ]
        },
        {
            "type": "Gaussian",
            "mean": [
                7.893653079676644
            ],
            "std_dev": [
                1.9515575230720354
            ],
            "max_amplitude": 0.2458537863913604,
            "active_dims": [
                1
            ]
        },
        {
            "type": "StaticHypercube",
            "dimensions": [
                [
                    3.2765404504167206,
                    6.559044411661531
                ],
                [
                    6.586489675972545,
                    9.384555995386757
                ],
                [
                    1.703523096911803,
                    5.553004710890675
                ]
            ],
            "static_value": 0.19253236057705309,
            "active_dims": [
                0,
                1,
                2
            ]
        },
        {
            "type": "Gaussian",
            "mean": [
                5.631181689997117,
                5.572822193102068
            ],
            "std_dev": [
                0.8454068503517784,
                0.6876768841262493
            ],
            "max_amplitude": 0.2610124982813061,
            "active_dims": [
                0,
                2
            ]
        },
        {
            "type": "Sinus",
            "amplitudes": [
                0.36424986854926217,
                0.11921253658896444,
                0.11164361720730588
            ],
            "frequencies": [
                1.9450552000903478,
                1.7808755429316676,
                0.6995246921828268
            ],
            "weight_vectors": [
                [
                    0.8285339416322559
                ],
                [
                    0.6486620100852079
                ],
                [
                    0.29269656859345616
                ]
            ],
            "phases": [
                2.0167969284116656,
                2.411099781595449,
                3.3567960616713792
            ],
            "offset": 0.14718203666460644,
            "bounds": [
                [
                    6.390387858332519,
                    9.513126601686313
                ]
            ],
            "minimum_value": 0.0,
            "active_dims": [
                2
            ]
        }
    ],
    "stats": {
        "energy": 559642143.8600638,
        "bandwidth": 57,
        "mean": 0.33934456762610093,
        "std": 0.14654912896701408,
        "pct_over_06": 0.071375,
        "pct_over_08": 0.016703125
    }
}