{
    "functions": [
        {
            "type": "StaticHypercube",
            "dimensions": [
                [
                    3.157566348666213,
                    8.758723606000542
                ],
                [
                    4.122219219438174,
                    4.786754524882309
                ],
                [
                    4.900802838208538,
                    8.081362578970756
                ]
            ],
            "static_value": 0.41003497712331166,
            "active_dims": [
                0,
                1,
                2
            ]
        },
        {
            "type": "Ramp",
            "coeff": [
                1.1210706718154593,
                1.1501121242828531,
                0.1188794055444149
            ],
            "min_value": 0.02256444514568241,
            "max_value": 0.16349956458199613,
            "bounds": [
                [
                    3.1523218182938852,
                    6.848286573392599
                ],
                [
                    2.1268420366347125,
                    7.562579861625741
                ],
                [
                    4.022096900015376,
                    5.27336160454767
                ]
            ],
            "active_dims": [
                0,
                1,
                2
            ]
        },
        {
            "type": "Sinus",
            "amplitudes": [
                0.5636328162703884,
                0.3086440845083868,
                0.34843235840182485,
                0.2236106872788381,
                0.2120522174625309
            ],
            "frequencies": [
                0.8076670349765787,
                1.2746599790157433,
                0.9700121242009679,
                0.11269507549675517,
                1.8633987203253923
            ],
            "weight_vectors": [
                [
                    0.6301354881814941,
                    0.9854612778811569
                ],
                [
                    0.46043654917950816,
                    0.35562851438717946
                ],
                [
                    0.9585894512196765,
                    0.21660150279879786
                ],
                [
                    0.8000641922093331,
                    0.87851731063724
                ],
                [
                    0.6160866265828775,
                    0.3551648049975099
                ]
            ],
            "phases": [
                1.0719843416202075,
                4.684473893068,
                2.8414911918696424,
                1.5925111253871882,
                2.6570961095433954
            ],
            "offset": 0.18699448456234313,
            "bounds": [
                [
                    8.73880775769759,
                    9.978053969845403
                ],
                [
                    1.4318299685460432,
                    2.098270451828697
                ]
            ],
            "minimum_value": 0.0,
            "active_dims": [
                0,
                1
            ]
        },
        {
            "type": "StaticHypercube",
            "dimensions": [
                [
                    6.678390487343538,
                    8.787993227316868
                ],
                [
                    0.6914851112760723,
                    3.35896924925646
                ],
                [
                    7.881149006552677,
                    9.149432783185414
                ]
            ],
            "static_value": 0.2523887266979719,
            "active_dims": [
                0,
                1,
                2
            ]
        },
        {
            "type": "Sinus",
            "amplitudes": [
                0.569470090697517,
                0.5119240456939275
            ],
            "frequencies": [
                1.6577796058851488,
                1.3105247762982684
            ],
            "weight_vectors": [
                [
                    0.7771877961316347,
                    0.12095320318807001
                ],
                [
                    0.6096187091910024,
                    0.4159542871725681
                ]
            ],
            "phases": [
                5.192493556286291,
                1.8199944840267919
            ],
            "offset": 0.03454241962936407,
            "bounds": [
                [
                    2.8637057813550597,
                    3.5461649328773195
                ],
                [
                    7.629695252574808,
                    9.527903724788853
                ]
            ],
            "minimum_value": 0.0,
            "active_dims": [
                0,
                2
            ]
        },
        {
            "type": "StaticHypercube",
            "dimensions": [
                [
                    1.1935015809846585,
                    4.326665961295414
                ]
            ],
            "static_value": 0.2389882935035513,
            "active_dims": [
                0
            ]
        },
        {
            "type": "Gaussian",
            "mean": [
                3.9749029435169945
            ],
            "std_dev": [
                1.6402049764292865
            ],
            "max_amplitude": 0.17896665928164382,
            "active_dims": [
                1
            ]
        },
        {
            "type": "Gaussian",
            "mean": [
                7.691575317823025,
                5.307892558720063
            ],
            "std_dev": [
                0.37784280123315106,
                1.0326119135157277
            ],
            "max_amplitude": 0.42683995172709155,
            "active_dims": [
                0,
                2
            ]
        },
        {
            "type": "StaticHypercube",
            "dimensions": [
                [
                    2.5084666215395366,
                    5.835574078949129
                ],
                [
                    6.164366768956495,
                    8.262409859684304
                ]
            ],
            "static_value": 0.11178588420917372,
            "active_dims": [
                0,
                1
            ]
        }
    ],
    "stats": {
        "energy": 204371339.43268257,
        "bandwidth": 132,
        "mean": 0.17059127517355732,
        "std": 0.144201121271098,
        "pct_over_06": 0.00575,
        "pct_over_08": 0.002
    }
}