{
    "functions": [
        {
            "type": "Ramp",
            "coeff": [
                0.3865732574621821
            ],
            "min_value": 0.01612485634144392,
            "max_value": 0.18460205648819764,
            "bounds": [
                [
                    0.3023638434357859,
                    6.004705367495447
                ]
            ],
            "active_dims": [
                1
            ]
        },
        {
            "type": "Gaussian",
            "mean": [
                6.3742691867943835,
                4.038943307273243,
                2.0826770412101556
            ],
            "std_dev": [
                1.7776007423109688,
                1.2867302665547746,
                0.5321166697433845
            ],
            "max_amplitude": 0.23088335800165907,
            "active_dims": [
                0,
                1,
                2
            ]
        },
        {
            "type": "Sinus",
            "amplitudes": [
                0.2800855596247558,
                0.1394752096687307,
                0.12741050495123935,
                0.1000826013123313
            ],
            "frequencies": [
                0.535323223498742,
                0.2459936668623493,
                1.514491127215153,
                0.8950275757341483
            ],
            "weight_vectors": [
                [
                    0.5206653966849669
                ],
                [
                    0.5787895354754169
                ],
                [
                    0.7348190582693819
                ],
                [
                    0.5419617722295935
                ]
            ],
            "phases": [
                5.475084476728603,
                1.3608762750053762,
                0.5947150877850431,
                4.996400922367867
            ],
            "offset": -0.04685041187830719,
            "bounds": [
                [
                    2.726413358165102,
                    5.8178559431553705
                ]
            ],
            "minimum_value": 0.0,
            "active_dims": [
                1
            ]
        },
        {
            "type": "Sinus",
            "amplitudes": [
                0.13074967780267446,
                0.10019754197228231,
                0.06159827209156906
            ],
            "frequencies": [
                0.2249041784618316,
                0.38644160381616544,
                1.401248648633771
            ],
            "weight_vectors": [
                [
                    0.04339669443408434,
                    0.22393660350197764
                ],
                [
                    0.575205086868013,
                    0.1204336601272924
                ],
                [
                    0.5001167138007933,
                    0.138009568258896
                ]
            ],
            "phases": [
                4.5735756078408745,
                2.2782858436516804,
                4.097001011772119
            ],
            "offset": -0.009024139211128991,
            "bounds": [
                [
                    7.385483296404305,
                    9.892264766596133
                ],
                [
                    2.75461095979585,
                    6.375067302088464
                ]
            ],
            "minimum_value": 0.0,
            "active_dims": [
                0,
                1
            ]
        },
        {
            "type": "Ramp",
            "coeff": [
                1.3821605672028012,
                0.011895447279239413
            ],
            "min_value": 0.015253461387031028,
            "max_value": 0.025732864915362832,
            "bounds": [
                [
                    6.410721638512446,
                    9.041995733146297
                ],
                [
                    4.431192694636216,
                    7.947689442079723
                ]
            ],
            "active_dims": [
                0,
                2
            ]
        },
        {
            "type": "StaticHypercube",
            "dimensions": [
                [
                    7.99193845360761,
                    8.461565644626168
                ]
            ],
            "static_value": 0.10885249720743322,
            "active_dims": [
                0
            ]
        },
        {
            "type": "Gaussian",
            "mean": [
                8.092568402038602
            ],
            "std_dev": [
                3.1897132716075327
            ],
            "max_amplitude": 0.1328892464257525,
            "active_dims": [
                0
            ]
        },
        {
            "type": "Gaussian",
            "mean": [
                7.382166380652752,
                8.92449412847576
            ],
            "std_dev": [
                1.8412574067927991,
                3.5693316785840183
            ],
            "max_amplitude": 0.2024706116662964,
            "active_dims": [
                0,
                1
            ]
        },
        {
            "type": "Gaussian",
            "mean": [
                3.3755660336478135
            ],
            "std_dev": [
                0.36345559233692337
            ],
            "max_amplitude": 0.29490381958000034,
            "active_dims": [
                0
            ]
        }
    ],
    "stats": {
        "energy": 471008780.20482725,
        "bandwidth": 16,
        "mean": 0.2766404891339654,
        "std": 0.19611837688348974,
        "pct_over_06": 0.086640625,
        "pct_over_08": 0.0178125
    }
}