{
    "functions": [
        {
            "type": "Gaussian",
            "mean": [
                9.77434805459758
            ],
            "std_dev": [
                2.381388155318218
            ],
            "max_amplitude": 0.29927633255187724,
            "active_dims": [
                2
            ]
        },
        {
            "type": "StaticHypercube",
            "dimensions": [
                [
                    7.188665800471604,
                    9.733218402304198
                ],
                [
                    0.8680137407856238,
                    4.7822995866581115
                ],
                [
                    0.6089706926554876,
                    1.5075315086784165
                ]
            ],
            "static_value": 0.1207190361677446,
            "active_dims": [
                0,
                1,
                2
            ]
        },
        {
            "type": "Sinus",
            "amplitudes": [
                0.30243914977443626,
                0.3427576468538399
            ],
            "frequencies": [
                1.0627692434605729,
                0.9351715300692626
            ],
            "weight_vectors": [
                [
                    0.4258127975491126,
                    0.6434488368787767
                ],
                [
                    0.7027660202115341,
                    0.8583628723253841
                ]
            ],
            "phases": [
                2.5107980060332036,
                4.443449958590722
            ],
            "offset": 0.020298957544804253,
            "bounds": [
                [
                    0.7183732858834958,
                    6.175882915254525
                ],
                [
                    2.954793124471205,
                    6.63748444697889
                ]
            ],
            "minimum_value": 0.0,
            "active_dims": [
                1,
                2
            ]
        },
        {
            "type": "Ramp",
            "coeff": [
                0.020594167605288094,
                0.5831304730934086
            ],
            "min_value": 0.08636510940469846,
            "max_value": 0.15921706012229325,
            "bounds": [
                [
                    2.5335106195335215,
                    4.958161797410456
                ],
                [
                    4.600077995382945,
                    9.418565543988393
                ]
            ],
            "active_dims": [
                0,
                1
            ]
        },
        {
            "type": "StaticHypercube",
            "dimensions": [
                [
                    3.996520809003241,
                    8.219279766184423
                ],
                [
                    3.113631128769657,
                    8.165474902741467
                ]
            ],
            "static_value": 0.09094176448026144,
            "active_dims": [
                0,
                2
            ]
        },
        {
            "type": "Ramp",
            "coeff": [
                1.7603837657799424
            ],
            "min_value": 0.18750423616468906,
            "max_value": 0.27561801899404137,
            "bounds": [
                [
                    6.266620301197974,
                    6.9321548035252745
                ]
            ],
            "active_dims": [
                0
            ]
        },
        {
            "type": "Gaussian",
            "mean": [
                9.822925925562126,
                3.3907709041046386
            ],
            "std_dev": [
                1.4943063853399658,
                3.9102801909016454
            ],
            "max_amplitude": 0.48088776769453245,
            "active_dims": [
                0,
                1
            ]
        },
        {
            "type": "Sinus",
            "amplitudes": [
                0.2528837531219627,
                0.12918365683125196,
                0.4119361749870417
            ],
            "frequencies": [
                0.5741210840170953,
                0.4335293277719253,
                0.9236627119922554
            ],
            "weight_vectors": [
                [
                    0.8391064105040303,
                    0.6889994091508964,
                    0.8188040595797293
                ],
                [
                    0.5997045007552934,
                    0.613580252123506,
                    0.33303783217062743
                ],
                [
                    0.5751418589932416,
                    0.40042819193133405,
                    0.6208548453771429
                ]
            ],
            "phases": [
                2.3209850671433854,
                0.5121658939555119,
                4.000927019303873
            ],
            "offset": -0.17968058469075776,
            "bounds": [
                [
                    3.0010093172811723,
                    8.164720996606126
                ],
                [
                    1.7044579245314846,
                    5.204901476179273
                ],
                [
                    4.173025440041213,
                    6.871176586056268
                ]
            ],
            "minimum_value": 0.0,
            "active_dims": [
                0,
                1,
                2
            ]
        },
        {
            "type": "Sinus",
            "amplitudes": [
                0.4824179729095627
            ],
            "frequencies": [
                0.9907430317573562
            ],
            "weight_vectors": [
                [
                    0.032366114314326455
                ]
            ],
            "phases": [
                1.982273296761357
            ],
            "offset": -0.13341377259963855,
            "bounds": [
                [
                    8.653986404828638,
                    9.731369282149913
                ]
            ],
            "minimum_value": 0.0,
            "active_dims": [
                2
            ]
        }
    ],
    "stats": {
        "energy": 483910146.3269803,
        "bandwidth": 23,
        "mean": 0.26410215942070997,
        "std": 0.21998221509346688,
        "pct_over_06": 0.093921875,
        "pct_over_08": 0.020625
    }
}