{
    "functions": [
        {
            "type": "Gaussian",
            "mean": [
                2.911769320841704,
                0.559977336184424
            ],
            "std_dev": [
                2.595686454707085,
                1.270761638321325
            ],
            "max_amplitude": 0.3180680372452128,
            "active_dims": [
                0,
                2
            ]
        },
        {
            "type": "Ramp",
            "coeff": [
                0.8872080819548447,
                0.3762816508392437
            ],
            "min_value": 0.1290749103368983,
            "max_value": 0.21282425721694828,
            "bounds": [
                [
                    4.94944281466625,
                    5.101159006412182
                ],
                [
                    1.6082855596894305,
                    5.998326529054985
                ]
            ],
            "active_dims": [
                1,
                2
            ]
        },
        {
            "type": "Ramp",
            "coeff": [
                1.889325270873942,
                1.3426220543454601,
                0.7060491307201684
            ],
            "min_value": 0.07100395791679222,
            "max_value": 0.389393262632238,
            "bounds": [
                [
                    0.7773174991860997,
                    2.196163647746611
                ],
                [
                    4.791134780088174,
                    9.013805214600147
                ],
                [
                    0.6250404568455087,
                    4.559143716219091
                ]
            ],
            "active_dims": [
                0,
                1,
                2
            ]
        },
        {
            "type": "Sinus",
            "amplitudes": [
                0.29140047147781495,
                0.121070700318766
            ],
            "frequencies": [
                0.5812973952128221,
                0.2991063248541528
            ],
            "weight_vectors": [
                [
                    0.0031096842711492156
                ],
                [
                    0.6553105284233952
                ]
            ],
            "phases": [
                2.5003081197591315,
                1.908415428932368
            ],
            "offset": 0.04388980983993829,
            "bounds": [
                [
                    1.0239555557050815,
                    3.9260967676092644
                ]
            ],
            "minimum_value": 0.0,
            "active_dims": [
                2
            ]
        },
        {
            "type": "StaticHypercube",
            "dimensions": [
                [
                    6.553441927882305,
                    7.5474185038647015
                ],
                [
                    1.068283451260632,
                    3.8197591152684645
                ]
            ],
            "static_value": 0.2340835050409714,
            "active_dims": [
                1,
                2
            ]
        },
        {
            "type": "Gaussian",
            "mean": [
                9.64908969127563,
                5.565071561862681
            ],
            "std_dev": [
                1.6364063389418217,
                0.972102078052156
            ],
            "max_amplitude": 0.4276617965045847,
            "active_dims": [
                1,
                2
            ]
        },
        {
            "type": "Sinus",
            "amplitudes": [
                0.21495213597808144
            ],
            "frequencies": [
                1.3010494784074194
            ],
            "weight_vectors": [
                [
                    0.9502391013200688
                ]
            ],
            "phases": [
                2.3236423913306434
            ],
            "offset": -0.19799822361181102,
            "bounds": [
                [
                    2.7401042769199684,
                    5.139609551108296
                ]
            ],
            "minimum_value": 0.0,
            "active_dims": [
                2
            ]
        },
        {
            "type": "Gaussian",
            "mean": [
                9.647967940815626
            ],
            "std_dev": [
                2.526515535779743
            ],
            "max_amplitude": 0.4446999213500524,
            "active_dims": [
                2
            ]
        },
        {
            "type": "Gaussian",
            "mean": [
                2.2312421045366637,
                3.8468223029130955,
                9.15649197576738
            ],
            "std_dev": [
                0.5107828495281415,
                2.9686555590650614,
                2.9158321220767833
            ],
            "max_amplitude": 0.417219158711808,
            "active_dims": [
                0,
                1,
                2
            ]
        }
    ],
    "stats": {
        "energy": 615317556.4559957,
        "bandwidth": 26,
        "mean": 0.31960823924204407,
        "std": 0.219259175897475,
        "pct_over_06": 0.1241875,
        "pct_over_08": 0.014921875
    }
}