{
    "functions": [
        {
            "type": "StaticHypercube",
            "dimensions": [
                [
                    4.685499932010828,
                    6.475385879799692
                ],
                [
                    4.9256903802519645,
                    7.669071197927618
                ]
            ],
            "static_value": 0.367209457592399,
            "active_dims": [
                0,
                1
            ]
        },
        {
            "type": "Sinus",
            "amplitudes": [
                0.08369651652465601,
                0.220196192188528,
                0.06652896617574798,
                0.11139234006078576,
                0.10699160980073617
            ],
            "frequencies": [
                1.6699281258977818,
                0.9108339103588726,
                1.4215241552991706,
                1.2251220266768357,
                1.882150126589918
            ],
            "weight_vectors": [
                [
                    0.6757424436147702,
                    0.27791038703802373
                ],
                [
                    0.14860853503183047,
                    0.9567838784230854
                ],
                [
                    0.9875829853602174,
                    0.3183154272162484
                ],
                [
                    0.669782384299572,
                    0.8790995737887537
                ],
                [
                    0.6900423856740583,
                    0.43594001523088266
                ]
            ],
            "phases": [
                3.806209014982299,
                2.6467868961105943,
                1.924696588596553,
                4.927991407912079,
                5.421034244846477
            ],
            "offset": -0.1314540648924306,
            "bounds": [
                [
                    1.1757153093037638,
                    4.403347512990679
                ],
                [
                    2.8158312499810068,
                    5.8711874265406765
                ]
            ],
            "minimum_value": 0.0,
            "active_dims": [
                1,
                2
            ]
        },
        {
            "type": "Ramp",
            "coeff": [
                0.32376459321033346
            ],
            "min_value": 0.17795212334538812,
            "max_value": 0.3400314288272474,
            "bounds": [
                [
                    4.450821204939282,
                    4.830626967980118
                ]
            ],
            "active_dims": [
                0
            ]
        },
        {
            "type": "Ramp",
            "coeff": [
                1.3261269036312235
            ],
            "min_value": 0.05119582675089861,
            "max_value": 0.20112671634036047,
            "bounds": [
                [
                    0.7445346523648269,
                    5.851444838297811
                ]
            ],
            "active_dims": [
                0
            ]
        },
        {
            "type": "StaticHypercube",
            "dimensions": [
                [
                    1.302868429162386,
                    2.620046172531443
                ],
                [
                    6.266682519846614,
                    8.687862918967317
                ]
            ],
            "static_value": 0.06829125624857608,
            "active_dims": [
                1,
                2
            ]
        },
        {
            "type": "Ramp",
            "coeff": [
                1.9062489556735696
            ],
            "min_value": 0.05629417393632587,
            "max_value": 0.09336321406493343,
            "bounds": [
                [
                    4.178081848125644,
                    7.770485222839688
                ]
            ],
            "active_dims": [
                0
            ]
        },
        {
            "type": "Ramp",
            "coeff": [
                1.4834035637982141,
                0.36924833070653307,
                1.124115508379571
            ],
            "min_value": 0.038258412389834726,
            "max_value": 0.204171702319093,
            "bounds": [
                [
                    3.2308638514026446,
                    5.7896643955540235
                ],
                [
                    8.549446483242274,
                    9.829555863776795
                ],
                [
                    3.744485135227431,
                    6.557881379363726
                ]
            ],
            "active_dims": [
                0,
                1,
                2
            ]
        },
        {
            "type": "StaticHypercube",
            "dimensions": [
                [
                    2.1732620364309843,
                    7.273520459465937
                ],
                [
                    3.268353431657603,
                    6.002633708466097
                ]
            ],
            "static_value": 0.07751336164639107,
            "active_dims": [
                0,
                2
            ]
        },
        {
            "type": "Ramp",
            "coeff": [
                0.2466901598932394,
                1.4068839835498756
            ],
            "min_value": 0.05001768580545732,
            "max_value": 0.21547357550410665,
            "bounds": [
                [
                    4.0270938310869555,
                    6.486417422993209
                ],
                [
                    0.783524632867376,
                    4.42638394514433
                ]
            ],
            "active_dims": [
                0,
                1
            ]
        }
    ],
    "stats": {
        "energy": 184179349.136269,
        "bandwidth": 60,
        "mean": 0.1381916099665974,
        "std": 0.1608376210501192,
        "pct_over_06": 0.030953125,
        "pct_over_08": 0.0
    }
}