{
    "functions": [
        {
            "type": "Ramp",
            "coeff": [
                0.03353031150856434
            ],
            "min_value": 0.24122216826589285,
            "max_value": 0.27544827935304045,
            "bounds": [
                [
                    6.530318239877348,
                    9.92615106523185
                ]
            ],
            "active_dims": [
                0
            ]
        },
        {
            "type": "Sinus",
            "amplitudes": [
                0.36720338703821837,
                0.4003551800105528,
                0.2309423564595862,
                0.15404678119666218
            ],
            "frequencies": [
                0.8010175983218615,
                0.6415266281544393,
                1.602815548062936,
                1.7046540284471419
            ],
            "weight_vectors": [
                [
                    0.5328025441060883
                ],
                [
                    0.25913184936895584
                ],
                [
                    0.5838126188253052
                ],
                [
                    0.32569065293360866
                ]
            ],
            "phases": [
                6.084537016406947,
                1.3414868835740366,
                0.2779527292986416,
                4.016564010826476
            ],
            "offset": -0.23861043129162052,
            "bounds": [
                [
                    4.952322854753559,
                    6.840577863792696
                ]
            ],
            "minimum_value": 0.0,
            "active_dims": [
                1
            ]
        },
        {
            "type": "Ramp",
            "coeff": [
                0.36050412127185405
            ],
            "min_value": 0.0926377366427256,
            "max_value": 0.15255295853977688,
            "bounds": [
                [
                    7.2234141845313635,
                    9.55040085811056
                ]
            ],
            "active_dims": [
                0
            ]
        },
        {
            "type": "Ramp",
            "coeff": [
                0.731908850386437,
                0.9518763236895496
            ],
            "min_value": 0.02863919065190444,
            "max_value": 0.24372778103397064,
            "bounds": [
                [
                    1.8658949618166465,
                    7.444080312143608
                ],
                [
                    2.2137572421711798,
                    3.480615617879063
                ]
            ],
            "active_dims": [
                1,
                2
            ]
        },
        {
            "type": "Sinus",
            "amplitudes": [
                0.2164942996008143,
                0.23708142859834008
            ],
            "frequencies": [
                0.2561019600680047,
                1.9352190629296997
            ],
            "weight_vectors": [
                [
                    0.7760251379962897,
                    0.46430814356644035
                ],
                [
                    0.1817701657178903,
                    0.8840256047591023
                ]
            ],
            "phases": [
                4.448093717937216,
                4.889241175675712
            ],
            "offset": -0.0446789093885734,
            "bounds": [
                [
                    2.556159243772793,
                    5.963715133478417
                ],
                [
                    4.663352647582796,
                    8.516786197704088
                ]
            ],
            "minimum_value": 0.0,
            "active_dims": [
                0,
                2
            ]
        },
        {
            "type": "Ramp",
            "coeff": [
                0.9037045487643818,
                1.7669036114801953
            ],
            "min_value": 0.07972967441437664,
            "max_value": 0.24500428452508174,
            "bounds": [
                [
                    3.5787025706607274,
                    6.499520962719777
                ],
                [
                    3.9905319705466344,
                    4.441767639757895
                ]
            ],
            "active_dims": [
                1,
                2
            ]
        },
        {
            "type": "StaticHypercube",
            "dimensions": [
                [
                    4.9335160927666175,
                    8.339091668170827
                ],
                [
                    4.021404934141509,
                    7.200231633385799
                ],
                [
                    7.619569033437794,
                    8.8708756591714
                ]
            ],
            "static_value": 0.16895394570882633,
            "active_dims": [
                0,
                1,
                2
            ]
        },
        {
            "type": "Gaussian",
            "mean": [
                4.716965902727617,
                5.448274255710807,
                8.830189527203016
            ],
            "std_dev": [
                2.1080838609406243,
                2.844822304899332,
                3.1763857963809032
            ],
            "max_amplitude": 0.24410648286846975,
            "active_dims": [
                0,
                1,
                2
            ]
        },
        {
            "type": "Sinus",
            "amplitudes": [
                0.3537396635890114
            ],
            "frequencies": [
                0.2961636967000969
            ],
            "weight_vectors": [
                [
                    0.7454992171918295
                ]
            ],
            "phases": [
                2.6748930429219357
            ],
            "offset": -0.03935739076026125,
            "bounds": [
                [
                    4.839524192588062,
                    7.276396318307219
                ]
            ],
            "minimum_value": 0.0,
            "active_dims": [
                1
            ]
        }
    ],
    "stats": {
        "energy": 366046269.30768555,
        "bandwidth": 44,
        "mean": 0.22090358146417807,
        "std": 0.2014159195892815,
        "pct_over_06": 0.033046875,
        "pct_over_08": 0.004640625
    }
}