{
    "functions": [
        {
            "type": "Sinus",
            "amplitudes": [
                0.21411571511255376,
                0.20857291622773289
            ],
            "frequencies": [
                1.4871951565508152,
                1.179176259726124
            ],
            "weight_vectors": [
                [
                    0.7456087341751808
                ],
                [
                    0.05238054566526551
                ]
            ],
            "phases": [
                0.6447586400133293,
                2.101340789860824
            ],
            "offset": -0.09712579960786105,
            "bounds": [
                [
                    2.351405831125175,
                    3.351108313566888
                ]
            ],
            "minimum_value": 0.0,
            "active_dims": [
                1
            ]
        },
        {
            "type": "Gaussian",
            "mean": [
                8.190045496567235,
                3.248696676910142,
                7.907305781694904
            ],
            "std_dev": [
                0.7200769370282993,
                2.190257690712452,
                3.693966973939616
            ],
            "max_amplitude": 0.3803115978048831,
            "active_dims": [
                0,
                1,
                2
            ]
        },
        {
            "type": "Gaussian",
            "mean": [
                5.02819708089446,
                9.796853370223094
            ],
            "std_dev": [
                2.6503608131640504,
                1.7244909738041683
            ],
            "max_amplitude": 0.3008772268301721,
            "active_dims": [
                0,
                2
            ]
        },
        {
            "type": "Ramp",
            "coeff": [
                0.3590139189908217,
                1.8734244965671325,
                0.5614213891252804
            ],
            "min_value": 0.1277341401050545,
            "max_value": 0.23790564937129477,
            "bounds": [
                [
                    4.831724652961199,
                    7.0936996140199735
                ],
                [
                    3.620260100168268,
                    8.32734552959767
                ],
                [
                    3.9418330750928687,
                    4.276080346383772
                ]
            ],
            "active_dims": [
                0,
                1,
                2
            ]
        },
        {
            "type": "Gaussian",
            "mean": [
                9.610579110012411
            ],
            "std_dev": [
                0.23805517743331311
            ],
            "max_amplitude": 0.2767706923234834,
            "active_dims": [
                0
            ]
        },
        {
            "type": "Ramp",
            "coeff": [
                0.4834284825785813,
                1.312690424958621
            ],
            "min_value": 0.26398583238902423,
            "max_value": 0.35946466705678176,
            "bounds": [
                [
                    1.2885008279324486,
                    4.014925961100686
                ],
                [
                    2.4120072854419976,
                    4.844503058056382
                ]
            ],
            "active_dims": [
                0,
                2
            ]
        },
        {
            "type": "Gaussian",
            "mean": [
                3.6169218594631634,
                1.8983077401775672
            ],
            "std_dev": [
                3.5426445235542654,
                1.7422201479352362
            ],
            "max_amplitude": 0.1819802038727018,
            "active_dims": [
                1,
                2
            ]
        },
        {
            "type": "Gaussian",
            "mean": [
                3.9579399995671602
            ],
            "std_dev": [
                3.39206755065092
            ],
            "max_amplitude": 0.3622512578202902,
            "active_dims": [
                1
            ]
        },
        {
            "type": "Sinus",
            "amplitudes": [
                0.2580124626562377
            ],
            "frequencies": [
                1.3898402822664373
            ],
            "weight_vectors": [
                [
                    0.7175685821376426,
                    0.23009620940029818
                ]
            ],
            "phases": [
                1.8208906173952955
            ],
            "offset": -0.12250074206633335,
            "bounds": [
                [
                    2.643486887697008,
                    4.831642632184278
                ],
                [
                    0.7494878189519725,
                    9.029210119177066
                ]
            ],
            "minimum_value": 0.0,
            "active_dims": [
                1,
                2
            ]
        }
    ],
    "stats": {
        "energy": 834719673.0788532,
        "bandwidth": 9,
        "mean": 0.4179198518305577,
        "std": 0.1706809307778452,
        "pct_over_06": 0.144125,
        "pct_over_08": 0.017203125
    }
}