{
    "functions": [
        {
            "type": "Sinus",
            "amplitudes": [
                0.3900650978590847
            ],
            "frequencies": [
                1.7383210389750259
            ],
            "weight_vectors": [
                [
                    0.4858254853534322
                ]
            ],
            "phases": [
                3.651947895984539
            ],
            "offset": -0.06120820426045638,
            "bounds": [
                [
                    2.4800777930467612,
                    4.957952691848952
                ]
            ],
            "minimum_value": 0.0,
            "active_dims": [
                1
            ]
        },
        {
            "type": "Sinus",
            "amplitudes": [
                0.17155211267670062,
                0.18975035693421433,
                0.3471157675769181,
                0.2082142939650756
            ],
            "frequencies": [
                0.9462647633181976,
                0.5633232995186317,
                1.9267642381895438,
                1.7373343779169244
            ],
            "weight_vectors": [
                [
                    0.10497848844333957
                ],
                [
                    0.023460605512750532
                ],
                [
                    0.11263339561405561
                ],
                [
                    0.20727989092451982
                ]
            ],
            "phases": [
                0.24533552519790053,
                0.24068610812737187,
                4.933571307325968,
                0.7783636760731365
            ],
            "offset": -0.18933764923267474,
            "bounds": [
                [
                    2.9633111161668815,
                    5.728301300235012
                ]
            ],
            "minimum_value": 0.0,
            "active_dims": [
                0
            ]
        },
        {
            "type": "StaticHypercube",
            "dimensions": [
                [
                    4.08982678638546,
                    7.526367640483448
                ],
                [
                    2.325905554071565,
                    8.03086017652916
                ],
                [
                    5.375032525398338,
                    8.76723121787317
                ]
            ],
            "static_value": 0.20175639374923987,
            "active_dims": [
                0,
                1,
                2
            ]
        },
        {
            "type": "Gaussian",
            "mean": [
                7.892934348254705,
                4.773259880595462
            ],
            "std_dev": [
                0.6153114897291386,
                0.9558748341027816
            ],
            "max_amplitude": 0.15927600380967735,
            "active_dims": [
                0,
                2
            ]
        },
        {
            "type": "Gaussian",
            "mean": [
                5.38054022033011,
                0.3159505236962634
            ],
            "std_dev": [
                1.90245020929714,
                0.9271028141443595
            ],
            "max_amplitude": 0.18360674867627735,
            "active_dims": [
                0,
                2
            ]
        },
        {
            "type": "StaticHypercube",
            "dimensions": [
                [
                    0.8567461334904983,
                    4.235281840951158
                ],
                [
                    2.8082401201086804,
                    8.79135845255805
                ],
                [
                    0.7178747223587764,
                    4.897813228023161
                ]
            ],
            "static_value": 0.21616690472531852,
            "active_dims": [
                0,
                1,
                2
            ]
        },
        {
            "type": "Sinus",
            "amplitudes": [
                0.15225685538044673,
                0.252163817596199,
                0.11522480216967365,
                0.19664046477093672
            ],
            "frequencies": [
                0.6894993472782653,
                1.7009887840603595,
                1.4183465037301897,
                1.7305548829937516
            ],
            "weight_vectors": [
                [
                    0.5952099016409248,
                    0.7689983327914199,
                    0.3049981473318445
                ],
                [
                    0.15100365683951056,
                    0.14454302559332288,
                    0.38872970874143853
                ],
                [
                    0.31208918681617603,
                    0.618477750568543,
                    0.010789321725891088
                ],
                [
                    0.08256381247880074,
                    0.6456349855001181,
                    0.5626875911225001
                ]
            ],
            "phases": [
                5.5927544598264936,
                5.272940994301552,
                3.2603587207626807,
                3.2803065076737377
            ],
            "offset": 0.13139706440469762,
            "bounds": [
                [
                    4.608916258416055,
                    9.057583401664974
                ],
                [
                    2.0771576299535366,
                    7.735400240733771
                ],
                [
                    1.4898526334717948,
                    3.5668104784771293
                ]
            ],
            "minimum_value": 0.0,
            "active_dims": [
                0,
                1,
                2
            ]
        },
        {
            "type": "Gaussian",
            "mean": [
                1.9908763304141563,
                4.844181901265677
            ],
            "std_dev": [
                1.864284857266241,
                0.46383045801251743
            ],
            "max_amplitude": 0.2882157731944431,
            "active_dims": [
                0,
                1
            ]
        },
        {
            "type": "Gaussian",
            "mean": [
                6.12166491541089,
                3.0657263176371465
            ],
            "std_dev": [
                2.3031775364020404,
                3.840795282667486
            ],
            "max_amplitude": 0.31972497742810374,
            "active_dims": [
                0,
                1
            ]
        }
    ],
    "stats": {
        "energy": 307049081.89094764,
        "bandwidth": 61,
        "mean": 0.20801438842030556,
        "std": 0.17802575366687373,
        "pct_over_06": 0.037421875,
        "pct_over_08": 0.010765625
    }
}