{
    "functions": [
        {
            "type": "Gaussian",
            "mean": [
                0.6350310167445872
            ],
            "std_dev": [
                0.4851531359787614
            ],
            "max_amplitude": 0.18899679960102647,
            "active_dims": [
                2
            ]
        },
        {
            "type": "Sinus",
            "amplitudes": [
                0.13625092915746584,
                0.10406360050813027,
                0.0934140970532836,
                0.2780712221571331
            ],
            "frequencies": [
                1.4760661823257588,
                0.9360781370176477,
                0.7894808631378504,
                1.1772151961992017
            ],
            "weight_vectors": [
                [
                    0.5130348496673424,
                    0.23042025112116782,
                    0.20789408681896426
                ],
                [
                    0.2642129026507707,
                    0.20121277144254424,
                    0.08971908316160881
                ],
                [
                    0.6860252061304365,
                    0.6244951048400139,
                    0.5851224661530986
                ],
                [
                    0.26282890369512624,
                    0.30652733720365044,
                    0.2163188724675914
                ]
            ],
            "phases": [
                6.078641832443736,
                3.888932687258662,
                3.57705555516298,
                5.065561812141737
            ],
            "offset": -0.04444028435156836,
            "bounds": [
                [
                    2.1208308079940963,
                    6.326723283024953
                ],
                [
                    6.347393204825203,
                    9.997395787273241
                ],
                [
                    5.326696013473228,
                    8.049205595142578
                ]
            ],
            "minimum_value": 0.0,
            "active_dims": [
                0,
                1,
                2
            ]
        },
        {
            "type": "StaticHypercube",
            "dimensions": [
                [
                    2.6086248936494263,
                    5.958561392197915
                ]
            ],
            "static_value": 0.03980089999626312,
            "active_dims": [
                1
            ]
        },
        {
            "type": "StaticHypercube",
            "dimensions": [
                [
                    2.336764903144001,
                    4.998654580521045
                ],
                [
                    8.566934852520513,
                    9.688776144666974
                ]
            ],
            "static_value": 0.04849626966646144,
            "active_dims": [
                0,
                1
            ]
        },
        {
            "type": "Ramp",
            "coeff": [
                1.6254668457655403
            ],
            "min_value": 0.07358983670662315,
            "max_value": 0.2576957648150977,
            "bounds": [
                [
                    3.3740862894419767,
                    8.372831602581158
                ]
            ],
            "active_dims": [
                0
            ]
        },
        {
            "type": "Ramp",
            "coeff": [
                1.3336055643335514
            ],
            "min_value": 0.1900397535105496,
            "max_value": 0.3350708760245606,
            "bounds": [
                [
                    4.0786275058809816,
                    9.906322408445718
                ]
            ],
            "active_dims": [
                0
            ]
        },
        {
            "type": "Sinus",
            "amplitudes": [
                0.08362773130596855,
                0.19732242425689947,
                0.21991822145572046
            ],
            "frequencies": [
                1.012517225366553,
                0.8380301489178146,
                1.7643195832482255
            ],
            "weight_vectors": [
                [
                    0.9800702023186079
                ],
                [
                    0.4437210996268708
                ],
                [
                    0.04933399309803199
                ]
            ],
            "phases": [
                4.303717697849715,
                5.791591741725665,
                3.1216491897314063
            ],
            "offset": 0.10094782942289354,
            "bounds": [
                [
                    3.294607105163403,
                    4.965711486941019
                ]
            ],
            "minimum_value": 0.0,
            "active_dims": [
                2
            ]
        },
        {
            "type": "Gaussian",
            "mean": [
                9.885520328000661,
                6.440145756230157
            ],
            "std_dev": [
                3.3374669891326403,
                3.70595952471008
            ],
            "max_amplitude": 0.18315486066603598,
            "active_dims": [
                1,
                2
            ]
        },
        {
            "type": "Gaussian",
            "mean": [
                6.7402926927108915,
                0.5457552310463365
            ],
            "std_dev": [
                1.1788737194753374,
                0.48385809991663253
            ],
            "max_amplitude": 0.2636785249171235,
            "active_dims": [
                1,
                2
            ]
        }
    ],
    "stats": {
        "energy": 702574303.2415571,
        "bandwidth": 8,
        "mean": 0.3497728800255454,
        "std": 0.22177885810186868,
        "pct_over_06": 0.12084375,
        "pct_over_08": 0.008140625
    }
}