{
    "functions": [
        {
            "type": "Ramp",
            "coeff": [
                0.5672493217553503
            ],
            "min_value": 0.14213689307904046,
            "max_value": 0.2230135966958922,
            "bounds": [
                [
                    3.8321508533930633,
                    7.675502021840164
                ]
            ],
            "active_dims": [
                0
            ]
        },
        {
            "type": "Gaussian",
            "mean": [
                8.826477803528418,
                7.943198755237125
            ],
            "std_dev": [
                2.5630974881448156,
                3.5978360342596956
            ],
            "max_amplitude": 0.18723528798626818,
            "active_dims": [
                0,
                1
            ]
        },
        {
            "type": "Sinus",
            "amplitudes": [
                0.17379880620385305,
                0.1379047335999696,
                0.25101179296725606
            ],
            "frequencies": [
                1.3505598509314163,
                1.5032187987164143,
                1.244650241088878
            ],
            "weight_vectors": [
                [
                    0.23065685901177135,
                    0.28515590775922883,
                    0.652205215515973
                ],
                [
                    0.6256212100384261,
                    0.05297804965341424,
                    0.749654843450079
                ],
                [
                    0.9829167869815603,
                    0.5120118180745986,
                    0.2483248492001432
                ]
            ],
            "phases": [
                3.6883639890612856,
                4.063057158683892,
                0.08359634764042022
            ],
            "offset": 0.21242959047414237,
            "bounds": [
                [
                    3.5889744234795407,
                    7.627715774274318
                ],
                [
                    0.1390769214066945,
                    2.081339754857776
                ],
                [
                    4.771435596376548,
                    5.467653426379358
                ]
            ],
            "minimum_value": 0.0,
            "active_dims": [
                0,
                1,
                2
            ]
        },
        {
            "type": "StaticHypercube",
            "dimensions": [
                [
                    5.176642128969742,
                    6.211445748154985
                ],
                [
                    5.325855985679228,
                    7.752895175583975
                ]
            ],
            "static_value": 0.01663786450711244,
            "active_dims": [
                0,
                2
            ]
        },
        {
            "type": "Gaussian",
            "mean": [
                6.6199992586121486
            ],
            "std_dev": [
                3.8529209911288667
            ],
            "max_amplitude": 0.1822676020426074,
            "active_dims": [
                2
            ]
        },
        {
            "type": "Ramp",
            "coeff": [
                1.0201088704144397,
                1.221039593488545
            ],
            "min_value": 0.19782494573286338,
            "max_value": 0.314097909699499,
            "bounds": [
                [
                    4.566953938075251,
                    8.116539410657403
                ],
                [
                    2.3191688626730755,
                    4.411819589319406
                ]
            ],
            "active_dims": [
                0,
                2
            ]
        },
        {
            "type": "Sinus",
            "amplitudes": [
                0.24592421968125738,
                0.22255718663683338,
                0.24913109666088776,
                0.24185688903890776,
                0.34248109230176965
            ],
            "frequencies": [
                1.4745196963822542,
                0.1844075205102107,
                1.952325654300064,
                0.8472876653133784,
                0.8365807081855842
            ],
            "weight_vectors": [
                [
                    0.8145316519866955
                ],
                [
                    0.6039788925310031
                ],
                [
                    0.8358229664382689
                ],
                [
                    0.40985064325262566
                ],
                [
                    0.9342419133717963
                ]
            ],
            "phases": [
                0.04612544369173715,
                3.742186454998479,
                4.089557012545594,
                2.095421268212995,
                3.6614471886864584
            ],
            "offset": -0.15379058589203312,
            "bounds": [
                [
                    5.918255725769967,
                    9.58781990659472
                ]
            ],
            "minimum_value": 0.0,
            "active_dims": [
                0
            ]
        },
        {
            "type": "Sinus",
            "amplitudes": [
                0.28133962835661025
            ],
            "frequencies": [
                1.4754416976848275
            ],
            "weight_vectors": [
                [
                    0.058103264101993735,
                    0.08659040180679456
                ]
            ],
            "phases": [
                5.523713112100121
            ],
            "offset": -0.13865540348866345,
            "bounds": [
                [
                    3.135897753295103,
                    8.887564747341726
                ],
                [
                    4.990869832068245,
                    7.497313705120076
                ]
            ],
            "minimum_value": 0.0,
            "active_dims": [
                0,
                2
            ]
        },
        {
            "type": "Ramp",
            "coeff": [
                0.4403968143213497,
                0.47529648628288546
            ],
            "min_value": 0.002064757614846398,
            "max_value": 0.1908597604736466,
            "bounds": [
                [
                    2.4541150385330313,
                    6.1941627052491794
                ],
                [
                    1.265185465416999,
                    3.842274551692956
                ]
            ],
            "active_dims": [
                1,
                2
            ]
        }
    ],
    "stats": {
        "energy": 467107814.6213599,
        "bandwidth": 15,
        "mean": 0.2914510815189735,
        "std": 0.17057626120144523,
        "pct_over_06": 0.0650625,
        "pct_over_08": 0.010765625
    }
}