{
    "functions": [
        {
            "type": "Gaussian",
            "mean": [
                2.1321657822689954,
                6.410997691459844
            ],
            "std_dev": [
                0.5143282696173246,
                0.19679991051230242
            ],
            "max_amplitude": 0.10198025531167304,
            "active_dims": [
                1,
                2
            ]
        },
        {
            "type": "StaticHypercube",
            "dimensions": [
                [
                    3.510805456458355,
                    8.388743380693466
                ],
                [
                    2.3190955578385704,
                    5.740128892466241
                ]
            ],
            "static_value": 0.10453621749113622,
            "active_dims": [
                0,
                1
            ]
        },
        {
            "type": "Sinus",
            "amplitudes": [
                0.04979340190275026,
                0.18639194524504818,
                0.10709612299078969,
                0.17338449957942753,
                0.10685194670865084
            ],
            "frequencies": [
                0.25094662128612255,
                1.3344015852079192,
                1.361413715366761,
                1.2494823091625324,
                1.0420919705034293
            ],
            "weight_vectors": [
                [
                    0.4062795977902648,
                    0.3400377356518439
                ],
                [
                    0.9075517545165608,
                    0.37902778764445366
                ],
                [
                    0.02701020141690247,
                    0.4629483526357957
                ],
                [
                    0.23781302232641377,
                    0.016117749813284177
                ],
                [
                    0.9132005070240422,
                    0.45116032243798276
                ]
            ],
            "phases": [
                4.636245352667389,
                4.052845456262744,
                6.041790527527115,
                6.119610719839332,
                0.8837208626108533
            ],
            "offset": 0.023419892734163086,
            "bounds": [
                [
                    4.8275501472700375,
                    7.0862252314085605
                ],
                [
                    1.828988993928102,
                    5.633227133583137
                ]
            ],
            "minimum_value": 0.0,
            "active_dims": [
                0,
                2
            ]
        },
        {
            "type": "Ramp",
            "coeff": [
                1.3476062378311493,
                0.7646302222918024
            ],
            "min_value": 0.08753558482288042,
            "max_value": 0.1706292598192441,
            "bounds": [
                [
                    7.070525844438891,
                    9.498033646858156
                ],
                [
                    5.101260672213581,
                    9.15914636265003
                ]
            ],
            "active_dims": [
                0,
                2
            ]
        },
        {
            "type": "Ramp",
            "coeff": [
                1.3452498138683853,
                0.6468583784242388
            ],
            "min_value": 0.10722678890777299,
            "max_value": 0.21787795310451882,
            "bounds": [
                [
                    3.1314737634654692,
                    7.177748194925463
                ],
                [
                    2.136405530360523,
                    7.734894158899078
                ]
            ],
            "active_dims": [
                1,
                2
            ]
        },
        {
            "type": "Gaussian",
            "mean": [
                1.168729900234462
            ],
            "std_dev": [
                3.9914041501973108
            ],
            "max_amplitude": 0.08568910814003315,
            "active_dims": [
                1
            ]
        },
        {
            "type": "StaticHypercube",
            "dimensions": [
                [
                    0.06456302749534137,
                    4.672176714522597
                ]
            ],
            "static_value": 0.060354581143397854,
            "active_dims": [
                2
            ]
        },
        {
            "type": "Ramp",
            "coeff": [
                1.4821736225640125,
                1.3712836178132546
            ],
            "min_value": 0.10665402828757681,
            "max_value": 0.2059096263525854,
            "bounds": [
                [
                    2.4151612108597003,
                    7.350237017900046
                ],
                [
                    2.3489545659636852,
                    3.0729725129129393
                ]
            ],
            "active_dims": [
                0,
                2
            ]
        },
        {
            "type": "Ramp",
            "coeff": [
                1.2704006935055423
            ],
            "min_value": 0.021926316507627993,
            "max_value": 0.03072885430070373,
            "bounds": [
                [
                    1.7721127062939308,
                    8.740577115371082
                ]
            ],
            "active_dims": [
                0
            ]
        }
    ],
    "stats": {
        "energy": 214022406.42246303,
        "bandwidth": 95,
        "mean": 0.18079744183725222,
        "std": 0.13987083002931505,
        "pct_over_06": 0.023859375,
        "pct_over_08": 0.003484375
    }
}