{
    "functions": [
        {
            "type": "Sinus",
            "amplitudes": [
                0.1431356620900444,
                0.07085788930335449,
                0.20393200696023134
            ],
            "frequencies": [
                1.437587249512087,
                0.5931003727963694,
                0.41306994961158217
            ],
            "weight_vectors": [
                [
                    0.7496068671173938,
                    0.29277058337231243,
                    0.441835227558281
                ],
                [
                    0.2520880296752904,
                    0.024505927887932044,
                    0.3063198018341958
                ],
                [
                    0.8414182232671272,
                    0.44976784268200987,
                    0.704149348169192
                ]
            ],
            "phases": [
                5.073248510303155,
                4.413152162548529,
                0.4348305870839371
            ],
            "offset": -0.0034357810243436323,
            "bounds": [
                [
                    8.649811759293268,
                    9.462886188464303
                ],
                [
                    3.145575419186616,
                    6.2631075936180896
                ],
                [
                    2.5185535680145255,
                    5.287665577063219
                ]
            ],
            "minimum_value": 0.0,
            "active_dims": [
                0,
                1,
                2
            ]
        },
        {
            "type": "Sinus",
            "amplitudes": [
                0.20265713182156966,
                0.2734104073408938,
                0.18603297893242277,
                0.16225805463804896
            ],
            "frequencies": [
                0.7993270543614751,
                1.5387413206098608,
                1.99675538110223,
                1.3596426649647009
            ],
            "weight_vectors": [
                [
                    0.6446611718776121,
                    0.5143415515115298
                ],
                [
                    0.3302466061936624,
                    0.11895815112301411
                ],
                [
                    0.5268428555777299,
                    0.997985110863914
                ],
                [
                    0.8223740249425656,
                    0.526881060278728
                ]
            ],
            "phases": [
                4.423937665045399,
                3.1980231560492207,
                4.416421225642223,
                3.5434879775687267
            ],
            "offset": 0.02635386999557001,
            "bounds": [
                [
                    1.1670554048798583,
                    5.148877422680039
                ],
                [
                    7.415749952002438,
                    7.887370521316087
                ]
            ],
            "minimum_value": 0.0,
            "active_dims": [
                1,
                2
            ]
        },
        {
            "type": "Gaussian",
            "mean": [
                3.190920386410202,
                2.011002105105928,
                8.98070537643375
            ],
            "std_dev": [
                3.266571236023185,
                2.7348739982565617,
                2.632424374740199
            ],
            "max_amplitude": 0.10024163441350517,
            "active_dims": [
                0,
                1,
                2
            ]
        },
        {
            "type": "Sinus",
            "amplitudes": [
                0.21969241565148315,
                0.08350043941222218,
                0.19412367507823225
            ],
            "frequencies": [
                1.6618867766262684,
                0.3084882352078587,
                0.2949786902283206
            ],
            "weight_vectors": [
                [
                    0.47943670771814295,
                    0.1776229062288791,
                    0.06370559244000584
                ],
                [
                    0.21194867463556355,
                    0.3164037866420264,
                    0.9857449649072061
                ],
                [
                    0.31475046962447284,
                    0.9863550599767058,
                    0.6661353252298274
                ]
            ],
            "phases": [
                0.031556156685111296,
                1.181610009245422,
                0.1645493299505292
            ],
            "offset": -0.018081507550809638,
            "bounds": [
                [
                    2.6269576134232233,
                    5.184673889051879
                ],
                [
                    3.155398927256418,
                    5.79900516671578
                ],
                [
                    5.533984923534626,
                    7.6119277069808025
                ]
            ],
            "minimum_value": 0.0,
            "active_dims": [
                0,
                1,
                2
            ]
        },
        {
            "type": "Gaussian",
            "mean": [
                6.430804786942251,
                9.724882380544976
            ],
            "std_dev": [
                1.7614945236471051,
                2.3949250956211157
            ],
            "max_amplitude": 0.1400570779208232,
            "active_dims": [
                0,
                2
            ]
        },
        {
            "type": "StaticHypercube",
            "dimensions": [
                [
                    2.2489945901554904,
                    8.470073881643824
                ]
            ],
            "static_value": 0.12548183968292462,
            "active_dims": [
                2
            ]
        },
        {
            "type": "Gaussian",
            "mean": [
                3.5697478461919783,
                1.4309320577510243
            ],
            "std_dev": [
                1.8967187049447707,
                3.75221403273099
            ],
            "max_amplitude": 0.16406314444242415,
            "active_dims": [
                0,
                2
            ]
        },
        {
            "type": "Gaussian",
            "mean": [
                4.11454416071098,
                7.018913177827143,
                0.019030975104624703
            ],
            "std_dev": [
                2.801607027394165,
                0.5774150755576352,
                1.8363442866162658
            ],
            "max_amplitude": 0.07687163354713268,
            "active_dims": [
                0,
                1,
                2
            ]
        },
        {
            "type": "Gaussian",
            "mean": [
                4.081446323137322
            ],
            "std_dev": [
                2.7565108053583773
            ],
            "max_amplitude": 0.08618521834977676,
            "active_dims": [
                0
            ]
        }
    ],
    "stats": {
        "energy": 262482064.33556086,
        "bandwidth": 7,
        "mean": 0.2168817356733657,
        "std": 0.13055591893699173,
        "pct_over_06": 0.008203125,
        "pct_over_08": 0.003109375
    }
}