{
    "functions": [
        {
            "type": "StaticHypercube",
            "dimensions": [
                [
                    0.49869717171974065,
                    5.7839661853641
                ],
                [
                    2.0789517194796505,
                    6.857444196967888
                ],
                [
                    3.987335318500081,
                    8.867986716824586
                ]
            ],
            "static_value": 0.2472854600566481,
            "active_dims": [
                0,
                1,
                2
            ]
        },
        {
            "type": "Sinus",
            "amplitudes": [
                0.218174263733014,
                0.3132337464756339,
                0.16252933228568953
            ],
            "frequencies": [
                0.19757708859193512,
                0.6040088988868837,
                1.3225477601041524
            ],
            "weight_vectors": [
                [
                    0.7011299685210699
                ],
                [
                    0.25902057709501725
                ],
                [
                    0.3169947591121396
                ]
            ],
            "phases": [
                2.410196431202116,
                3.5353377454291994,
                2.940518631136544
            ],
            "offset": -0.15336555195608303,
            "bounds": [
                [
                    9.601723917894661,
                    9.98304889020562
                ]
            ],
            "minimum_value": 0.0,
            "active_dims": [
                2
            ]
        },
        {
            "type": "Gaussian",
            "mean": [
                9.229525808980224,
                8.156662260863659
            ],
            "std_dev": [
                3.87461651512318,
                1.4194093304428321
            ],
            "max_amplitude": 0.3513251111327386,
            "active_dims": [
                0,
                2
            ]
        },
        {
            "type": "Ramp",
            "coeff": [
                1.2292062795035144,
                1.2305212728943717
            ],
            "min_value": 0.031126031517769878,
            "max_value": 0.26173557257699687,
            "bounds": [
                [
                    2.525039453676376,
                    4.494828258146622
                ],
                [
                    2.631702126016646,
                    8.814363454214122
                ]
            ],
            "active_dims": [
                0,
                2
            ]
        },
        {
            "type": "Sinus",
            "amplitudes": [
                0.10298638328427885
            ],
            "frequencies": [
                1.583360604556976
            ],
            "weight_vectors": [
                [
                    0.7090419225546297,
                    0.8124921121162261,
                    0.9232012713119433
                ]
            ],
            "phases": [
                6.214123915234081
            ],
            "offset": -0.013763773563961346,
            "bounds": [
                [
                    4.619505426103783,
                    6.063037670056907
                ],
                [
                    7.87465085860425,
                    9.682697662621603
                ],
                [
                    2.117714441259725,
                    2.7356349778683766
                ]
            ],
            "minimum_value": 0.0,
            "active_dims": [
                0,
                1,
                2
            ]
        },
        {
            "type": "Sinus",
            "amplitudes": [
                0.12249461855996241,
                0.13722428762975658,
                0.12173529891439422,
                0.10030815878866763,
                0.4169510698587357
            ],
            "frequencies": [
                0.185160547681831,
                1.7661294080664354,
                0.44952224067137003,
                0.7029790730307814,
                1.4598235025950712
            ],
            "weight_vectors": [
                [
                    0.406244612983366
                ],
                [
                    0.45890108089250803
                ],
                [
                    0.17081846764009623
                ],
                [
                    0.7352213644611792
                ],
                [
                    0.5494682725566644
                ]
            ],
            "phases": [
                3.5756087746546195,
                0.6743640004917624,
                6.122894822328999,
                1.0920831971661598,
                6.186967740521354
            ],
            "offset": 0.13288906943136236,
            "bounds": [
                [
                    4.328165863205255,
                    6.885006818091362
                ]
            ],
            "minimum_value": 0.0,
            "active_dims": [
                0
            ]
        },
        {
            "type": "Ramp",
            "coeff": [
                0.5245192736053987
            ],
            "min_value": 0.14772818400845766,
            "max_value": 0.422783521600434,
            "bounds": [
                [
                    5.534179153776865,
                    6.857116797844075
                ]
            ],
            "active_dims": [
                2
            ]
        },
        {
            "type": "Gaussian",
            "mean": [
                8.413165605341206
            ],
            "std_dev": [
                1.087124652572425
            ],
            "max_amplitude": 0.28977177184112946,
            "active_dims": [
                1
            ]
        },
        {
            "type": "Sinus",
            "amplitudes": [
                0.11511201283283679,
                0.19032438965341028
            ],
            "frequencies": [
                1.9162338373664367,
                0.46806653584434
            ],
            "weight_vectors": [
                [
                    0.05649726746402994
                ],
                [
                    0.09037926397773755
                ]
            ],
            "phases": [
                1.0687712673019398,
                3.4410204522146235
            ],
            "offset": 0.23523919462626341,
            "bounds": [
                [
                    8.735050628731521,
                    8.971459224910808
                ]
            ],
            "minimum_value": 0.0,
            "active_dims": [
                0
            ]
        }
    ],
    "stats": {
        "energy": 351504405.73766595,
        "bandwidth": 43,
        "mean": 0.21416004992689036,
        "std": 0.19987990975172865,
        "pct_over_06": 0.047390625,
        "pct_over_08": 0.006875
    }
}