{
    "functions": [
        {
            "type": "Sinus",
            "amplitudes": [
                0.2655884334478194,
                0.1297833032276999,
                0.13964148627604703,
                0.08663478182559141,
                0.2383238290189557
            ],
            "frequencies": [
                1.7885498049103552,
                0.8670954673894691,
                1.5119876947536701,
                0.29776060991175457,
                0.3993576489369951
            ],
            "weight_vectors": [
                [
                    0.3472505066944134,
                    0.44601367678850834
                ],
                [
                    0.6920453893848454,
                    0.14217995895123814
                ],
                [
                    0.362479693773221,
                    0.8458212554637866
                ],
                [
                    0.48780922455578424,
                    0.8490715900354012
                ],
                [
                    0.5993636369302152,
                    0.7023198870801209
                ]
            ],
            "phases": [
                1.5946469965301187,
                4.092087951498018,
                4.887102683649374,
                1.6711360645842799,
                4.187541320420218
            ],
            "offset": 0.03594945533940029,
            "bounds": [
                [
                    2.9198655833957514,
                    6.1823089726995315
                ],
                [
                    3.9451340933081287,
                    5.665659857569191
                ]
            ],
            "minimum_value": 0.0,
            "active_dims": [
                1,
                2
            ]
        },
        {
            "type": "StaticHypercube",
            "dimensions": [
                [
                    0.0074021394492165835,
                    2.7463136372701245
                ]
            ],
            "static_value": 0.10785927758872586,
            "active_dims": [
                2
            ]
        },
        {
            "type": "Sinus",
            "amplitudes": [
                0.127288549328989,
                0.11899400381993258,
                0.061101129330728754,
                0.106697226409912
            ],
            "frequencies": [
                1.018693210596625,
                1.9454396219626702,
                0.5091632811086472,
                1.9872448513996628
            ],
            "weight_vectors": [
                [
                    0.7213649029985914
                ],
                [
                    0.5438632763347516
                ],
                [
                    0.712141551165989
                ],
                [
                    0.3684987239571391
                ]
            ],
            "phases": [
                5.0480649556431985,
                2.7445592701505426,
                2.0042324716862794,
                4.792778055750145
            ],
            "offset": 0.11249653956735407,
            "bounds": [
                [
                    6.073458078992511,
                    7.773446366266882
                ]
            ],
            "minimum_value": 0.0,
            "active_dims": [
                0
            ]
        },
        {
            "type": "Ramp",
            "coeff": [
                1.3119074408251403,
                1.4784356688934768,
                1.230782174081802
            ],
            "min_value": 0.003128810779871619,
            "max_value": 0.18148937218872713,
            "bounds": [
                [
                    3.740553515165334,
                    6.267492300741382
                ],
                [
                    2.2091112795145054,
                    7.54277339824411
                ],
                [
                    4.867302417114693,
                    5.236712390766771
                ]
            ],
            "active_dims": [
                0,
                1,
                2
            ]
        },
        {
            "type": "Ramp",
            "coeff": [
                1.5787233812771222
            ],
            "min_value": 0.10148446152074721,
            "max_value": 0.16955809976964378,
            "bounds": [
                [
                    0.025021055552729012,
                    5.569177279919652
                ]
            ],
            "active_dims": [
                0
            ]
        },
        {
            "type": "Ramp",
            "coeff": [
                1.6909995447984767,
                1.4426515180187975,
                0.18005144527088834
            ],
            "min_value": 0.02800328453526889,
            "max_value": 0.1912000762575187,
            "bounds": [
                [
                    4.387235036905225,
                    6.2872388139388455
                ],
                [
                    2.748770335386349,
                    5.157745775945999
                ],
                [
                    2.0642824606930135,
                    4.854828995842754
                ]
            ],
            "active_dims": [
                0,
                1,
                2
            ]
        },
        {
            "type": "Gaussian",
            "mean": [
                9.269681985824029,
                2.083518911041724
            ],
            "std_dev": [
                2.3029817589766384,
                3.462167687346502
            ],
            "max_amplitude": 0.20610171359735105,
            "active_dims": [
                0,
                1
            ]
        },
        {
            "type": "Gaussian",
            "mean": [
                6.6526998485632,
                4.1906408406749085
            ],
            "std_dev": [
                0.3948781522592357,
                2.9781352871057964
            ],
            "max_amplitude": 0.1248416889485086,
            "active_dims": [
                0,
                2
            ]
        },
        {
            "type": "Ramp",
            "coeff": [
                0.57275685687069
            ],
            "min_value": 0.15852368872416242,
            "max_value": 0.23804843434329603,
            "bounds": [
                [
                    2.1274664349763253,
                    4.437960466586864
                ]
            ],
            "active_dims": [
                2
            ]
        }
    ],
    "stats": {
        "energy": 255943231.25451195,
        "bandwidth": 83,
        "mean": 0.21177898160554917,
        "std": 0.13279986217279183,
        "pct_over_06": 0.015125,
        "pct_over_08": 0.0055
    }
}