{
    "functions": [
        {
            "type": "Ramp",
            "coeff": [
                1.3161724778352946,
                0.7374227237875441
            ],
            "min_value": 0.10030134797866175,
            "max_value": 0.20248664729545654,
            "bounds": [
                [
                    5.043133396407654,
                    7.70791312060446
                ],
                [
                    5.470665868573631,
                    8.583353415955198
                ]
            ],
            "active_dims": [
                1,
                2
            ]
        },
        {
            "type": "Ramp",
            "coeff": [
                0.5451598089688221,
                0.405572405455773
            ],
            "min_value": 0.024472909892131797,
            "max_value": 0.133129210757497,
            "bounds": [
                [
                    7.6783732963439135,
                    9.52579005239136
                ],
                [
                    3.667162586754265,
                    7.930785049833466
                ]
            ],
            "active_dims": [
                0,
                2
            ]
        },
        {
            "type": "Sinus",
            "amplitudes": [
                0.07035271121789165,
                0.1579137088106629,
                0.19320295331619444,
                0.13662901458622617
            ],
            "frequencies": [
                1.4732588730366047,
                0.519259661189678,
                1.995219152207648,
                1.5997246137644523
            ],
            "weight_vectors": [
                [
                    0.32351483473901343,
                    0.2834058790227968
                ],
                [
                    0.6455410664966663,
                    0.8254304678658724
                ],
                [
                    0.857509188075682,
                    0.13890043233878335
                ],
                [
                    0.025842041216688538,
                    0.3689603516332347
                ]
            ],
            "phases": [
                2.10798524690306,
                5.560561511985084,
                4.479691675819191,
                2.437200868274314
            ],
            "offset": 0.06405232283303755,
            "bounds": [
                [
                    4.220717270346849,
                    8.74074955643918
                ],
                [
                    3.829096454013115,
                    9.874792402388135
                ]
            ],
            "minimum_value": 0.0,
            "active_dims": [
                1,
                2
            ]
        },
        {
            "type": "Gaussian",
            "mean": [
                6.670595056829737
            ],
            "std_dev": [
                2.479092222477927
            ],
            "max_amplitude": 0.1801463407207971,
            "active_dims": [
                1
            ]
        },
        {
            "type": "Gaussian",
            "mean": [
                7.154479154152536
            ],
            "std_dev": [
                2.538640061604082
            ],
            "max_amplitude": 0.14066248963932879,
            "active_dims": [
                1
            ]
        },
        {
            "type": "Gaussian",
            "mean": [
                6.671430001032126,
                0.09978774025778514
            ],
            "std_dev": [
                3.1670302754733934,
                3.005227443657287
            ],
            "max_amplitude": 0.11527867186023102,
            "active_dims": [
                1,
                2
            ]
        },
        {
            "type": "Gaussian",
            "mean": [
                6.331863957490019,
                5.683465445360777
            ],
            "std_dev": [
                2.9753358169189394,
                2.1049800042910527
            ],
            "max_amplitude": 0.1347502311095198,
            "active_dims": [
                0,
                2
            ]
        },
        {
            "type": "Gaussian",
            "mean": [
                8.676970443105667,
                6.7076872439538775
            ],
            "std_dev": [
                3.7252069344652683,
                1.6505331817504512
            ],
            "max_amplitude": 0.15810617450506206,
            "active_dims": [
                1,
                2
            ]
        },
        {
            "type": "StaticHypercube",
            "dimensions": [
                [
                    1.1841331194964044,
                    6.12808183037389
                ],
                [
                    2.6940060943429183,
                    6.001022307786597
                ],
                [
                    0.6285780957793157,
                    2.462477369632505
                ]
            ],
            "static_value": 0.1214465844924639,
            "active_dims": [
                0,
                1,
                2
            ]
        }
    ],
    "stats": {
        "energy": 635662721.1039063,
        "bandwidth": 8,
        "mean": 0.3370540648983726,
        "std": 0.20392560250000977,
        "pct_over_06": 0.125234375,
        "pct_over_08": 0.0106875
    }
}