{
    "functions": [
        {
            "type": "StaticHypercube",
            "dimensions": [
                [
                    7.060816831057938,
                    9.11513638807241
                ]
            ],
            "static_value": 0.03744273051088569,
            "active_dims": [
                2
            ]
        },
        {
            "type": "Sinus",
            "amplitudes": [
                0.0261498397771685,
                0.11957804483201379,
                0.07133236915554297,
                0.1255983556434779,
                0.05009409470159836
            ],
            "frequencies": [
                0.41737809544784343,
                1.1715148936023019,
                1.2805716282479929,
                0.9965314067798315,
                1.8195035119961158
            ],
            "weight_vectors": [
                [
                    0.38949114591170664,
                    0.6248255944339095,
                    0.309549228602205
                ],
                [
                    0.8273977777719949,
                    0.8697262281233976,
                    0.8185897878291722
                ],
                [
                    0.8984878623748799,
                    0.9695222406830712,
                    0.1057584843517041
                ],
                [
                    0.43294633659555337,
                    0.954358233321878,
                    0.4344886028431463
                ],
                [
                    0.8677690204187154,
                    0.7121304373053422,
                    0.9343761313362844
                ]
            ],
            "phases": [
                4.4617655053212975,
                5.883437722089879,
                1.4773472923593218,
                2.353034791719818,
                0.5824203802843958
            ],
            "offset": 0.06603306104902436,
            "bounds": [
                [
                    0.9567002666453871,
                    1.5857620640020558
                ],
                [
                    4.570061520572066,
                    8.01785449358826
                ],
                [
                    6.837717995975371,
                    8.731687080223711
                ]
            ],
            "minimum_value": 0.0,
            "active_dims": [
                0,
                1,
                2
            ]
        },
        {
            "type": "StaticHypercube",
            "dimensions": [
                [
                    2.408868503577524,
                    7.773140267221617
                ],
                [
                    3.0230319661541576,
                    8.069926679810887
                ]
            ],
            "static_value": 0.022337152519177884,
            "active_dims": [
                0,
                1
            ]
        },
        {
            "type": "Gaussian",
            "mean": [
                6.777564508389302,
                6.256211749782279
            ],
            "std_dev": [
                2.578447664993117,
                0.6891433605880436
            ],
            "max_amplitude": 0.05545816241962454,
            "active_dims": [
                0,
                1
            ]
        },
        {
            "type": "Sinus",
            "amplitudes": [
                0.04185062746891932,
                0.07473836395380602
            ],
            "frequencies": [
                0.22480309789705666,
                1.7969094820854752
            ],
            "weight_vectors": [
                [
                    0.7057384536368543
                ],
                [
                    0.22058262319183408
                ]
            ],
            "phases": [
                1.6870271286348004,
                0.20706180401169236
            ],
            "offset": 0.08172706411918804,
            "bounds": [
                [
                    2.5655432965616702,
                    5.0437066436347315
                ]
            ],
            "minimum_value": 0.0,
            "active_dims": [
                2
            ]
        },
        {
            "type": "Gaussian",
            "mean": [
                2.598226279310211
            ],
            "std_dev": [
                1.1841533998520128
            ],
            "max_amplitude": 0.09661648987169486,
            "active_dims": [
                1
            ]
        },
        {
            "type": "Sinus",
            "amplitudes": [
                0.03409954833675953,
                0.0851227740966483,
                0.1357876273871202,
                0.11450106343216616
            ],
            "frequencies": [
                1.7450707445075533,
                0.12054065578059119,
                1.2152958460442673,
                0.32717263531734503
            ],
            "weight_vectors": [
                [
                    0.9167677713179577,
                    0.5289372229120155
                ],
                [
                    0.0881186238312186,
                    0.32340566568309925
                ],
                [
                    0.3940154768419716,
                    0.10613104698064735
                ],
                [
                    0.7765892867315689,
                    0.1052322167334514
                ]
            ],
            "phases": [
                3.8806576011790335,
                1.406187687121345,
                4.603502911445139,
                6.111823830726887
            ],
            "offset": 0.0732571811504605,
            "bounds": [
                [
                    1.8517875936804613,
                    3.420016324817631
                ],
                [
                    3.3895965647309785,
                    7.356753828594634
                ]
            ],
            "minimum_value": 0.0,
            "active_dims": [
                0,
                1
            ]
        },
        {
            "type": "Sinus",
            "amplitudes": [
                0.1394431564275456,
                0.07935696338480601,
                0.07957374303744938,
                0.1858400243103973,
                0.09128665449858513
            ],
            "frequencies": [
                0.5880905905623405,
                1.826908357619447,
                1.6047601093713286,
                0.5566642961082071,
                1.381378141489751
            ],
            "weight_vectors": [
                [
                    0.246161029480785,
                    0.5524200960844148
                ],
                [
                    0.13029769015397652,
                    0.8049896546371691
                ],
                [
                    0.170222042132956,
                    0.12405752549227467
                ],
                [
                    0.26523341548394175,
                    0.03603029433992766
                ],
                [
                    0.28868776559143283,
                    0.8618976484009672
                ]
            ],
            "phases": [
                1.027441659642083,
                4.343172828568108,
                1.94011637643338,
                0.14376792698798227,
                3.3241080553754627
            ],
            "offset": 0.06843892113272178,
            "bounds": [
                [
                    1.4264586910784516,
                    4.012955568273741
                ],
                [
                    2.33077892020921,
                    7.17683302748976
                ]
            ],
            "minimum_value": 0.0,
            "active_dims": [
                1,
                2
            ]
        },
        {
            "type": "StaticHypercube",