{
    "functions": [
        {
            "type": "Gaussian",
            "mean": [
                0.24415845242733547,
                3.1799851497918183,
                9.99470569303876
            ],
            "std_dev": [
                1.646171720800728,
                0.8216123825454688,
                1.7023287893017134
            ],
            "max_amplitude": 0.3096652552333036,
            "active_dims": [
                0,
                1,
                2
            ]
        },
        {
            "type": "Gaussian",
            "mean": [
                6.601922409845338
            ],
            "std_dev": [
                3.7568296181831884
            ],
            "max_amplitude": 0.16955467562181822,
            "active_dims": [
                1
            ]
        },
        {
            "type": "StaticHypercube",
            "dimensions": [
                [
                    2.172626537853726,
                    2.5624587702082753
                ],
                [
                    0.8376800681513751,
                    2.648383142111852
                ]
            ],
            "static_value": 0.48226387867501075,
            "active_dims": [
                1,
                2
            ]
        },
        {
            "type": "Sinus",
            "amplitudes": [
                0.23289953162491336,
                0.16279168672859917,
                0.16409605999872634
            ],
            "frequencies": [
                0.8472984531742036,
                1.6721158462960226,
                1.912185789974368
            ],
            "weight_vectors": [
                [
                    0.39928512892047585,
                    0.4460598404137799
                ],
                [
                    0.4614332969388706,
                    0.19699820710025617
                ],
                [
                    0.4867444910245785,
                    0.8211086400447156
                ]
            ],
            "phases": [
                3.047964704382374,
                0.9011976825683776,
                2.7822378485679886
            ],
            "offset": -0.044671185900560295,
            "bounds": [
                [
                    9.150881576813164,
                    9.481132687179825
                ],
                [
                    2.7249091332275293,
                    4.382678555199002
                ]
            ],
            "minimum_value": 0.0,
            "active_dims": [
                0,
                2
            ]
        },
        {
            "type": "StaticHypercube",
            "dimensions": [
                [
                    7.405855971828766,
                    9.927868371240674
                ]
            ],
            "static_value": 0.34100110204112105,
            "active_dims": [
                0
            ]
        },
        {
            "type": "Gaussian",
            "mean": [
                5.593927917455332,
                5.591211620634521
            ],
            "std_dev": [
                3.5326557882740697,
                3.5447009398855567
            ],
            "max_amplitude": 0.3217199267584021,
            "active_dims": [
                0,
                1
            ]
        },
        {
            "type": "Gaussian",
            "mean": [
                1.0882732386845673,
                4.47558353706122,
                6.253615578890405
            ],
            "std_dev": [
                1.1053703039280474,
                3.774899370576206,
                1.5704606540700035
            ],
            "max_amplitude": 0.2406889334630586,
            "active_dims": [
                0,
                1,
                2
            ]
        },
        {
            "type": "Gaussian",
            "mean": [
                8.133348807147078,
                9.53705734513157,
                6.611187730842749
            ],
            "std_dev": [
                0.9309471541988474,
                1.9508118452065228,
                2.9728330906514198
            ],
            "max_amplitude": 0.130394445601002,
            "active_dims": [
                0,
                1,
                2
            ]
        },
        {
            "type": "StaticHypercube",
            "dimensions": [
                [
                    0.0630793360524367,
                    0.977831170878074
                ],
                [
                    3.646274113682333,
                    5.115856484299231
                ]
            ],
            "static_value": 0.11039185728489466,
            "active_dims": [
                0,
                1
            ]
        }
    ],
    "stats": {
        "energy": 813325809.8190738,
        "bandwidth": 6,
        "mean": 0.40936905838401755,
        "std": 0.17601944658373028,
        "pct_over_06": 0.178125,
        "pct_over_08": 0.005921875
    }
}