{
    "functions": [
        {
            "type": "Sinus",
            "amplitudes": [
                0.2944484637708187,
                0.10392288759900717,
                0.6237743551393057,
                0.09484975930523526,
                0.5995919899486453
            ],
            "frequencies": [
                1.3226410728552072,
                1.843109683329072,
                1.258738685069918,
                1.5060689040425663,
                1.3452456247856235
            ],
            "weight_vectors": [
                [
                    0.4486742471472508
                ],
                [
                    0.060900223969603706
                ],
                [
                    0.2871863508762563
                ],
                [
                    0.4002303616137325
                ],
                [
                    0.7742705516133908
                ]
            ],
            "phases": [
                1.386379899275378,
                3.9356205817074232,
                1.7252044901867258,
                3.3325407220000534,
                4.178193615669913
            ],
            "offset": -0.20768733257044525,
            "bounds": [
                [
                    1.7394720147108047,
                    4.805463968841083
                ]
            ],
            "minimum_value": 0.0,
            "active_dims": [
                1
            ]
        },
        {
            "type": "Sinus",
            "amplitudes": [
                0.23508431265808288,
                0.19491422649550696,
                0.16686091628847627
            ],
            "frequencies": [
                1.21348315698357,
                0.5137915647670301,
                1.3538595059389273
            ],
            "weight_vectors": [
                [
                    0.7663291135293377,
                    0.3697570546300154
                ],
                [
                    0.8160820035015899,
                    0.5703902907028118
                ],
                [
                    0.7932334271338561,
                    0.9462347517223079
                ]
            ],
            "phases": [
                3.9941195809910557,
                1.546854041528964,
                3.121837479903749
            ],
            "offset": -0.14102564652294472,
            "bounds": [
                [
                    7.880244904605502,
                    9.96355040294206
                ],
                [
                    1.3248746245913545,
                    5.441793099691733
                ]
            ],
            "minimum_value": 0.0,
            "active_dims": [
                1,
                2
            ]
        },
        {
            "type": "Sinus",
            "amplitudes": [
                0.4013844130881629,
                0.19590179956264017
            ],
            "frequencies": [
                0.12998944242848065,
                1.0313573452070113
            ],
            "weight_vectors": [
                [
                    0.5889588963945213
                ],
                [
                    0.6800922764874933
                ]
            ],
            "phases": [
                3.711700011760125,
                1.806737765233137
            ],
            "offset": 0.15647471983629285,
            "bounds": [
                [
                    0.9894402963520298,
                    3.374124419682199
                ]
            ],
            "minimum_value": 0.0,
            "active_dims": [
                0
            ]
        },
        {
            "type": "Sinus",
            "amplitudes": [
                0.19634770678942373,
                0.3378315795072263,
                0.05300739118983737,
                0.25965959709814657
            ],
            "frequencies": [
                1.7746209278109741,
                0.31899994259879916,
                0.16402688585294278,
                0.39299033796113114
            ],
            "weight_vectors": [
                [
                    0.8643889739551243,
                    0.7113694507857364
                ],
                [
                    0.5278075641535883,
                    0.3483216909738529
                ],
                [
                    0.010572399322615111,
                    0.8626046251904218
                ],
                [
                    0.4542179141585353,
                    0.5775125278033837
                ]
            ],
            "phases": [
                2.306171703106817,
                0.33148374737051484,
                1.324049127635136,
                1.6680836801468315
            ],
            "offset": 0.16903668736873376,
            "bounds": [
                [
                    3.1694599813786923,
                    6.541157299012346
                ],
                [
                    5.454347508824333,
                    9.596477648130161
                ]
            ],
            "minimum_value": 0.0,
            "active_dims": [
                1,
                2
            ]
        },
        {
            "type": "Ramp",
            "coeff": [
                1.5753708595669753
            ],
            "min_value": 0.06612380316300583,
            "max_value": 0.3456904813703673,
            "bounds": [
                [
                    5.452052021265938,
                    7.670323375005193
                ]
            ],
            "active_dims": [
                2
            ]
        },
        {
            "type": "Ramp",
            "coeff": [
                1.886587825052587,
                1.0911649338999847
            ],
            "min_value": 0.2140823534924102,
            "max_value": 0.38836694157115337,
            "bounds": [
                [
                    7.117708404689888,
                    7.587292712290511
                ],
                [
                    2.396224584400992,
                    4.759812381152402
                ]
            ],
            "active_dims": [
                0,
                1
            ]
        },
        {
            "type": "Gaussian",
            "mean": [
                8.839370787471365
            ],
            "std_dev": [
                1.4760782403718244
            ],
            "max_amplitude": 0.35780727171257526,
            "active_dims": [
                2
            ]
        },
        {
            "type": "Ramp",
            "coeff": [
                1.1092922096462121,
                0.24508955918699993
            ],
            "min_value": 0.25121678453478014,
            "max_value": 0.3265023659250014,
            "bounds": [
                [
                    6.859823917224107,
                    9.479792800861233
                ],
                [
                    2.399733474915129,
                    2.8923928619794896
                ]
            ],
            "active_dims": [
                0,
                2
            ]
        },
        {
            "type": "Ramp",
            "coeff": [
                1.604254156797514,
                0.4481878909986903
            ],
            "min_value": 0.25178448250627183,
            "max_value": 0.30987213254320695,
            "bounds": [
                [
                    7.861076692376163,
                    9.959781666748288
                ],
                [
                    5.212971633817233,
                    8.878101076967624
                ]
            ],
            "active_dims": [
                0,
                2
            ]
        }
    ],
    "stats": {
        "energy": 423489513.35938513,
        "bandwidth": 154,
        "mean": 0.22943818305424582,
        "std": 0.22527564144681184,
        "pct_over_06": 0.075140625,
        "pct_over_08": 0.008703125
    }
}