{
    "functions": [
        {
            "type": "Gaussian",
            "mean": [
                8.439162007941487,
                6.170162455649341,
                5.7528648271793585
            ],
            "std_dev": [
                2.6895787702415053,
                1.7639856811808532,
                1.8992667706784978
            ],
            "max_amplitude": 0.2228713116305338,
            "active_dims": [
                0,
                1,
                2
            ]
        },
        {
            "type": "Sinus",
            "amplitudes": [
                0.2515200704210201,
                0.3346746730479888,
                0.14162658127775515
            ],
            "frequencies": [
                1.605725210545211,
                0.6045288949986213,
                1.3209489376914012
            ],
            "weight_vectors": [
                [
                    0.8445704306813531,
                    0.22233657910469806
                ],
                [
                    0.899360430815159,
                    0.7587393636622569
                ],
                [
                    0.1659712632224194,
                    0.14656721077962853
                ]
            ],
            "phases": [
                3.0825662233966566,
                2.3620601678045805,
                4.562622606302904
            ],
            "offset": -0.09922633742633484,
            "bounds": [
                [
                    5.5850034285752646,
                    7.283298398473763
                ],
                [
                    0.624863961005604,
                    4.396919430933993
                ]
            ],
            "minimum_value": 0.0,
            "active_dims": [
                1,
                2
            ]
        },
        {
            "type": "StaticHypercube",
            "dimensions": [
                [
                    0.34220814297511504,
                    2.1439478622354704
                ]
            ],
            "static_value": 0.18760029300693024,
            "active_dims": [
                2
            ]
        },
        {
            "type": "Ramp",
            "coeff": [
                1.5974509911846682,
                0.103055913995874
            ],
            "min_value": 0.1829988397348709,
            "max_value": 0.4280217715269296,
            "bounds": [
                [
                    3.6198690249772185,
                    5.816380063011191
                ],
                [
                    7.011139659644985,
                    7.723007499264871
                ]
            ],
            "active_dims": [
                0,
                1
            ]
        },
        {
            "type": "Gaussian",
            "mean": [
                1.2564812858853558,
                0.46078457568819675
            ],
            "std_dev": [
                2.98844266621492,
                3.3876908274895463
            ],
            "max_amplitude": 0.18958858618938207,
            "active_dims": [
                0,
                2
            ]
        },
        {
            "type": "Sinus",
            "amplitudes": [
                0.22162104334457208,
                0.11634014725508529,
                0.20925893197867965,
                0.1794233239547309,
                0.10135453921259438
            ],
            "frequencies": [
                1.6986410019781957,
                1.7657060719259643,
                0.8667350741119799,
                1.7312868510746042,
                1.3005681302340202
            ],
            "weight_vectors": [
                [
                    0.6471750895290791
                ],
                [
                    0.9227681061575634
                ],
                [
                    0.37719877917516587
                ],
                [
                    0.059171991155112846
                ],
                [
                    0.6239815517004557
                ]
            ],
            "phases": [
                4.022112557339942,
                0.020527938537318706,
                0.47533384864527223,
                5.097943734972682,
                1.0613479229095426
            ],
            "offset": 0.031206453581856718,
            "bounds": [
                [
                    2.038806415145598,
                    4.585647540424931
                ]
            ],
            "minimum_value": 0.0,
            "active_dims": [
                0
            ]
        },
        {
            "type": "Ramp",
            "coeff": [
                0.176358654939756,
                0.9788511450024437
            ],
            "min_value": 0.014795270862249101,
            "max_value": 0.16540260880155866,
            "bounds": [
                [
                    8.00207193538803,
                    9.59550572204874
                ],
                [
                    3.694049103571341,
                    9.012714169929122
                ]
            ],
            "active_dims": [
                0,
                1
            ]
        },
        {
            "type": "Gaussian",
            "mean": [
                6.969566333199819
            ],
            "std_dev": [
                2.439614585086713
            ],
            "max_amplitude": 0.17480638566356593,
            "active_dims": [
                1
            ]
        },
        {
            "type": "StaticHypercube",
            "dimensions": [
                [
                    1.3772201275313618,
                    6.633372175224989
                ]
            ],
            "static_value": 0.2319124502273405,
            "active_dims": [
                0
            ]
        }
    ],
    "stats": {
        "energy": 730093379.1238757,
        "bandwidth": 7,
        "mean": 0.36521743155765035,
        "std": 0.21180576378866073,
        "pct_over_06": 0.150671875,
        "pct_over_08": 0.015640625
    }
}