{
    "functions": [
        {
            "type": "Gaussian",
            "mean": [
                9.067788714581509,
                2.8034832213293273
            ],
            "std_dev": [
                1.3224960389907987,
                0.8304168964711097
            ],
            "max_amplitude": 0.160255575366911,
            "active_dims": [
                0,
                1
            ]
        },
        {
            "type": "Ramp",
            "coeff": [
                0.744180576702012
            ],
            "min_value": 0.01067858348099733,
            "max_value": 0.03997268285448592,
            "bounds": [
                [
                    1.0860908281227448,
                    3.3050616097623164
                ]
            ],
            "active_dims": [
                0
            ]
        },
        {
            "type": "Sinus",
            "amplitudes": [
                0.17937252001286028,
                0.3137646919075848
            ],
            "frequencies": [
                0.2355511655266831,
                0.6869507585472783
            ],
            "weight_vectors": [
                [
                    0.9958534634072155,
                    0.38449532480892756,
                    0.43055343566986204
                ],
                [
                    0.9164871229644296,
                    0.9331791288537815,
                    0.9653483464868927
                ]
            ],
            "phases": [
                5.771915878286118,
                5.061623128610719
            ],
            "offset": 0.11786022368890592,
            "bounds": [
                [
                    2.2050666268883243,
                    3.135141514270553
                ],
                [
                    3.0536809388428003,
                    5.825144548903337
                ],
                [
                    7.761822739919516,
                    8.691307920771651
                ]
            ],
            "minimum_value": 0.0,
            "active_dims": [
                0,
                1,
                2
            ]
        },
        {
            "type": "StaticHypercube",
            "dimensions": [
                [
                    8.999467869392001,
                    9.87130422950002
                ],
                [
                    5.987517215502654,
                    9.617219871104913
                ]
            ],
            "static_value": 0.17469354785580346,
            "active_dims": [
                0,
                1
            ]
        },
        {
            "type": "Ramp",
            "coeff": [
                0.8762961612078226,
                1.2501058723930023,
                0.4357441914454723
            ],
            "min_value": 0.040943226526250445,
            "max_value": 0.12286055403301531,
            "bounds": [
                [
                    6.118502707255301,
                    9.999109147879222
                ],
                [
                    1.1343043448326917,
                    5.717369970909597
                ],
                [
                    4.528288329451606,
                    9.001357022102521
                ]
            ],
            "active_dims": [
                0,
                1,
                2
            ]
        },
        {
            "type": "Gaussian",
            "mean": [
                4.412519286790779
            ],
            "std_dev": [
                0.12806270335639885
            ],
            "max_amplitude": 0.19936170174985954,
            "active_dims": [
                1
            ]
        },
        {
            "type": "Gaussian",
            "mean": [
                8.95684014181066
            ],
            "std_dev": [
                3.273074933730649
            ],
            "max_amplitude": 0.08477013317893627,
            "active_dims": [
                2
            ]
        },
        {
            "type": "Sinus",
            "amplitudes": [
                0.23403163731952037,
                0.08199743953080221,
                0.083640208484149,
                0.16424283036770018,
                0.17633700453656373
            ],
            "frequencies": [
                1.7894838346094284,
                0.6399954578899467,
                0.8219686406272291,
                1.30191282209525,
                1.906957379531363
            ],
            "weight_vectors": [
                [
                    0.45013537126231906,
                    0.7271872367598486,
                    0.04170877849289445
                ],
                [
                    0.4653634688268593,
                    0.010623145343177542,
                    0.8230372679657312
                ],
                [
                    0.8281964425955448,
                    0.1413862104280028,
                    0.41558087801139276
                ],
                [
                    0.14661305061198604,
                    0.5606039919526035,
                    0.470997516674897
                ],
                [
                    0.377034434502595,
                    0.7087638680224833,
                    0.8400423155326895
                ]
            ],
            "phases": [
                2.318268250503197,
                4.259699529746096,
                3.570173896422523,
                3.2122356274174053,
                1.5115529435185964
            ],
            "offset": 0.13683675836643114,
            "bounds": [
                [
                    2.2897039361548024,
                    3.1803021407977607
                ],
                [
                    1.6695902358908639,
                    4.4433151161398445
                ],
                [
                    8.05740910779813,
                    9.554459016237026
                ]
            ],
            "minimum_value": 0.0,
            "active_dims": [
                0,
                1,
                2
            ]
        },
        {
            "type": "StaticHypercube",
            "dimensions": [
                [
                    2.4458664296104518,
                    8.973506535492117
                ],
                [
                    5.083268042975569,
                    8.680409524642108
                ],
                [
                    3.0960954342972,
                    5.559747891950002
                ]
            ],
            "static_value": 0.0913609941943862,
            "active_dims": [
                0,
                1,
                2
            ]
        }
    ],
    "stats": {
        "energy": 47812948.65355816,
        "bandwidth": 476,
        "mean": 0.07966145533614354,
        "std": 0.0729872297124655,
        "pct_over_06": 0.001265625,
        "pct_over_08": 0.000328125
    }
}