{
    "functions": [
        {
            "type": "StaticHypercube",
            "dimensions": [
                [
                    1.257281218157108,
                    2.9965389682069024
                ],
                [
                    6.781516633098044,
                    9.330385865806655
                ],
                [
                    0.15730877154445902,
                    6.477945418734689
                ]
            ],
            "static_value": 0.3628802648762254,
            "active_dims": [
                0,
                1,
                2
            ]
        },
        {
            "type": "Sinus",
            "amplitudes": [
                0.29663515209979424,
                0.2590332428547151,
                0.154216713992441,
                0.20377636372116498
            ],
            "frequencies": [
                0.44001494047114187,
                1.201646237073322,
                1.9313791982184838,
                1.404745762217102
            ],
            "weight_vectors": [
                [
                    0.10550931507946615,
                    0.11199955626073921,
                    0.0925417781598099
                ],
                [
                    0.2651587576409873,
                    0.5555537217504912,
                    0.57914945056173
                ],
                [
                    0.5916802352969732,
                    0.5908654152152114,
                    0.28659037516827823
                ],
                [
                    0.4865911730346838,
                    0.38522337633879467,
                    0.0874562581858469
                ]
            ],
            "phases": [
                3.38293824738569,
                6.027643003029841,
                5.450401404236106,
                5.06791015057431
            ],
            "offset": -0.10480931835083955,
            "bounds": [
                [
                    0.11714538304833216,
                    1.2152352564408804
                ],
                [
                    1.0530572786663095,
                    6.001420486959334
                ],
                [
                    2.9876538670383996,
                    5.274639162772308
                ]
            ],
            "minimum_value": 0.0,
            "active_dims": [
                0,
                1,
                2
            ]
        },
        {
            "type": "Gaussian",
            "mean": [
                5.1497562061727065
            ],
            "std_dev": [
                2.027795893485757
            ],
            "max_amplitude": 0.24800874335192374,
            "active_dims": [
                0
            ]
        },
        {
            "type": "StaticHypercube",
            "dimensions": [
                [
                    1.688210968110261,
                    5.545581018591127
                ]
            ],
            "static_value": 0.050048240953648036,
            "active_dims": [
                0
            ]
        },
        {
            "type": "Ramp",
            "coeff": [
                1.1102812248843414,
                0.7311471533006879,
                1.2337741743693298
            ],
            "min_value": 0.1597331768248765,
            "max_value": 0.2988368461421484,
            "bounds": [
                [
                    3.3196395833620422,
                    6.32132913500938
                ],
                [
                    6.390710876998302,
                    8.336940835659519
                ],
                [
                    1.1897094806782287,
                    2.828698486052242
                ]
            ],
            "active_dims": [
                0,
                1,
                2
            ]
        },
        {
            "type": "Ramp",
            "coeff": [
                0.35575986593884035
            ],
            "min_value": 0.10768111704400106,
            "max_value": 0.3234239181399211,
            "bounds": [
                [
                    1.4963506102934976,
                    4.266731854311876
                ]
            ],
            "active_dims": [
                2
            ]
        },
        {
            "type": "Gaussian",
            "mean": [
                6.513938119262353,
                7.823151073719817
            ],
            "std_dev": [
                2.407363766996614,
                2.7946501177601926
            ],
            "max_amplitude": 0.14001400941413736,
            "active_dims": [
                1,
                2
            ]
        },
        {
            "type": "Ramp",
            "coeff": [
                0.43955750373129465,
                1.0395128480153268
            ],
            "min_value": 0.05063610704797761,
            "max_value": 0.2626484121056652,
            "bounds": [
                [
                    2.929847861062491,
                    5.612278909254653
                ],
                [
                    5.641294524427228,
                    8.858187013793131
                ]
            ],
            "active_dims": [
                0,
                2
            ]
        },
        {
            "type": "Ramp",
            "coeff": [
                0.07972092600836267,
                1.0060826235597418
            ],
            "min_value": 0.06596244105339591,
            "max_value": 0.15480898203317126,
            "bounds": [
                [
                    1.7452636648349173,
                    5.323290202608054
                ],
                [
                    5.255720993648412,
                    7.3594819394334925
                ]
            ],
            "active_dims": [
                0,
                1
            ]
        }
    ],
    "stats": {
        "energy": 427222417.9050872,
        "bandwidth": 28,
        "mean": 0.27164910442865997,
        "std": 0.17466857812573539,
        "pct_over_06": 0.04875,
        "pct_over_08": 0.004796875
    }
}