{
    "functions": [
        {
            "type": "Gaussian",
            "mean": [
                0.41117580223852146,
                9.274147034750586,
                1.9866716781061566
            ],
            "std_dev": [
                1.8915688195901803,
                3.6526972390319545,
                2.62616892356447
            ],
            "max_amplitude": 0.2870676142549099,
            "active_dims": [
                0,
                1,
                2
            ]
        },
        {
            "type": "Sinus",
            "amplitudes": [
                0.13423772261198622
            ],
            "frequencies": [
                1.5670407539135787
            ],
            "weight_vectors": [
                [
                    0.13878381076305968,
                    0.9362657182221804
                ]
            ],
            "phases": [
                2.420185876058178
            ],
            "offset": -0.2608122632041213,
            "bounds": [
                [
                    1.9344030202888147,
                    5.05352151812769
                ],
                [
                    2.407209365513736,
                    5.808421345692638
                ]
            ],
            "minimum_value": 0.0,
            "active_dims": [
                0,
                2
            ]
        },
        {
            "type": "Sinus",
            "amplitudes": [
                0.3494431529078258
            ],
            "frequencies": [
                1.208305550860326
            ],
            "weight_vectors": [
                [
                    0.0534767853762923,
                    0.2577832475640015
                ]
            ],
            "phases": [
                5.696937221459157
            ],
            "offset": 0.2322703997562854,
            "bounds": [
                [
                    3.744416002958226,
                    5.737820999760245
                ],
                [
                    8.76006345452556,
                    9.621398756693642
                ]
            ],
            "minimum_value": 0.0,
            "active_dims": [
                0,
                2
            ]
        },
        {
            "type": "StaticHypercube",
            "dimensions": [
                [
                    5.176672022110374,
                    8.70106991067355
                ],
                [
                    3.321563197162598,
                    5.022507582953986
                ],
                [
                    1.5319859064480694,
                    2.0124695814855595
                ]
            ],
            "static_value": 0.1726895847491406,
            "active_dims": [
                0,
                1,
                2
            ]
        },
        {
            "type": "Gaussian",
            "mean": [
                9.060085010934692
            ],
            "std_dev": [
                0.3375700696374392
            ],
            "max_amplitude": 0.33670874146154023,
            "active_dims": [
                2
            ]
        },
        {
            "type": "Gaussian",
            "mean": [
                7.100651904040722,
                1.1384338559400708
            ],
            "std_dev": [
                2.053000011196195,
                1.4936643088075976
            ],
            "max_amplitude": 0.49631745123660326,
            "active_dims": [
                0,
                1
            ]
        },
        {
            "type": "Sinus",
            "amplitudes": [
                0.35851942176882506,
                0.2949561975560086
            ],
            "frequencies": [
                0.5517753599222438,
                1.9353642920904746
            ],
            "weight_vectors": [
                [
                    0.6787006688728658,
                    0.8675537913036486
                ],
                [
                    0.4898145859731703,
                    0.024322605957314947
                ]
            ],
            "phases": [
                3.286060456352804,
                0.34308021759093116
            ],
            "offset": 0.0801603720711233,
            "bounds": [
                [
                    2.790917903986602,
                    5.3916162144419495
                ],
                [
                    5.472975895187454,
                    8.201003664973603
                ]
            ],
            "minimum_value": 0.0,
            "active_dims": [
                0,
                2
            ]
        },
        {
            "type": "Ramp",
            "coeff": [
                0.9918989436142001,
                1.2030606663757746
            ],
            "min_value": 0.16884399898514468,
            "max_value": 0.37510406499355065,
            "bounds": [
                [
                    5.421609096841115,
                    8.462490526763313
                ],
                [
                    4.71833707454004,
                    6.14915145248761
                ]
            ],
            "active_dims": [
                0,
                2
            ]
        },
        {
            "type": "Gaussian",
            "mean": [
                5.332062204577948
            ],
            "std_dev": [
                2.2170062439888603
            ],
            "max_amplitude": 0.21257315167196345,
            "active_dims": [
                2
            ]
        }
    ],
    "stats": {
        "energy": 374928028.00038415,
        "bandwidth": 67,
        "mean": 0.25184037791311537,
        "std": 0.16766510411713734,
        "pct_over_06": 0.04075,
        "pct_over_08": 0.010625
    }
}