{
    "functions": [
        {
            "type": "Gaussian",
            "mean": [
                6.009658156567782,
                9.337176377919205
            ],
            "std_dev": [
                3.0421455416505534,
                0.6653168498200417
            ],
            "max_amplitude": 0.14397846704170472,
            "active_dims": [
                1,
                2
            ]
        },
        {
            "type": "StaticHypercube",
            "dimensions": [
                [
                    1.9277453118746288,
                    3.8871461554696767
                ],
                [
                    3.424116422666012,
                    4.588527750258986
                ]
            ],
            "static_value": 0.32144797225427846,
            "active_dims": [
                0,
                1
            ]
        },
        {
            "type": "Gaussian",
            "mean": [
                7.419945594415784
            ],
            "std_dev": [
                3.7323827173938557
            ],
            "max_amplitude": 0.23340182554636973,
            "active_dims": [
                0
            ]
        },
        {
            "type": "Sinus",
            "amplitudes": [
                0.12162396310351435,
                0.1747821979787986,
                0.1767289111683167,
                0.44859749963307194
            ],
            "frequencies": [
                0.7436353828675694,
                0.6821488504202208,
                0.1289108929861293,
                1.2528789553718178
            ],
            "weight_vectors": [
                [
                    0.352438042136785,
                    0.18786107562140608
                ],
                [
                    0.8940327900192062,
                    0.15571107836132514
                ],
                [
                    0.5575129131703219,
                    0.6198320053104112
                ],
                [
                    0.1582634890791057,
                    0.4577099983948094
                ]
            ],
            "phases": [
                6.0303298577224105,
                5.460551354575985,
                3.260816680322843,
                0.9247902446775221
            ],
            "offset": -0.006019245261238557,
            "bounds": [
                [
                    0.353556717536055,
                    5.626486251302858
                ],
                [
                    5.5395386940032045,
                    8.85902634156135
                ]
            ],
            "minimum_value": 0.0,
            "active_dims": [
                0,
                2
            ]
        },
        {
            "type": "Sinus",
            "amplitudes": [
                0.11955142365277303,
                0.08868182453074655,
                0.26616776316795104
            ],
            "frequencies": [
                1.9247257997820304,
                0.20056750511740293,
                1.2567861756258276
            ],
            "weight_vectors": [
                [
                    0.9901161555237598,
                    0.6685626147529611
                ],
                [
                    0.34241203273738796,
                    0.8385959802976719
                ],
                [
                    0.7194464775040056,
                    0.1313596080509417
                ]
            ],
            "phases": [
                2.6871622163478017,
                1.4461427457509712,
                3.3809752282061285
            ],
            "offset": 0.0277552313822658,
            "bounds": [
                [
                    0.6139104954454284,
                    2.120847981700113
                ],
                [
                    2.6895377081503993,
                    5.123340261560145
                ]
            ],
            "minimum_value": 0.0,
            "active_dims": [
                0,
                1
            ]
        },
        {
            "type": "Ramp",
            "coeff": [
                0.3774835614131611,
                0.3391507134867806,
                1.607709276136734
            ],
            "min_value": 0.2045704459692834,
            "max_value": 0.24472442875658856,
            "bounds": [
                [
                    1.8666165655052616,
                    2.4137033115403606
                ],
                [
                    6.258198347122931,
                    9.283123873820763
                ],
                [
                    6.6173287487270605,
                    8.736365892463565
                ]
            ],
            "active_dims": [
                0,
                1,
                2
            ]
        },
        {
            "type": "StaticHypercube",
            "dimensions": [
                [
                    2.7503888636158598,
                    5.0015272149142795
                ],
                [
                    1.0010801344042064,
                    4.123697558508457
                ]
            ],
            "static_value": 0.4565019654634275,
            "active_dims": [
                1,
                2
            ]
        },
        {
            "type": "Ramp",
            "coeff": [
                1.1561734427544135,
                1.3891824930990933
            ],
            "min_value": 0.023259679948475286,
            "max_value": 0.19760924236011307,
            "bounds": [
                [
                    2.5171739605610712,
                    2.759094744754759
                ],
                [
                    2.4820974170841232,
                    3.7838095867465737
                ]
            ],
            "active_dims": [
                0,
                2
            ]
        },
        {
            "type": "StaticHypercube",
            "dimensions": [
                [
                    4.286388161448727,
                    5.274175710612046
                ],
                [
                    2.3150879060919545,
                    4.699593316375077
                ]
            ],
            "static_value": 0.1829018838143407,
            "active_dims": [
                0,
                1
            ]
        }
    ],
    "stats": {
        "energy": 371285162.2300053,
        "bandwidth": 99,
        "mean": 0.24344480964468662,
        "std": 0.17714518400770074,
        "pct_over_06": 0.073984375,
        "pct_over_08": 0.0225
    }
}