{
    "functions": [
        {
            "type": "Sinus",
            "amplitudes": [
                0.07972334259018164,
                0.04974996131226,
                0.15980866883800693
            ],
            "frequencies": [
                0.9578204158932166,
                1.0036278764495523,
                0.9009149321761142
            ],
            "weight_vectors": [
                [
                    0.39541068979146654,
                    0.26802022617811094
                ],
                [
                    0.054095580371423035,
                    0.4865535493954275
                ],
                [
                    0.2541211891483135,
                    0.741754742017198
                ]
            ],
            "phases": [
                5.705223309800909,
                3.956893641062901,
                1.3138018816594497
            ],
            "offset": 0.12463386639812592,
            "bounds": [
                [
                    2.9691358994526595,
                    5.532153216707922
                ],
                [
                    5.621916163157451,
                    6.097888103438147
                ]
            ],
            "minimum_value": 0.0,
            "active_dims": [
                0,
                2
            ]
        },
        {
            "type": "Gaussian",
            "mean": [
                3.2911918709638845,
                5.833348991294558
            ],
            "std_dev": [
                1.8167735787564967,
                0.7065636838775107
            ],
            "max_amplitude": 0.13640130864464328,
            "active_dims": [
                0,
                1
            ]
        },
        {
            "type": "Gaussian",
            "mean": [
                7.982339341840467,
                3.0456276039809116,
                0.2933883989630204
            ],
            "std_dev": [
                3.74112076500787,
                1.2862762169051192,
                2.9018240506422806
            ],
            "max_amplitude": 0.1454121176445428,
            "active_dims": [
                0,
                1,
                2
            ]
        },
        {
            "type": "Gaussian",
            "mean": [
                9.61389366811067,
                2.8976100339460498,
                9.814223352682113
            ],
            "std_dev": [
                3.3261630630099677,
                3.1950466181176376,
                1.284200509157105
            ],
            "max_amplitude": 0.13451900315153245,
            "active_dims": [
                0,
                1,
                2
            ]
        },
        {
            "type": "Gaussian",
            "mean": [
                3.5636418834152437,
                5.94581029561351
            ],
            "std_dev": [
                3.671105626326968,
                0.4715120322212465
            ],
            "max_amplitude": 0.1346241917855019,
            "active_dims": [
                0,
                1
            ]
        },
        {
            "type": "Ramp",
            "coeff": [
                1.2320339895289567
            ],
            "min_value": 0.13657218266051732,
            "max_value": 0.21159950886198095,
            "bounds": [
                [
                    0.9399129596731127,
                    4.8555218471755195
                ]
            ],
            "active_dims": [
                0
            ]
        },
        {
            "type": "Gaussian",
            "mean": [
                7.737831119981732
            ],
            "std_dev": [
                2.5241130685724285
            ],
            "max_amplitude": 0.10336955243593034,
            "active_dims": [
                2
            ]
        },
        {
            "type": "StaticHypercube",
            "dimensions": [
                [
                    7.839699214720127,
                    9.341328637314644
                ],
                [
                    5.373183780609487,
                    7.7756295378630265
                ]
            ],
            "static_value": 0.020491314006901674,
            "active_dims": [
                1,
                2
            ]
        },
        {
            "type": "StaticHypercube",
            "dimensions": [
                [
                    1.506285314610469,
                    3.9403028044237107
                ]
            ],
            "static_value": 0.10081008882470496,
            "active_dims": [
                1
            ]
        }
    ],
    "stats": {
        "energy": 226912327.3180505,
        "bandwidth": 15,
        "mean": 0.1857359862810632,
        "std": 0.14457060839546226,
        "pct_over_06": 0.00984375,
        "pct_over_08": 0.00325
    }
}