{
    "functions": [
        {
            "type": "Gaussian",
            "mean": [
                5.969538264946142,
                1.5432201707034743
            ],
            "std_dev": [
                1.5794445291562924,
                0.4954235125160419
            ],
            "max_amplitude": 0.2509658179439453,
            "active_dims": [
                0,
                2
            ]
        },
        {
            "type": "Gaussian",
            "mean": [
                4.01489598236124,
                7.134370934999694
            ],
            "std_dev": [
                1.6799119768616653,
                1.6760427338859143
            ],
            "max_amplitude": 0.18958613470992713,
            "active_dims": [
                1,
                2
            ]
        },
        {
            "type": "Ramp",
            "coeff": [
                1.415806297829353
            ],
            "min_value": 0.1274112305729561,
            "max_value": 0.31087079351574054,
            "bounds": [
                [
                    7.357186387238995,
                    9.358465109154508
                ]
            ],
            "active_dims": [
                0
            ]
        },
        {
            "type": "Sinus",
            "amplitudes": [
                0.2758111999641528,
                0.12188090465550769,
                0.1591095571211868,
                0.20607660895324936
            ],
            "frequencies": [
                1.2478291428739687,
                1.7926837029808498,
                0.4456954372704207,
                0.7878222531027702
            ],
            "weight_vectors": [
                [
                    0.24484130269781346,
                    0.6513597851733016
                ],
                [
                    0.5832942618231546,
                    0.9522484873768879
                ],
                [
                    0.21294877346247532,
                    0.6385030055255527
                ],
                [
                    0.4039662593643545,
                    0.9269024500726224
                ]
            ],
            "phases": [
                4.970741195246261,
                5.783633258142008,
                1.782076794779926,
                0.5245708350589086
            ],
            "offset": 0.05365358441434506,
            "bounds": [
                [
                    3.245559431999671,
                    5.93489049733614
                ],
                [
                    5.105420434404555,
                    7.531756866379245
                ]
            ],
            "minimum_value": 0.0,
            "active_dims": [
                0,
                2
            ]
        },
        {
            "type": "Ramp",
            "coeff": [
                0.4066853412721487
            ],
            "min_value": 0.10266067807394276,
            "max_value": 0.16364364154470823,
            "bounds": [
                [
                    4.09396113210485,
                    6.114492769873158
                ]
            ],
            "active_dims": [
                2
            ]
        },
        {
            "type": "Sinus",
            "amplitudes": [
                0.23088167899599515,
                0.22913265615676284
            ],
            "frequencies": [
                1.264552751148986,
                1.1972000042107889
            ],
            "weight_vectors": [
                [
                    0.7330083530388651,
                    0.5825498839571043
                ],
                [
                    0.8217909228944262,
                    0.8179085241000048
                ]
            ],
            "phases": [
                0.9526125599970383,
                2.7441993005501284
            ],
            "offset": -0.05203391189577367,
            "bounds": [
                [
                    1.194296610549525,
                    2.130962975143507
                ],
                [
                    7.636272798942275,
                    8.88390751598485
                ]
            ],
            "minimum_value": 0.0,
            "active_dims": [
                0,
                1
            ]
        },
        {
            "type": "Gaussian",
            "mean": [
                0.4995631076224738
            ],
            "std_dev": [
                3.0367232165651967
            ],
            "max_amplitude": 0.1800857702870001,
            "active_dims": [
                0
            ]
        },
        {
            "type": "Gaussian",
            "mean": [
                3.0779837477304817
            ],
            "std_dev": [
                2.5312684959169
            ],
            "max_amplitude": 0.20215492188840006,
            "active_dims": [
                0
            ]
        },
        {
            "type": "Ramp",
            "coeff": [
                0.416557419792041,
                1.5979846301653817
            ],
            "min_value": 0.17468593710545682,
            "max_value": 0.3215422252694552,
            "bounds": [
                [
                    4.883293987725803,
                    5.9675780435439165
                ],
                [
                    2.076992866529295,
                    9.325208682319285
                ]
            ],
            "active_dims": [
                1,
                2
            ]
        }
    ],
    "stats": {
        "energy": 550846048.204887,
        "bandwidth": 37,
        "mean": 0.33119725834091823,
        "std": 0.15745562725727005,
        "pct_over_06": 0.060328125,
        "pct_over_08": 0.010109375
    }
}