{
    "functions": [
        {
            "type": "Sinus",
            "amplitudes": [
                0.11795855028467128
            ],
            "frequencies": [
                1.0842040353901634
            ],
            "weight_vectors": [
                [
                    0.2660647211697582
                ]
            ],
            "phases": [
                5.846410081190039
            ],
            "offset": -0.05812569764021492,
            "bounds": [
                [
                    5.205395398462239,
                    9.582032569869678
                ]
            ],
            "minimum_value": 0.0,
            "active_dims": [
                2
            ]
        },
        {
            "type": "Sinus",
            "amplitudes": [
                0.27587057281959826,
                0.08805205849020535,
                0.1641449468207727,
                0.22538508861577072,
                0.12899891903866495
            ],
            "frequencies": [
                0.6044640484524647,
                0.7736914720558739,
                1.4888977223051119,
                1.5379326187067095,
                1.0134695793905104
            ],
            "weight_vectors": [
                [
                    0.628196330286908
                ],
                [
                    0.24479891398433795
                ],
                [
                    0.14896909982025175
                ],
                [
                    0.9800079926257308
                ],
                [
                    0.9581500739236154
                ]
            ],
            "phases": [
                0.5864611981375696,
                3.7264777355208,
                3.8230377358126257,
                4.393829296026249,
                0.03176962612122389
            ],
            "offset": 0.13632420948924603,
            "bounds": [
                [
                    0.223384170194952,
                    1.9853260646202546
                ]
            ],
            "minimum_value": 0.0,
            "active_dims": [
                0
            ]
        },
        {
            "type": "Ramp",
            "coeff": [
                1.3306096304575818,
                0.9582773544242382
            ],
            "min_value": 0.15262271608972625,
            "max_value": 0.22052981372981242,
            "bounds": [
                [
                    2.695129625111774,
                    3.5661288238473814
                ],
                [
                    1.8635474422272276,
                    2.778433641066061
                ]
            ],
            "active_dims": [
                1,
                2
            ]
        },
        {
            "type": "StaticHypercube",
            "dimensions": [
                [
                    0.06419147060639101,
                    1.909941788510753
                ],
                [
                    0.11574482396145869,
                    2.7343246493735736
                ]
            ],
            "static_value": 0.27596892999624534,
            "active_dims": [
                1,
                2
            ]
        },
        {
            "type": "Sinus",
            "amplitudes": [
                0.3215141989168191,
                0.1710219759746671,
                0.15003866816276223,
                0.19695137902478208,
                0.07751636447953195
            ],
            "frequencies": [
                0.22717212739887183,
                0.762589739223712,
                1.956879772508842,
                1.9191791884262688,
                0.5984404506530485
            ],
            "weight_vectors": [
                [
                    0.7748902729442794
                ],
                [
                    0.45752725707424413
                ],
                [
                    0.7508387581733486
                ],
                [
                    0.5769365422568774
                ],
                [
                    0.7698461253519929
                ]
            ],
            "phases": [
                3.4575796010737587,
                4.8277530949168215,
                0.9382204736012059,
                3.4202810515161897,
                2.1235540340907986
            ],
            "offset": 0.0026136331325181676,
            "bounds": [
                [
                    1.700451203300741,
                    3.208434741038001
                ]
            ],
            "minimum_value": 0.0,
            "active_dims": [
                0
            ]
        },
        {
            "type": "Gaussian",
            "mean": [
                0.6364552887795771,
                0.6531332832785353
            ],
            "std_dev": [
                2.6825057714548137,
                1.0987544620277168
            ],
            "max_amplitude": 0.26914882378358207,
            "active_dims": [
                0,
                2
            ]
        },
        {
            "type": "StaticHypercube",
            "dimensions": [
                [
                    3.149736195455387,
                    6.907066018875723
                ]
            ],
            "static_value": 0.12188910200878197,
            "active_dims": [
                1
            ]
        },
        {
            "type": "Gaussian",
            "mean": [
                0.2969565815269215,
                9.667959162343106,
                7.398113951543994
            ],
            "std_dev": [
                1.7805753636676418,
                2.797011109577335,
                1.2145308125825671
            ],
            "max_amplitude": 0.1851852827363331,
            "active_dims": [
                0,
                1,
                2
            ]
        },
        {
            "type": "Sinus",
            "amplitudes": [
                0.09796583040135069,
                0.20401592060723675
            ],
            "frequencies": [
                1.9435347527654163,
                0.9322546803072349
            ],
            "weight_vectors": [
                [
                    0.04805414052297807,
                    0.5947688403020416
                ],
                [
                    0.5027792525008484,
                    0.3680182633738157
                ]
            ],
            "phases": [
                0.3277422591883393,
                4.495018122350324
            ],
            "offset": -0.1787231608834683,
            "bounds": [
                [
                    4.701493994149872,
                    9.951829932932139
                ],
                [
                    4.897982980340335,
                    6.572833369013344
                ]
            ],
            "minimum_value": 0.0,
            "active_dims": [
                0,
                2
            ]
        }
    ],
    "stats": {
        "energy": 170456001.52422416,
        "bandwidth": 66,
        "mean": 0.13392866163472647,
        "std": 0.15387770579215165,
        "pct_over_06": 0.02409375,
        "pct_over_08": 0.00390625
    }
}