{
    "functions": [
        {
            "type": "Sinus",
            "amplitudes": [
                0.12599908413947078
            ],
            "frequencies": [
                1.104444356972637
            ],
            "weight_vectors": [
                [
                    0.13540106981327804,
                    0.010105584728999917
                ]
            ],
            "phases": [
                2.669470074484525
            ],
            "offset": 0.03809686270404853,
            "bounds": [
                [
                    5.445023481817248,
                    9.47723892703889
                ],
                [
                    1.0147911748803173,
                    4.269368396623629
                ]
            ],
            "minimum_value": 0.0,
            "active_dims": [
                0,
                1
            ]
        },
        {
            "type": "Gaussian",
            "mean": [
                5.072458170959594,
                9.93552613311132
            ],
            "std_dev": [
                3.730102749744969,
                3.1309048333295504
            ],
            "max_amplitude": 0.19725449782692903,
            "active_dims": [
                1,
                2
            ]
        },
        {
            "type": "Sinus",
            "amplitudes": [
                0.18192569216824278,
                0.32396018297071016
            ],
            "frequencies": [
                0.590803582075106,
                0.9965681458456018
            ],
            "weight_vectors": [
                [
                    0.7612729278349573
                ],
                [
                    0.5402329786967445
                ]
            ],
            "phases": [
                1.111772827172552,
                1.4154939842592045
            ],
            "offset": -0.1759001516982223,
            "bounds": [
                [
                    8.684547799613705,
                    8.85542680193369
                ]
            ],
            "minimum_value": 0.0,
            "active_dims": [
                0
            ]
        },
        {
            "type": "Gaussian",
            "mean": [
                2.0258694755164797,
                7.868012335295899,
                2.733852780521182
            ],
            "std_dev": [
                0.7996897139787502,
                2.4269118952991695,
                2.996737397824856
            ],
            "max_amplitude": 0.2859065103144449,
            "active_dims": [
                0,
                1,
                2
            ]
        },
        {
            "type": "Ramp",
            "coeff": [
                0.6409527902518004,
                1.883098609778155,
                0.6217581323179093
            ],
            "min_value": 0.0826160426284829,
            "max_value": 0.21731007980364916,
            "bounds": [
                [
                    1.763238089730458,
                    8.284425428669946
                ],
                [
                    4.89119342264321,
                    8.169909993242674
                ],
                [
                    1.522358859925477,
                    7.39236108282057
                ]
            ],
            "active_dims": [
                0,
                1,
                2
            ]
        },
        {
            "type": "Gaussian",
            "mean": [
                0.8601849148429674,
                5.2715676403810106,
                9.474964735162818
            ],
            "std_dev": [
                0.811020010854935,
                2.207807913654178,
                0.23618570125042204
            ],
            "max_amplitude": 0.16798613532535053,
            "active_dims": [
                0,
                1,
                2
            ]
        },
        {
            "type": "Ramp",
            "coeff": [
                0.23324514338631097
            ],
            "min_value": 0.1442630773638891,
            "max_value": 0.3925312905628834,
            "bounds": [
                [
                    4.616002132128152,
                    7.530173588663765
                ]
            ],
            "active_dims": [
                0
            ]
        },
        {
            "type": "Gaussian",
            "mean": [
                8.475163298624143
            ],
            "std_dev": [
                2.0658460474345834
            ],
            "max_amplitude": 0.1910684460319399,
            "active_dims": [
                2
            ]
        },
        {
            "type": "Ramp",
            "coeff": [
                1.338142515069279
            ],
            "min_value": 0.06723321568143184,
            "max_value": 0.20935305749768787,
            "bounds": [
                [
                    4.292095741283472,
                    8.336671321860962
                ]
            ],
            "active_dims": [
                1
            ]
        }
    ],
    "stats": {
        "energy": 551417001.0301539,
        "bandwidth": 17,
        "mean": 0.300317393910212,
        "std": 0.2107907829628848,
        "pct_over_06": 0.091953125,
        "pct_over_08": 0.017125
    }
}