{
    "functions": [
        {
            "type": "StaticHypercube",
            "dimensions": [
                [
                    6.540746937720208,
                    6.741707357623997
                ]
            ],
            "static_value": 0.27672211243037587,
            "active_dims": [
                1
            ]
        },
        {
            "type": "Sinus",
            "amplitudes": [
                0.3964876624372678,
                0.4450686051162832,
                0.3297000370240705
            ],
            "frequencies": [
                0.926264819572684,
                0.4212293072430071,
                0.5606838403855315
            ],
            "weight_vectors": [
                [
                    0.13634341704998443,
                    0.9133405904105535,
                    0.07177813148157286
                ],
                [
                    0.013481765164617299,
                    0.8390596421902635,
                    0.5219532571111255
                ],
                [
                    0.6678103849067007,
                    0.692426550266784,
                    0.42269780069166174
                ]
            ],
            "phases": [
                3.0632492410571635,
                5.5770474543849335,
                2.8205430111672927
            ],
            "offset": -0.19027002767569423,
            "bounds": [
                [
                    6.794124757057883,
                    9.551879514362165
                ],
                [
                    0.18811446648368357,
                    1.8528625524702569
                ],
                [
                    3.7821680813540723,
                    8.304427472285639
                ]
            ],
            "minimum_value": 0.0,
            "active_dims": [
                0,
                1,
                2
            ]
        },
        {
            "type": "StaticHypercube",
            "dimensions": [
                [
                    2.8890288395660857,
                    3.7247631982332496
                ],
                [
                    8.108390999897706,
                    8.347997468415228
                ]
            ],
            "static_value": 0.16837196009961286,
            "active_dims": [
                0,
                1
            ]
        },
        {
            "type": "StaticHypercube",
            "dimensions": [
                [
                    3.7044738641895285,
                    5.488835926514216
                ],
                [
                    1.8635414572881046,
                    5.6311154820297915
                ]
            ],
            "static_value": 0.29681486795018713,
            "active_dims": [
                0,
                1
            ]
        },
        {
            "type": "Gaussian",
            "mean": [
                6.842327527108928
            ],
            "std_dev": [
                3.1558435628794754
            ],
            "max_amplitude": 0.285549548746462,
            "active_dims": [
                0
            ]
        },
        {
            "type": "Sinus",
            "amplitudes": [
                0.09386071461978007,
                0.15965934001730264
            ],
            "frequencies": [
                1.7187137528071674,
                1.0185555714254482
            ],
            "weight_vectors": [
                [
                    0.1472627259110295,
                    0.6623619087108941
                ],
                [
                    0.645024076468634,
                    0.25668829897467593
                ]
            ],
            "phases": [
                2.7481393597228623,
                5.088757309211441
            ],
            "offset": 0.02180838495926457,
            "bounds": [
                [
                    2.265085684497246,
                    3.5757140795564
                ],
                [
                    0.5696627845589858,
                    1.9358208052545
                ]
            ],
            "minimum_value": 0.0,
            "active_dims": [
                0,
                1
            ]
        },
        {
            "type": "Gaussian",
            "mean": [
                6.958536449584471,
                8.131589210746936
            ],
            "std_dev": [
                0.6082261508509424,
                1.0072364132095148
            ],
            "max_amplitude": 0.2385446064444011,
            "active_dims": [
                1,
                2
            ]
        },
        {
            "type": "Ramp",
            "coeff": [
                1.075176570006334,
                1.6588907155916628
            ],
            "min_value": 0.17722350957057395,
            "max_value": 0.32798010426085683,
            "bounds": [
                [
                    8.398408087034618,
                    9.47275637138675
                ],
                [
                    2.2078833677438165,
                    7.033295939493407
                ]
            ],
            "active_dims": [
                0,
                2
            ]
        },
        {
            "type": "StaticHypercube",
            "dimensions": [
                [
                    6.534829054902685,
                    9.048337220742855
                ],
                [
                    5.748786032905841,
                    8.468613987410038
                ]
            ],
            "static_value": 0.1928595433694431,
            "active_dims": [
                0,
                1
            ]
        }
    ],
    "stats": {
        "energy": 369670298.0686963,
        "bandwidth": 61,
        "mean": 0.24888210736728492,
        "std": 0.16825348212398786,
        "pct_over_06": 0.028171875,
        "pct_over_08": 0.00365625
    }
}