{
    "functions": [
        {
            "type": "Gaussian",
            "mean": [
                8.877236708883302,
                8.44381601573957,
                8.890648852631847
            ],
            "std_dev": [
                1.8635286799338746,
                0.5128903531905359,
                1.3590574368651651
            ],
            "max_amplitude": 0.30679071686916604,
            "active_dims": [
                0,
                1,
                2
            ]
        },
        {
            "type": "Ramp",
            "coeff": [
                0.6765117216683656,
                0.538929862152099
            ],
            "min_value": 0.038369858668198906,
            "max_value": 0.23800983429977934,
            "bounds": [
                [
                    1.345167357329261,
                    4.584762036886361
                ],
                [
                    4.441643545137608,
                    6.93345397801797
                ]
            ],
            "active_dims": [
                1,
                2
            ]
        },
        {
            "type": "Sinus",
            "amplitudes": [
                0.3079433069694169,
                0.1927037948036365
            ],
            "frequencies": [
                0.50730391879628,
                0.21737762138947705
            ],
            "weight_vectors": [
                [
                    0.637143634500939,
                    0.09157068499042675
                ],
                [
                    0.22144003991304007,
                    0.3696326259184113
                ]
            ],
            "phases": [
                4.688586487162203,
                1.9464571064601561
            ],
            "offset": -0.21632901700185328,
            "bounds": [
                [
                    1.9728184490031186,
                    7.286249511341874
                ],
                [
                    2.6630185337297845,
                    6.54981916317249
                ]
            ],
            "minimum_value": 0.0,
            "active_dims": [
                1,
                2
            ]
        },
        {
            "type": "Sinus",
            "amplitudes": [
                0.21591451530180603,
                0.1763693939284628,
                0.12166632896218887,
                0.15630868104507428,
                0.38663963362502046
            ],
            "frequencies": [
                0.7854484123771766,
                1.7172328716516858,
                1.297551677843582,
                1.3335239097206752,
                1.2260689166443965
            ],
            "weight_vectors": [
                [
                    0.6478895171624697,
                    0.9515976410379199
                ],
                [
                    0.6501939501311667,
                    0.5135779851239013
                ],
                [
                    0.9561709017487054,
                    0.5597263030765672
                ],
                [
                    0.5899735185375751,
                    0.9384755649247887
                ],
                [
                    0.46051144850314507,
                    0.8339135377140326
                ]
            ],
            "phases": [
                2.0463153075688534,
                1.5703859352822052,
                5.340297064921389,
                4.289252814826469,
                4.1073322855013155
            ],
            "offset": -0.1416208961831759,
            "bounds": [
                [
                    0.10157023897269812,
                    4.944955258474005
                ],
                [
                    3.689183548937791,
                    8.97341288418997
                ]
            ],
            "minimum_value": 0.0,
            "active_dims": [
                0,
                2
            ]
        },
        {
            "type": "Ramp",
            "coeff": [
                1.8222180952961617,
                1.4942361767662768,
                0.9160195203691053
            ],
            "min_value": 0.05078369435479466,
            "max_value": 0.3323193087932488,
            "bounds": [
                [
                    1.8975553489244983,
                    3.2647200172617974
                ],
                [
                    2.335249276680511,
                    2.6786225019704792
                ],
                [
                    6.51219244879133,
                    7.336913331149035
                ]
            ],
            "active_dims": [
                0,
                1,
                2
            ]
        },
        {
            "type": "Sinus",
            "amplitudes": [
                0.2519312662874835,
                0.26611785310207225,
                0.09206257899462644,
                0.15549600513961107
            ],
            "frequencies": [
                1.7831034568297834,
                0.2915654283244111,
                1.4506466715000643,
                1.469258686092471
            ],
            "weight_vectors": [
                [
                    0.7572471006414275,
                    0.4300737685169258
                ],
                [
                    0.1690050165000765,
                    0.5966073686535818
                ],
                [
                    0.21812142537645407,
                    0.39473284164546474
                ],
                [
                    0.11438303433671326,
                    0.3195727900727071
                ]
            ],
            "phases": [
                0.5844034653433151,
                0.7988470865039129,
                2.123168660316594,
                0.5673535962875134
            ],
            "offset": 0.09835281259887949,
            "bounds": [
                [
                    6.472411996054202,
                    8.470080421188657
                ],
                [
                    3.8071473285267485,
                    5.148901437272656
                ]
            ],
            "minimum_value": 0.0,
            "active_dims": [
                1,
                2
            ]
        },
        {
            "type": "Gaussian",
            "mean": [
                2.5704165347356103
            ],
            "std_dev": [
                1.7376715456186986
            ],
            "max_amplitude": 0.3190175300915633,
            "active_dims": [
                0
            ]
        },
        {
            "type": "Gaussian",
            "mean": [
                7.950640338085526
            ],
            "std_dev": [
                3.274911498095099
            ],
            "max_amplitude": 0.2280258138267182,
            "active_dims": [
                2
            ]
        },
        {
            "type": "StaticHypercube",
            "dimensions": [
                [
                    1.5940080439563193,
                    6.5628516231087834
                ],
                [
                    4.648861704844048,
                    7.153059941337352
                ]
            ],
            "static_value": 0.2649219437794466,
            "active_dims": [
                0,
                1
            ]
        }
    ],
    "stats": {
        "energy": 578721815.2279122,
        "bandwidth": 21,
        "mean": 0.3229170849370703,
        "std": 0.1923903893821673,
        "pct_over_06": 0.093515625,
        "pct_over_08": 0.0138125
    }
}