{
    "functions": [
        {
            "type": "StaticHypercube",
            "dimensions": [
                [
                    7.4659605433778315,
                    8.841491933420135
                ],
                [
                    2.299323488627701,
                    4.228565018833859
                ],
                [
                    7.147666476077358,
                    8.81924940480452
                ]
            ],
            "static_value": 0.04148943384429715,
            "active_dims": [
                0,
                1,
                2
            ]
        },
        {
            "type": "Gaussian",
            "mean": [
                0.684834325532272
            ],
            "std_dev": [
                1.8397406178030717
            ],
            "max_amplitude": 0.16076627199543264,
            "active_dims": [
                2
            ]
        },
        {
            "type": "Sinus",
            "amplitudes": [
                0.13162432357150464,
                0.3120774062343747,
                0.23606116635039215
            ],
            "frequencies": [
                0.11476141154212911,
                1.0089938099114055,
                0.329998012329263
            ],
            "weight_vectors": [
                [
                    0.48535229225535503,
                    0.7534531158739338
                ],
                [
                    0.6521121838626502,
                    0.6593326586722921
                ],
                [
                    0.7728686837510647,
                    0.3630101311720174
                ]
            ],
            "phases": [
                0.9787049187199538,
                4.020359350008171,
                5.599703948073482
            ],
            "offset": 0.08167173420488656,
            "bounds": [
                [
                    3.144360841548222,
                    5.937845316314412
                ],
                [
                    1.6001355939611432,
                    5.965101077402687
                ]
            ],
            "minimum_value": 0.0,
            "active_dims": [
                0,
                1
            ]
        },
        {
            "type": "Gaussian",
            "mean": [
                5.221393168076689,
                6.933754466607739
            ],
            "std_dev": [
                2.026964843037399,
                2.70509986062816
            ],
            "max_amplitude": 0.16474236970407924,
            "active_dims": [
                0,
                1
            ]
        },
        {
            "type": "Ramp",
            "coeff": [
                0.6411519796840153,
                0.1475738009430856
            ],
            "min_value": 0.12939246244923586,
            "max_value": 0.19020253467179662,
            "bounds": [
                [
                    0.5194401377085004,
                    3.438663762831889
                ],
                [
                    5.583183145314326,
                    8.523744496040315
                ]
            ],
            "active_dims": [
                0,
                1
            ]
        },
        {
            "type": "Sinus",
            "amplitudes": [
                0.16825864823744305,
                0.34354420066699115,
                0.14788061437980177
            ],
            "frequencies": [
                1.2048147350225635,
                1.85597002851653,
                0.1983897262894454
            ],
            "weight_vectors": [
                [
                    0.4703008321815516,
                    0.2450026819066613,
                    0.8528223212158587
                ],
                [
                    0.8565205880561505,
                    0.5219280208995142,
                    0.5446924985510301
                ],
                [
                    0.09890413772721007,
                    0.8806074511268643,
                    0.6026746298513013
                ]
            ],
            "phases": [
                4.4581161709879185,
                3.641600801328664,
                5.537705846390262
            ],
            "offset": 0.01089264677124175,
            "bounds": [
                [
                    0.7047954980165749,
                    3.214681975882406
                ],
                [
                    3.43745401912776,
                    9.321029172666645
                ],
                [
                    2.773400042785631,
                    4.003886574418182
                ]
            ],
            "minimum_value": 0.0,
            "active_dims": [
                0,
                1,
                2
            ]
        },
        {
            "type": "Gaussian",
            "mean": [
                6.361437779727329
            ],
            "std_dev": [
                1.184133500848415
            ],
            "max_amplitude": 0.25102532427958346,
            "active_dims": [
                1
            ]
        },
        {
            "type": "Gaussian",
            "mean": [
                2.3863857437159544,
                2.2136601446357407
            ],
            "std_dev": [
                3.5147179010326886,
                3.4375433096468773
            ],
            "max_amplitude": 0.17515863918808117,
            "active_dims": [
                1,
                2
            ]
        },
        {
            "type": "StaticHypercube",
            "dimensions": [
                [
                    1.961730079363209,
                    9.737220346514471
                ],
                [
                    5.409327513854979,
                    9.474370444001076
                ],
                [
                    6.081834297059846,
                    7.359542496258516
                ]
            ],
            "static_value": 0.17622526200803704,
            "active_dims": [
                0,
                1,
                2
            ]
        }
    ],
    "stats": {
        "energy": 552176020.0248505,
        "bandwidth": 38,
        "mean": 0.30189768709799314,
        "std": 0.2089650333519027,
        "pct_over_06": 0.104375,
        "pct_over_08": 0.022109375
    }
}