{
    "functions": [
        {
            "type": "StaticHypercube",
            "dimensions": [
                [
                    5.9529213870333395,
                    8.364223414719966
                ]
            ],
            "static_value": 0.11168513019017924,
            "active_dims": [
                0
            ]
        },
        {
            "type": "Gaussian",
            "mean": [
                0.25562450800807435,
                7.792790416104617,
                9.165283397006837
            ],
            "std_dev": [
                3.0742061367222466,
                2.6808589598872876,
                0.44141776216795936
            ],
            "max_amplitude": 0.2927021805501561,
            "active_dims": [
                0,
                1,
                2
            ]
        },
        {
            "type": "Sinus",
            "amplitudes": [
                0.12980227951486986,
                0.20503712211815853,
                0.49848955710353854,
                0.43441462046798646
            ],
            "frequencies": [
                1.031888771863746,
                1.7691671944665348,
                0.3732939844268893,
                1.2765605901695627
            ],
            "weight_vectors": [
                [
                    0.8246658133157102
                ],
                [
                    0.5036146157729017
                ],
                [
                    0.938544778313129
                ],
                [
                    0.17856310001482656
                ]
            ],
            "phases": [
                2.6609827748297836,
                4.421137887279028,
                0.50595338239826,
                5.769501569086695
            ],
            "offset": 0.011055097336765917,
            "bounds": [
                [
                    0.33858812587727116,
                    2.4068953141734326
                ]
            ],
            "minimum_value": 0.0,
            "active_dims": [
                1
            ]
        },
        {
            "type": "StaticHypercube",
            "dimensions": [
                [
                    6.962517450758711,
                    8.583341917754707
                ],
                [
                    2.4153242132371058,
                    7.503854117748368
                ]
            ],
            "static_value": 0.18520399025027828,
            "active_dims": [
                1,
                2
            ]
        },
        {
            "type": "Gaussian",
            "mean": [
                5.779757821811504
            ],
            "std_dev": [
                1.8726912044609691
            ],
            "max_amplitude": 0.21387841372895317,
            "active_dims": [
                0
            ]
        },
        {
            "type": "Ramp",
            "coeff": [
                0.7935542653115328,
                0.3036762219482534
            ],
            "min_value": 0.026138571754131396,
            "max_value": 0.1174172447602265,
            "bounds": [
                [
                    1.94437644606346,
                    5.318623483771331
                ],
                [
                    6.710550607501039,
                    8.54601327076755
                ]
            ],
            "active_dims": [
                0,
                2
            ]
        },
        {
            "type": "StaticHypercube",
            "dimensions": [
                [
                    4.942350118741306,
                    9.156380264135272
                ],
                [
                    4.340190025210395,
                    4.711657313576182
                ],
                [
                    0.7159787855486178,
                    1.925656546439948
                ]
            ],
            "static_value": 0.07919218501345344,
            "active_dims": [
                0,
                1,
                2
            ]
        },
        {
            "type": "Gaussian",
            "mean": [
                6.326297798509164,
                7.094253628913386
            ],
            "std_dev": [
                0.32302052187954466,
                1.8854129140735738
            ],
            "max_amplitude": 0.21227389694902885,
            "active_dims": [
                1,
                2
            ]
        },
        {
            "type": "Sinus",
            "amplitudes": [
                0.1991363142038922,
                0.35648298522566774
            ],
            "frequencies": [
                0.4255016179427259,
                1.3541348442770218
            ],
            "weight_vectors": [
                [
                    0.27380353550952563
                ],
                [
                    0.48137073420091736
                ]
            ],
            "phases": [
                3.598339657602915,
                5.032944314703498
            ],
            "offset": -0.015067487846297604,
            "bounds": [
                [
                    4.416109672850956,
                    8.985959247033087
                ]
            ],
            "minimum_value": 0.0,
            "active_dims": [
                0
            ]
        }
    ],
    "stats": {
        "energy": 424603667.6799519,
        "bandwidth": 29,
        "mean": 0.24537411982744664,
        "std": 0.20845754033755082,
        "pct_over_06": 0.073359375,
        "pct_over_08": 0.037859375
    }
}