{
    "functions": [
        {
            "type": "Gaussian",
            "mean": [
                7.008647175776148
            ],
            "std_dev": [
                1.71415396289569
            ],
            "max_amplitude": 0.19593644245849998,
            "active_dims": [
                1
            ]
        },
        {
            "type": "Ramp",
            "coeff": [
                0.8407780687812518,
                1.0916265300845232,
                0.557854040458603
            ],
            "min_value": 0.022851008915278515,
            "max_value": 0.09412558151133187,
            "bounds": [
                [
                    2.3696550275120862,
                    7.625802946823816
                ],
                [
                    8.935858372531012,
                    9.98658306999544
                ],
                [
                    1.270188308908808,
                    6.046046418512563
                ]
            ],
            "active_dims": [
                0,
                1,
                2
            ]
        },
        {
            "type": "Gaussian",
            "mean": [
                0.061235138671803524,
                3.876198924475489
            ],
            "std_dev": [
                1.386023131040287,
                0.18099692192567707
            ],
            "max_amplitude": 0.2185737412776815,
            "active_dims": [
                1,
                2
            ]
        },
        {
            "type": "Sinus",
            "amplitudes": [
                0.18000200109733525,
                0.1615590598194169,
                0.13164387384771226,
                0.24272270690130093
            ],
            "frequencies": [
                0.7207742255732714,
                1.7953462311563066,
                0.6680053276758132,
                1.2933874635999978
            ],
            "weight_vectors": [
                [
                    0.6085943388592653,
                    0.5000532949795472,
                    0.3648194788451521
                ],
                [
                    0.7918351923529817,
                    0.9009071616838377,
                    0.2522436611539751
                ],
                [
                    0.9792921724917395,
                    0.13182798128962814,
                    0.9926846837744482
                ],
                [
                    0.9828164530860657,
                    0.3691939183719112,
                    0.716133543712913
                ]
            ],
            "phases": [
                0.13143120474519798,
                1.9551356419185622,
                1.7031760341627231,
                0.87430789957859
            ],
            "offset": 0.027320487504933356,
            "bounds": [
                [
                    3.5200723075184315,
                    9.699889621635462
                ],
                [
                    7.008697753310383,
                    8.9683934907213
                ],
                [
                    0.14793538830160116,
                    3.324591539965791
                ]
            ],
            "minimum_value": 0.0,
            "active_dims": [
                0,
                1,
                2
            ]
        },
        {
            "type": "Gaussian",
            "mean": [
                8.616261049088873
            ],
            "std_dev": [
                2.0545583459687187
            ],
            "max_amplitude": 0.2639108576858488,
            "active_dims": [
                0
            ]
        },
        {
            "type": "Gaussian",
            "mean": [
                0.4465411292827326,
                7.22103692365386
            ],
            "std_dev": [
                1.4466051263091455,
                3.2826444480718444
            ],
            "max_amplitude": 0.3262827807569931,
            "active_dims": [
                1,
                2
            ]
        },
        {
            "type": "Gaussian",
            "mean": [
                8.856059955013508,
                0.1942820254398936,
                1.0350233946104614
            ],
            "std_dev": [
                1.6418216918308972,
                1.6911232989918867,
                1.2042615939543724
            ],
            "max_amplitude": 0.059155974641050685,
            "active_dims": [
                0,
                1,
                2
            ]
        },
        {
            "type": "StaticHypercube",
            "dimensions": [
                [
                    0.42757367220956616,
                    3.6129943190622704
                ]
            ],
            "static_value": 0.26668494642648677,
            "active_dims": [
                1
            ]
        },
        {
            "type": "Gaussian",
            "mean": [
                7.094928108163163
            ],
            "std_dev": [
                0.33021623551261464
            ],
            "max_amplitude": 0.1966123598105021,
            "active_dims": [
                1
            ]
        }
    ],
    "stats": {
        "energy": 554977600.731183,
        "bandwidth": 11,
        "mean": 0.3401682303040509,
        "std": 0.14063482284029702,
        "pct_over_06": 0.038609375,
        "pct_over_08": 0.002984375
    }
}