{
    "functions": [
        {
            "type": "Sinus",
            "amplitudes": [
                0.11650036560439148,
                0.10375196332797812,
                0.14583658450773035,
                0.13949147031526216
            ],
            "frequencies": [
                1.8413294799084143,
                1.7675764700678982,
                1.6516786013901628,
                1.8339097161640223
            ],
            "weight_vectors": [
                [
                    0.48012883770764303,
                    0.10207799172447418
                ],
                [
                    0.9113868291581002,
                    0.9421628330927911
                ],
                [
                    0.8782933522675659,
                    0.643348165170576
                ],
                [
                    0.6343078922374435,
                    0.7170023430653465
                ]
            ],
            "phases": [
                1.9732758987926484,
                4.845124091226043,
                3.7788045988268593,
                3.297800894951162
            ],
            "offset": 0.03742973035120808,
            "bounds": [
                [
                    4.638847665966734,
                    6.538205875773889
                ],
                [
                    2.46583866713368,
                    4.4758537919653705
                ]
            ],
            "minimum_value": 0.0,
            "active_dims": [
                1,
                2
            ]
        },
        {
            "type": "Ramp",
            "coeff": [
                1.3862049061667956
            ],
            "min_value": 0.1617880635928607,
            "max_value": 0.21343496695636616,
            "bounds": [
                [
                    0.10405078572466997,
                    3.3020510006927477
                ]
            ],
            "active_dims": [
                1
            ]
        },
        {
            "type": "Gaussian",
            "mean": [
                7.6880651309071055
            ],
            "std_dev": [
                0.7155330524695336
            ],
            "max_amplitude": 0.1713987788356954,
            "active_dims": [
                1
            ]
        },
        {
            "type": "Gaussian",
            "mean": [
                4.636629220721372
            ],
            "std_dev": [
                1.947092821046948
            ],
            "max_amplitude": 0.2194949412809582,
            "active_dims": [
                2
            ]
        },
        {
            "type": "Gaussian",
            "mean": [
                3.5538887963971644,
                3.2241010165427952
            ],
            "std_dev": [
                2.6633647035302244,
                3.3256388202243548
            ],
            "max_amplitude": 0.2481136592512081,
            "active_dims": [
                1,
                2
            ]
        },
        {
            "type": "StaticHypercube",
            "dimensions": [
                [
                    0.10355027020387304,
                    3.0047043999058194
                ]
            ],
            "static_value": 0.13289273901740614,
            "active_dims": [
                1
            ]
        },
        {
            "type": "Gaussian",
            "mean": [
                8.998003474702434
            ],
            "std_dev": [
                2.721025228414798
            ],
            "max_amplitude": 0.1478463428345267,
            "active_dims": [
                2
            ]
        },
        {
            "type": "Sinus",
            "amplitudes": [
                0.13774869828739816,
                0.1177973794186973,
                0.2782196273119924,
                0.22387824070927556
            ],
            "frequencies": [
                1.7085821225847397,
                1.9450658613339777,
                0.11901812622398428,
                0.5982556103477756
            ],
            "weight_vectors": [
                [
                    0.11780808000058107,
                    0.6744784507411352
                ],
                [
                    0.7506425342340457,
                    0.8291395773479587
                ],
                [
                    0.1377187758049666,
                    0.45389742222446694
                ],
                [
                    0.6587104853824199,
                    0.808127338572922
                ]
            ],
            "phases": [
                0.026960022879629612,
                2.472119915845487,
                5.627363760327117,
                5.9618216628214595
            ],
            "offset": 0.10964283348195873,
            "bounds": [
                [
                    2.155138031045199,
                    5.444926854089368
                ],
                [
                    1.2778124589583726,
                    3.620063840425261
                ]
            ],
            "minimum_value": 0.0,
            "active_dims": [
                0,
                2
            ]
        },
        {
            "type": "Gaussian",
            "mean": [
                8.023508281337108,
                8.855757928548103
            ],
            "std_dev": [
                0.9711506125081084,
                1.8903694670972349
            ],
            "max_amplitude": 0.1419141307219154,
            "active_dims": [
                0,
                1
            ]
        }
    ],
    "stats": {
        "energy": 781959178.2761225,
        "bandwidth": 5,
        "mean": 0.4097547778486223,
        "std": 0.15168725898718413,
        "pct_over_06": 0.109703125,
        "pct_over_08": 0.011015625
    }
}