{
    "functions": [
        {
            "type": "Ramp",
            "coeff": [
                0.9117151712678551,
                1.060723846023958
            ],
            "min_value": 0.1886488405757615,
            "max_value": 0.2870851775947891,
            "bounds": [
                [
                    0.3278779740525193,
                    4.249563018381054
                ],
                [
                    5.533685014182716,
                    5.955420337953612
                ]
            ],
            "active_dims": [
                1,
                2
            ]
        },
        {
            "type": "Gaussian",
            "mean": [
                7.003177973045604,
                0.272381710216254,
                1.1836835946234925
            ],
            "std_dev": [
                0.36725170178290467,
                0.6033980545585624,
                2.869686684175201
            ],
            "max_amplitude": 0.22038195217800938,
            "active_dims": [
                0,
                1,
                2
            ]
        },
        {
            "type": "Sinus",
            "amplitudes": [
                0.40088477032744196,
                0.15521414118388577,
                0.2286083995488011,
                0.20463871872929018
            ],
            "frequencies": [
                0.17566289564588378,
                1.5532321046218345,
                1.795354685140325,
                1.0448605074948916
            ],
            "weight_vectors": [
                [
                    0.5063630000914564,
                    0.018551046705884255
                ],
                [
                    0.41395661005894213,
                    0.055501256898285445
                ],
                [
                    0.6360734777454905,
                    0.2955527937164456
                ],
                [
                    0.874932263819563,
                    0.9321756687980057
                ]
            ],
            "phases": [
                2.088233106997272,
                0.3354001541764523,
                4.929509163889963,
                4.4583844903489185
            ],
            "offset": -0.15719256609886034,
            "bounds": [
                [
                    0.7933811893673086,
                    2.4017016853049498
                ],
                [
                    0.10058597574623422,
                    0.730518602936242
                ]
            ],
            "minimum_value": 0.0,
            "active_dims": [
                1,
                2
            ]
        },
        {
            "type": "Gaussian",
            "mean": [
                6.092407585596444,
                3.580905451666222
            ],
            "std_dev": [
                2.650179866501612,
                2.5408114442814447
            ],
            "max_amplitude": 0.24965509180818285,
            "active_dims": [
                0,
                1
            ]
        },
        {
            "type": "Gaussian",
            "mean": [
                6.386711084522081
            ],
            "std_dev": [
                3.6571529571131345
            ],
            "max_amplitude": 0.30671295402046483,
            "active_dims": [
                1
            ]
        },
        {
            "type": "Gaussian",
            "mean": [
                5.167149267964568,
                1.7550058556884618,
                9.916308772891703
            ],
            "std_dev": [
                2.5452513509645827,
                1.5564530392835165,
                2.1978575854314717
            ],
            "max_amplitude": 0.12462478548386338,
            "active_dims": [
                0,
                1,
                2
            ]
        },
        {
            "type": "Ramp",
            "coeff": [
                0.8182732747566988
            ],
            "min_value": 0.13472970132142176,
            "max_value": 0.29219571568815683,
            "bounds": [
                [
                    3.422892079534962,
                    8.987858125185923
                ]
            ],
            "active_dims": [
                0
            ]
        },
        {
            "type": "Sinus",
            "amplitudes": [
                0.07023953515430573,
                0.28208304952985236
            ],
            "frequencies": [
                1.6465739412457514,
                0.9451397820590913
            ],
            "weight_vectors": [
                [
                    0.28529547234043573,
                    0.8088971871406319
                ],
                [
                    0.47879148770089375,
                    0.33705471593370295
                ]
            ],
            "phases": [
                2.5490196922386557,
                0.6977564596856932
            ],
            "offset": 0.01809361492544424,
            "bounds": [
                [
                    4.925274052237725,
                    9.291822373557594
                ],
                [
                    6.153179273252045,
                    8.11816780805269
                ]
            ],
            "minimum_value": 0.0,
            "active_dims": [
                0,
                1
            ]
        },
        {
            "type": "Sinus",
            "amplitudes": [
                0.2639885377376837,
                0.28387427200148496,
                0.27400455651170746,
                0.19719498618199022
            ],
            "frequencies": [
                0.17336589290776405,
                0.6029619094886692,
                1.7268444237149225,
                1.2899734782442507
            ],
            "weight_vectors": [
                [
                    0.11806440885449132,
                    0.27099154747245735
                ],
                [
                    0.5575965252636615,
                    0.9299888598159335
                ],
                [
                    0.4425611618094645,
                    0.5745359173229263
                ],
                [
                    0.7154839479600879,
                    0.22239809299871227
                ]
            ],
            "phases": [
                3.3588672781201248,
                3.3336580629144636,
                1.5764746305075121,
                5.213929778661667
            ],
            "offset": 0.0799295379855959,
            "bounds": [
                [
                    2.8804792874893272,
                    6.4823016443583015
                ],
                [
                    6.6094449154298935,
                    8.523342201694044
                ]
            ],
            "minimum_value": 0.0,
            "active_dims": [
                0,
                1
            ]
        }
    ],
    "stats": {
        "energy": 970999462.7306838,
        "bandwidth": 3,
        "mean": 0.4497277593450147,
        "std": 0.186561941939523,
        "pct_over_06": 0.26103125,
        "pct_over_08": 0.016359375
    }
}