{
    "functions": [
        {
            "type": "StaticHypercube",
            "dimensions": [
                [
                    4.670383683656212,
                    7.054293647781993
                ]
            ],
            "static_value": 0.12268025549762035,
            "active_dims": [
                2
            ]
        },
        {
            "type": "Sinus",
            "amplitudes": [
                0.17768404521532583,
                0.2206209555281755,
                0.2044036681966494,
                0.3101017312756703
            ],
            "frequencies": [
                1.713761889825179,
                1.619619425419158,
                0.777122898551522,
                0.40635592870809323
            ],
            "weight_vectors": [
                [
                    0.17647355779771923,
                    0.90394662257456,
                    0.26885698494188315
                ],
                [
                    0.9470120596986619,
                    0.013458501283027835,
                    0.9275047529332375
                ],
                [
                    0.491915817731847,
                    0.8007595104253346,
                    0.5221676826126619
                ],
                [
                    0.8876987564960334,
                    0.15170619675525354,
                    0.8591514923329453
                ]
            ],
            "phases": [
                0.9144783926293214,
                1.9138109501805043,
                3.3874534755825136,
                3.234639469776011
            ],
            "offset": 0.12327191411698335,
            "bounds": [
                [
                    3.473298824162704,
                    8.22497564591498
                ],
                [
                    3.3251246577112417,
                    7.168352067051366
                ],
                [
                    5.919285717358895,
                    6.631416633805116
                ]
            ],
            "minimum_value": 0.0,
            "active_dims": [
                0,
                1,
                2
            ]
        },
        {
            "type": "Gaussian",
            "mean": [
                4.7708248105684525,
                4.338488559003405
            ],
            "std_dev": [
                0.36075548192832574,
                1.7199831764849838
            ],
            "max_amplitude": 0.21131249611217476,
            "active_dims": [
                1,
                2
            ]
        },
        {
            "type": "Gaussian",
            "mean": [
                6.438676749042158,
                9.403683730701717,
                1.3565342741628916
            ],
            "std_dev": [
                2.1890723931918497,
                0.34563268308605494,
                2.7689860510630626
            ],
            "max_amplitude": 0.1758918763769871,
            "active_dims": [
                0,
                1,
                2
            ]
        },
        {
            "type": "Ramp",
            "coeff": [
                1.6396100951927604,
                1.034020303588578
            ],
            "min_value": 0.13849316101128967,
            "max_value": 0.17740366559997187,
            "bounds": [
                [
                    1.0812624720951374,
                    1.224553009197627
                ],
                [
                    4.981773077613884,
                    6.848747941274977
                ]
            ],
            "active_dims": [
                0,
                1
            ]
        },
        {
            "type": "StaticHypercube",
            "dimensions": [
                [
                    5.938966983117976,
                    8.699825612087475
                ]
            ],
            "static_value": 0.18453367948511049,
            "active_dims": [
                2
            ]
        },
        {
            "type": "Ramp",
            "coeff": [
                0.36068052044446475
            ],
            "min_value": 0.049017857683424926,
            "max_value": 0.15741940618857997,
            "bounds": [
                [
                    0.817444606286579,
                    2.9991535066214023
                ]
            ],
            "active_dims": [
                2
            ]
        },
        {
            "type": "Sinus",
            "amplitudes": [
                0.23280969114897984,
                0.2237906930774278,
                0.19407528581762726,
                0.24838185006563976,
                0.0956462854815323
            ],
            "frequencies": [
                1.413663132539509,
                0.9645587624228891,
                1.1821843806045482,
                0.9938209827517624,
                0.5167813109539356
            ],
            "weight_vectors": [
                [
                    0.3547122632627171
                ],
                [
                    0.37960042466993726
                ],
                [
                    0.20583511644271524
                ],
                [
                    0.7972316194035194
                ],
                [
                    0.18549536707610736
                ]
            ],
            "phases": [
                1.0614494207881515,
                3.371105644758566,
                4.225073889561035,
                2.4256587129877287,
                3.8468695011537966
            ],
            "offset": 0.14179231622432326,
            "bounds": [
                [
                    2.7268009288920143,
                    3.1074142061826504
                ]
            ],
            "minimum_value": 0.0,
            "active_dims": [
                2
            ]
        },
        {
            "type": "Gaussian",
            "mean": [
                1.6667956070921042
            ],
            "std_dev": [
                1.3498619561602192
            ],
            "max_amplitude": 0.23521143005033163,
            "active_dims": [
                1
            ]
        }
    ],
    "stats": {
        "energy": 220789980.4072595,
        "bandwidth": 20,
        "mean": 0.1792097677742128,
        "std": 0.1476064461488007,
        "pct_over_06": 0.006328125,
        "pct_over_08": 0.000859375
    }
}