{
    "functions": [
        {
            "type": "Sinus",
            "amplitudes": [
                0.11920915210664398,
                0.16411071385946968
            ],
            "frequencies": [
                0.6937018497811653,
                0.3701543657898708
            ],
            "weight_vectors": [
                [
                    0.6309139147322974,
                    0.13596587678346939,
                    0.8673648431283355
                ],
                [
                    0.028574821646210613,
                    0.8228055399048737,
                    0.08259281958618314
                ]
            ],
            "phases": [
                0.6238222603843163,
                2.8777059832032217
            ],
            "offset": -0.12047335128730284,
            "bounds": [
                [
                    3.1475915111086903,
                    4.242553018697768
                ],
                [
                    5.0387281891604765,
                    9.853164349760128
                ],
                [
                    5.055442262592683,
                    7.257726240469692
                ]
            ],
            "minimum_value": 0.0,
            "active_dims": [
                0,
                1,
                2
            ]
        },
        {
            "type": "StaticHypercube",
            "dimensions": [
                [
                    8.647849101911058,
                    9.573428638250341
                ]
            ],
            "static_value": 0.1508682954212453,
            "active_dims": [
                1
            ]
        },
        {
            "type": "Gaussian",
            "mean": [
                7.925150846916694
            ],
            "std_dev": [
                0.9753602297613929
            ],
            "max_amplitude": 0.17822008382110135,
            "active_dims": [
                1
            ]
        },
        {
            "type": "Sinus",
            "amplitudes": [
                0.09319752185204785,
                0.18199839152285882,
                0.10967023624632813,
                0.26740242156404315
            ],
            "frequencies": [
                1.0155422745872407,
                1.0754937925056631,
                0.2690513554861572,
                1.780633732724916
            ],
            "weight_vectors": [
                [
                    0.6998134880975234,
                    0.586540810871714,
                    0.5718465522376969
                ],
                [
                    0.9685283927288422,
                    0.21617074129638436,
                    0.9456236543962255
                ],
                [
                    0.08291616915646272,
                    0.9135157231918054,
                    0.9241764163916076
                ],
                [
                    0.06500359179146165,
                    0.46932145071404174,
                    0.9673538731300445
                ]
            ],
            "phases": [
                3.409768724560812,
                0.09794880851474055,
                6.249172300521217,
                0.15243802678147797
            ],
            "offset": 0.0811175091993218,
            "bounds": [
                [
                    3.2720668643411592,
                    6.030925642986972
                ],
                [
                    3.3735183098317214,
                    5.786540545119143
                ],
                [
                    0.5638636852966847,
                    4.247049971411988
                ]
            ],
            "minimum_value": 0.0,
            "active_dims": [
                0,
                1,
                2
            ]
        },
        {
            "type": "StaticHypercube",
            "dimensions": [
                [
                    3.9673516746774635,
                    7.768695382553642
                ],
                [
                    2.0662600710032226,
                    6.886458967427117
                ]
            ],
            "static_value": 0.24654847648235584,
            "active_dims": [
                0,
                1
            ]
        },
        {
            "type": "Sinus",
            "amplitudes": [
                0.07450657204947235,
                0.10823937647163125,
                0.048643264909763194,
                0.11904412344134434
            ],
            "frequencies": [
                1.5783329053039297,
                1.785466549167842,
                0.2028898278682055,
                1.6272055014067812
            ],
            "weight_vectors": [
                [
                    0.869110391604752
                ],
                [
                    0.0714862576575418
                ],
                [
                    0.5862162566694814
                ],
                [
                    0.5671045684607311
                ]
            ],
            "phases": [
                5.857228962559273,
                0.056565402946147175,
                4.022151139371619,
                1.9874259913969305
            ],
            "offset": -0.15067853920512445,
            "bounds": [
                [
                    1.6300398141622787,
                    6.568433903486488
                ]
            ],
            "minimum_value": 0.0,
            "active_dims": [
                1
            ]
        },
        {
            "type": "Ramp",
            "coeff": [
                0.1982312311455583
            ],
            "min_value": 0.005965522357304407,
            "max_value": 0.14810046407445057,
            "bounds": [
                [
                    3.167014478559275,
                    8.541825526446068
                ]
            ],
            "active_dims": [
                0
            ]
        },
        {
            "type": "Gaussian",
            "mean": [
                3.877425541072681
            ],
            "std_dev": [
                0.6193465948141302
            ],
            "max_amplitude": 0.15593897446658128,
            "active_dims": [
                1
            ]
        },
        {
            "type": "Gaussian",
            "mean": [
                7.276141995458126,
                6.816430967757042,
                7.93940350451679
            ],
            "std_dev": [
                2.313114807376437,
                0.3204958169853842,
                3.613357610718155
            ],
            "max_amplitude": 0.1262402969865871,
            "active_dims": [
                0,
                1,
                2
            ]
        }
    ],
    "stats": {
        "energy": 213943284.47616848,
        "bandwidth": 55,
        "mean": 0.17483121502796292,
        "std": 0.1471947466399897,
        "pct_over_06": 0.00865625,
        "pct_over_08": 0.00409375
    }
}