{
    "functions": [
        {
            "type": "Sinus",
            "amplitudes": [
                0.18277991995943782,
                0.14244845879238874,
                0.33700579520182805
            ],
            "frequencies": [
                0.5281167350362765,
                0.9548807339404717,
                0.3543176833602478
            ],
            "weight_vectors": [
                [
                    0.6709729010103727
                ],
                [
                    0.11945696537934825
                ],
                [
                    0.4154132468604589
                ]
            ],
            "phases": [
                5.551602670178465,
                3.319798685403392,
                0.8652070384598284
            ],
            "offset": -0.11651890341936079,
            "bounds": [
                [
                    3.4099733356677855,
                    7.32788161610762
                ]
            ],
            "minimum_value": 0.0,
            "active_dims": [
                2
            ]
        },
        {
            "type": "StaticHypercube",
            "dimensions": [
                [
                    5.87554789274865,
                    9.572743628566014
                ],
                [
                    0.02227942993496932,
                    5.374376430831232
                ]
            ],
            "static_value": 0.2482515487337874,
            "active_dims": [
                0,
                2
            ]
        },
        {
            "type": "Gaussian",
            "mean": [
                4.9552892296629425,
                9.663799303307277
            ],
            "std_dev": [
                0.17252432862707467,
                3.3715981598477334
            ],
            "max_amplitude": 0.6285902794947087,
            "active_dims": [
                0,
                2
            ]
        },
        {
            "type": "Ramp",
            "coeff": [
                0.5163844200758467,
                1.6525355936815933
            ],
            "min_value": 0.02137916633578697,
            "max_value": 0.2872109982618461,
            "bounds": [
                [
                    3.714289509413651,
                    5.654603783012194
                ],
                [
                    4.139146580486852,
                    5.554047658183757
                ]
            ],
            "active_dims": [
                0,
                2
            ]
        },
        {
            "type": "StaticHypercube",
            "dimensions": [
                [
                    4.92160481920418,
                    7.97434364314773
                ],
                [
                    2.4472390882184474,
                    4.928843418880672
                ]
            ],
            "static_value": 0.04565158420045996,
            "active_dims": [
                1,
                2
            ]
        },
        {
            "type": "Gaussian",
            "mean": [
                6.646403624891376,
                0.8058935014336333,
                3.4117777665626194
            ],
            "std_dev": [
                3.258399889544276,
                0.379848551942761,
                1.3381163678618566
            ],
            "max_amplitude": 0.5204632913858631,
            "active_dims": [
                0,
                1,
                2
            ]
        },
        {
            "type": "Gaussian",
            "mean": [
                7.8756610168751395,
                3.4389111301815767,
                3.7882909803079534
            ],
            "std_dev": [
                0.5501425987761903,
                1.645711417362541,
                2.5520464850815956
            ],
            "max_amplitude": 0.22114662182083092,
            "active_dims": [
                0,
                1,
                2
            ]
        },
        {
            "type": "Gaussian",
            "mean": [
                4.740381669961015,
                7.83212652193529
            ],
            "std_dev": [
                2.1555966855076774,
                0.3733462106800378
            ],
            "max_amplitude": 0.19026460042314314,
            "active_dims": [
                1,
                2
            ]
        },
        {
            "type": "StaticHypercube",
            "dimensions": [
                [
                    4.160263448640032,
                    6.331660230471577
                ],
                [
                    4.990241895443023,
                    7.04820701525831
                ]
            ],
            "static_value": 0.0904756392331326,
            "active_dims": [
                0,
                1
            ]
        }
    ],
    "stats": {
        "energy": 270892019.73726994,
        "bandwidth": 90,
        "mean": 0.16409206798836518,
        "std": 0.19801398998422093,
        "pct_over_06": 0.037078125,
        "pct_over_08": 0.00421875
    }
}