{
    "functions": [
        {
            "type": "Gaussian",
            "mean": [
                6.252062919210097
            ],
            "std_dev": [
                1.5097075008048357
            ],
            "max_amplitude": 0.3318392964598657,
            "active_dims": [
                0
            ]
        },
        {
            "type": "Ramp",
            "coeff": [
                1.7868670051668802,
                1.351208741469549
            ],
            "min_value": 0.13404388257003336,
            "max_value": 0.1412692841540807,
            "bounds": [
                [
                    2.3067504353590107,
                    7.783711086270328
                ],
                [
                    0.609178082677755,
                    2.7964205508780045
                ]
            ],
            "active_dims": [
                0,
                2
            ]
        },
        {
            "type": "Sinus",
            "amplitudes": [
                0.344567895018203,
                0.37257615088723395,
                0.3050791519471259,
                0.2991951794997312
            ],
            "frequencies": [
                0.5615867402477508,
                1.5176728947196763,
                1.9453855600021424,
                0.7511788559148238
            ],
            "weight_vectors": [
                [
                    0.6571637630145467
                ],
                [
                    0.023507086012571343
                ],
                [
                    0.12944141925638863
                ],
                [
                    0.16472769422237987
                ]
            ],
            "phases": [
                1.9657782599281575,
                4.843522850015198,
                1.5593806897691236,
                5.538157012758618
            ],
            "offset": 0.22534931156068147,
            "bounds": [
                [
                    6.041051025606497,
                    8.471937999449475
                ]
            ],
            "minimum_value": 0.0,
            "active_dims": [
                1
            ]
        },
        {
            "type": "Sinus",
            "amplitudes": [
                0.15158075949253352
            ],
            "frequencies": [
                1.6916373362171897
            ],
            "weight_vectors": [
                [
                    0.9476157955307004
                ]
            ],
            "phases": [
                1.2395083061220729
            ],
            "offset": -0.05602511717502514,
            "bounds": [
                [
                    5.236958748855208,
                    6.986019949415269
                ]
            ],
            "minimum_value": 0.0,
            "active_dims": [
                0
            ]
        },
        {
            "type": "Sinus",
            "amplitudes": [
                0.09598078911665295,
                0.37429997882957317
            ],
            "frequencies": [
                0.19175587861864585,
                1.2295778400009123
            ],
            "weight_vectors": [
                [
                    0.13403952347950177
                ],
                [
                    0.23358856192820276
                ]
            ],
            "phases": [
                4.482715137030293,
                5.537292087480307
            ],
            "offset": -0.10302656769408264,
            "bounds": [
                [
                    1.1010742130782514,
                    6.280385800579222
                ]
            ],
            "minimum_value": 0.0,
            "active_dims": [
                1
            ]
        },
        {
            "type": "StaticHypercube",
            "dimensions": [
                [
                    5.089712052369339,
                    8.89057316190011
                ]
            ],
            "static_value": 0.1539753922645888,
            "active_dims": [
                2
            ]
        },
        {
            "type": "Ramp",
            "coeff": [
                1.8956277913595694
            ],
            "min_value": 0.07885940339950394,
            "max_value": 0.1872654668879594,
            "bounds": [
                [
                    1.1030040951856834,
                    3.9360156105254864
                ]
            ],
            "active_dims": [
                2
            ]
        },
        {
            "type": "StaticHypercube",
            "dimensions": [
                [
                    7.5855070479859155,
                    9.77089081135342
                ],
                [
                    8.544332021658217,
                    9.882315528270894
                ]
            ],
            "static_value": 0.25610629735942386,
            "active_dims": [
                1,
                2
            ]
        },
        {
            "type": "Gaussian",
            "mean": [
                2.611245424711177,
                6.017104500945592
            ],
            "std_dev": [
                3.1359246753444285,
                0.1996761325155187
            ],
            "max_amplitude": 0.21492477915374894,
            "active_dims": [
                0,
                2
            ]
        }
    ],
    "stats": {
        "energy": 579429350.2832404,
        "bandwidth": 12,
        "mean": 0.29372873184345166,
        "std": 0.23491631661323986,
        "pct_over_06": 0.131671875,
        "pct_over_08": 0.019890625
    }
}