{
    "functions": [
        {
            "type": "Gaussian",
            "mean": [
                5.9446423741468735
            ],
            "std_dev": [
                3.1848494065695596
            ],
            "max_amplitude": 0.12346443578827364,
            "active_dims": [
                2
            ]
        },
        {
            "type": "Gaussian",
            "mean": [
                7.509703436224914
            ],
            "std_dev": [
                1.6452067396444412
            ],
            "max_amplitude": 0.12999390397092928,
            "active_dims": [
                2
            ]
        },
        {
            "type": "Ramp",
            "coeff": [
                0.6503607493013293,
                1.614073338521461
            ],
            "min_value": 0.060419101350732606,
            "max_value": 0.14533021035054294,
            "bounds": [
                [
                    8.140559803161626,
                    9.258175017354612
                ],
                [
                    3.7260898289689344,
                    8.916230602268124
                ]
            ],
            "active_dims": [
                1,
                2
            ]
        },
        {
            "type": "Sinus",
            "amplitudes": [
                0.06971958670671491,
                0.2253138223173936,
                0.06973674279355893,
                0.08664420218232823,
                0.12909803700921313
            ],
            "frequencies": [
                0.38841488839172666,
                0.5090026427680404,
                1.6148774084126254,
                1.417537142305238,
                1.989726976046354
            ],
            "weight_vectors": [
                [
                    0.015554686258289485
                ],
                [
                    0.8559793664824895
                ],
                [
                    0.28543129677052925
                ],
                [
                    0.9311818766805179
                ],
                [
                    0.9235678192442733
                ]
            ],
            "phases": [
                1.1098046638690655,
                4.015844572916579,
                0.3714814410541903,
                1.516815542569928,
                2.1110631911761737
            ],
            "offset": 0.05060605235448193,
            "bounds": [
                [
                    1.749795055483818,
                    6.593443968559714
                ]
            ],
            "minimum_value": 0.0,
            "active_dims": [
                1
            ]
        },
        {
            "type": "StaticHypercube",
            "dimensions": [
                [
                    3.9212312839223147,
                    6.053187955760433
                ],
                [
                    2.477315430776246,
                    3.832664718016813
                ]
            ],
            "static_value": 0.07769780196519487,
            "active_dims": [
                1,
                2
            ]
        },
        {
            "type": "Gaussian",
            "mean": [
                5.4026435242558515,
                7.261903195807156
            ],
            "std_dev": [
                3.848152525314701,
                1.8554150293380718
            ],
            "max_amplitude": 0.12508023196209114,
            "active_dims": [
                0,
                2
            ]
        },
        {
            "type": "StaticHypercube",
            "dimensions": [
                [
                    0.4103107547069904,
                    5.932605703649165
                ]
            ],
            "static_value": 0.15525778329482195,
            "active_dims": [
                1
            ]
        },
        {
            "type": "StaticHypercube",
            "dimensions": [
                [
                    5.304431059425584,
                    6.743522672742018
                ],
                [
                    4.914607250469302,
                    9.035243681557764
                ]
            ],
            "static_value": 0.024792320753348994,
            "active_dims": [
                1,
                2
            ]
        },
        {
            "type": "StaticHypercube",
            "dimensions": [
                [
                    1.271552897791033,
                    3.4475153930623854
                ],
                [
                    0.28917270312168974,
                    3.307746184694781
                ]
            ],
            "static_value": 0.04223905316356629,
            "active_dims": [
                0,
                2
            ]
        }
    ],
    "stats": {
        "energy": 659087787.5772074,
        "bandwidth": 9,
        "mean": 0.3430990393296308,
        "std": 0.20782962637711486,
        "pct_over_06": 0.12125,
        "pct_over_08": 0.02659375
    }
}