{
    "functions": [
        {
            "type": "Gaussian",
            "mean": [
                8.048511675726107
            ],
            "std_dev": [
                2.6811564399414736
            ],
            "max_amplitude": 0.22521069027053472,
            "active_dims": [
                0
            ]
        },
        {
            "type": "Gaussian",
            "mean": [
                9.34808593705992,
                2.254985781827028
            ],
            "std_dev": [
                3.3493493591289836,
                1.824079804640101
            ],
            "max_amplitude": 0.23445520860407518,
            "active_dims": [
                0,
                1
            ]
        },
        {
            "type": "Sinus",
            "amplitudes": [
                0.0733893418885812,
                0.4473361050381246
            ],
            "frequencies": [
                0.7384911590287357,
                0.5669747708192683
            ],
            "weight_vectors": [
                [
                    0.3820528326786664,
                    0.8566500360724992,
                    0.12287633476856175
                ],
                [
                    0.99229698566759,
                    0.494780565521016,
                    0.6633693690422435
                ]
            ],
            "phases": [
                0.7564958456762753,
                4.276274721780028
            ],
            "offset": 0.021187695633103788,
            "bounds": [
                [
                    2.9201362570307485,
                    3.5597288005759578
                ],
                [
                    6.499099671077671,
                    8.281333349653451
                ],
                [
                    2.8319834840886946,
                    7.394332933856848
                ]
            ],
            "minimum_value": 0.0,
            "active_dims": [
                0,
                1,
                2
            ]
        },
        {
            "type": "Sinus",
            "amplitudes": [
                0.3465250916962131
            ],
            "frequencies": [
                0.8766108576105157
            ],
            "weight_vectors": [
                [
                    0.16236794136029142,
                    0.5971379066396624
                ]
            ],
            "phases": [
                4.018746816615727
            ],
            "offset": 0.11441373498476236,
            "bounds": [
                [
                    5.765177232877984,
                    8.12854309322261
                ],
                [
                    4.30368333572859,
                    8.356687889979906
                ]
            ],
            "minimum_value": 0.0,
            "active_dims": [
                0,
                1
            ]
        },
        {
            "type": "Sinus",
            "amplitudes": [
                0.2419385947330435,
                0.1613912406575863
            ],
            "frequencies": [
                1.7407371406920904,
                0.3242237305584506
            ],
            "weight_vectors": [
                [
                    0.6161608158268919
                ],
                [
                    0.287944647629638
                ]
            ],
            "phases": [
                5.4809338138246,
                6.081774802437091
            ],
            "offset": 0.09415210072880846,
            "bounds": [
                [
                    2.6410529256585007,
                    5.929813675649401
                ]
            ],
            "minimum_value": 0.0,
            "active_dims": [
                1
            ]
        },
        {
            "type": "Sinus",
            "amplitudes": [
                0.19506499030759933,
                0.2526339393642256,
                0.06714392673372431
            ],
            "frequencies": [
                0.463757487552273,
                0.9840018481771711,
                1.4759573551512841
            ],
            "weight_vectors": [
                [
                    0.21309382215222816,
                    0.32687276016811595
                ],
                [
                    0.4921376382759164,
                    0.21791114621094643
                ],
                [
                    0.8304191752667953,
                    0.7539526282422745
                ]
            ],
            "phases": [
                1.7786200151650124,
                1.2496390524606675,
                1.5124860093831523
            ],
            "offset": -0.025800550695829448,
            "bounds": [
                [
                    4.954514646089463,
                    6.282593703058188
                ],
                [
                    5.232755614221401,
                    7.6101543117088255
                ]
            ],
            "minimum_value": 0.0,
            "active_dims": [
                0,
                2
            ]
        },
        {
            "type": "Ramp",
            "coeff": [
                0.37243282251052556
            ],
            "min_value": 0.04988938107083347,
            "max_value": 0.20929457882608674,
            "bounds": [
                [
                    1.9957047643797916,
                    8.563482790007159
                ]
            ],
            "active_dims": [
                0
            ]
        },
        {
            "type": "Gaussian",
            "mean": [
                4.020553192879347,
                5.39900790887394,
                6.006353105200729
            ],
            "std_dev": [
                0.3893736064875055,
                3.231442606404618,
                1.1790241971168305
            ],
            "max_amplitude": 0.19019339123811682,
            "active_dims": [
                0,
                1,
                2
            ]
        },
        {
            "type": "StaticHypercube",
            "dimensions": [
                [
                    1.8628124197887137,
                    2.6085215754752342
                ],
                [
                    3.004913735105995,
                    7.290630860947061
                ]
            ],
            "static_value": 0.24045745758580236,
            "active_dims": [
                0,
                1
            ]
        }
    ],
    "stats": {
        "energy": 747021077.99595,
        "bandwidth": 16,
        "mean": 0.3482661719729879,
        "std": 0.24716161985507823,
        "pct_over_06": 0.157703125,
        "pct_over_08": 0.0475
    }
}