{
    "functions": [
        {
            "type": "Ramp",
            "coeff": [
                0.5534845469869263
            ],
            "min_value": 0.06137470313523996,
            "max_value": 0.0804609378191904,
            "bounds": [
                [
                    0.8295555318195722,
                    5.115644673982802
                ]
            ],
            "active_dims": [
                1
            ]
        },
        {
            "type": "Sinus",
            "amplitudes": [
                0.26931102294919296,
                0.04781216348404319
            ],
            "frequencies": [
                0.6933006076083228,
                1.621224949387135
            ],
            "weight_vectors": [
                [
                    0.020774152567530346
                ],
                [
                    0.8662251429409497
                ]
            ],
            "phases": [
                1.3132080364844538,
                2.6578060652057385
            ],
            "offset": 0.09673765266403775,
            "bounds": [
                [
                    5.074552165501289,
                    6.997771718582226
                ]
            ],
            "minimum_value": 0.0,
            "active_dims": [
                1
            ]
        },
        {
            "type": "Gaussian",
            "mean": [
                3.84056862283337,
                7.194869909516695,
                1.5822524674290805
            ],
            "std_dev": [
                3.108592662936619,
                1.88862998874743,
                0.4001227857275679
            ],
            "max_amplitude": 0.09289117907357272,
            "active_dims": [
                0,
                1,
                2
            ]
        },
        {
            "type": "Sinus",
            "amplitudes": [
                0.12364099985002637,
                0.16022630642827762
            ],
            "frequencies": [
                1.3870718703575817,
                0.9549491119612451
            ],
            "weight_vectors": [
                [
                    0.03586155072187691,
                    0.6686873999311893
                ],
                [
                    0.26830550749236615,
                    0.2332604671459313
                ]
            ],
            "phases": [
                4.216563630575233,
                0.5187424174772833
            ],
            "offset": 0.12752747065170478,
            "bounds": [
                [
                    5.012411609652021,
                    6.7411699462698795
                ],
                [
                    7.860421636263914,
                    8.227208688391027
                ]
            ],
            "minimum_value": 0.0,
            "active_dims": [
                0,
                2
            ]
        },
        {
            "type": "Gaussian",
            "mean": [
                8.026175970883338,
                4.188943435345422,
                3.6967355315567154
            ],
            "std_dev": [
                2.154733810716849,
                2.218782096261701,
                1.6617916883344368
            ],
            "max_amplitude": 0.19965679683339138,
            "active_dims": [
                0,
                1,
                2
            ]
        },
        {
            "type": "Gaussian",
            "mean": [
                7.101851723523081
            ],
            "std_dev": [
                3.916584091533
            ],
            "max_amplitude": 0.11182075459042823,
            "active_dims": [
                2
            ]
        },
        {
            "type": "Gaussian",
            "mean": [
                4.9346873214901565,
                5.183903841561044
            ],
            "std_dev": [
                2.3559313103337165,
                1.144258328024595
            ],
            "max_amplitude": 0.19223897781987714,
            "active_dims": [
                0,
                2
            ]
        },
        {
            "type": "Gaussian",
            "mean": [
                6.891108926985137,
                5.200058755352131
            ],
            "std_dev": [
                1.993622269626293,
                3.9893671911017976
            ],
            "max_amplitude": 0.1250792140834974,
            "active_dims": [
                0,
                1
            ]
        },
        {
            "type": "Sinus",
            "amplitudes": [
                0.2102861607660225
            ],
            "frequencies": [
                0.43190766991566687
            ],
            "weight_vectors": [
                [
                    0.5551238848536532,
                    0.1093974107953497
                ]
            ],
            "phases": [
                5.008770164882429
            ],
            "offset": 0.10993300769973723,
            "bounds": [
                [
                    7.353440456607148,
                    8.537729154256347
                ],
                [
                    3.4662594068992427,
                    7.3253239972687965
                ]
            ],
            "minimum_value": 0.0,
            "active_dims": [
                1,
                2
            ]
        }
    ],
    "stats": {
        "energy": 510621126.95678204,
        "bandwidth": 12,
        "mean": 0.285128335454991,
        "std": 0.20824311127645798,
        "pct_over_06": 0.116421875,
        "pct_over_08": 0.0195
    }
}