{
    "functions": [
        {
            "type": "Gaussian",
            "mean": [
                0.18539892032629068,
                8.980945058218126
            ],
            "std_dev": [
                3.9554556518458557,
                2.654276290188277
            ],
            "max_amplitude": 0.1685476299882829,
            "active_dims": [
                0,
                2
            ]
        },
        {
            "type": "Sinus",
            "amplitudes": [
                0.16167078953637237,
                0.1441652843211466
            ],
            "frequencies": [
                0.7208077909053193,
                0.3438738322369452
            ],
            "weight_vectors": [
                [
                    0.6874589883357113
                ],
                [
                    0.229255257407749
                ]
            ],
            "phases": [
                1.8094578163800077,
                5.256992418785282
            ],
            "offset": -0.04245776412890371,
            "bounds": [
                [
                    2.7945983318445835,
                    7.638010138436257
                ]
            ],
            "minimum_value": 0.0,
            "active_dims": [
                1
            ]
        },
        {
            "type": "Sinus",
            "amplitudes": [
                0.26894968316405987,
                0.09974356812026929,
                0.09850570515557246,
                0.07838680025765733
            ],
            "frequencies": [
                0.3251458148634112,
                0.1042647234060452,
                1.1960918713246576,
                1.1773956778349781
            ],
            "weight_vectors": [
                [
                    0.6781280826511268
                ],
                [
                    0.769546661351428
                ],
                [
                    0.9765765323052606
                ],
                [
                    0.39277166787763607
                ]
            ],
            "phases": [
                1.1311999154764063,
                1.4933702555558463,
                2.1456668816150897,
                4.145044647381163
            ],
            "offset": 0.06031209094469509,
            "bounds": [
                [
                    2.5519244988230687,
                    7.465236745896133
                ]
            ],
            "minimum_value": 0.0,
            "active_dims": [
                0
            ]
        },
        {
            "type": "Sinus",
            "amplitudes": [
                0.14320183695226746
            ],
            "frequencies": [
                0.8117382785148028
            ],
            "weight_vectors": [
                [
                    0.13916163064223408
                ]
            ],
            "phases": [
                4.758185509305232
            ],
            "offset": 0.11295440591691155,
            "bounds": [
                [
                    0.4040374573314577,
                    6.154091129398547
                ]
            ],
            "minimum_value": 0.0,
            "active_dims": [
                1
            ]
        },
        {
            "type": "Gaussian",
            "mean": [
                9.114304743359241,
                9.582637886094592,
                5.265949447313324
            ],
            "std_dev": [
                1.627908200367096,
                0.9290631211001341,
                1.94054827070322
            ],
            "max_amplitude": 0.11938020710951375,
            "active_dims": [
                0,
                1,
                2
            ]
        },
        {
            "type": "Sinus",
            "amplitudes": [
                0.15956417044664234
            ],
            "frequencies": [
                1.484154495984712
            ],
            "weight_vectors": [
                [
                    0.9351191269940687,
                    0.24129792440468234,
                    0.557234313470138
                ]
            ],
            "phases": [
                5.823985938763911
            ],
            "offset": 0.026782742640929974,
            "bounds": [
                [
                    1.0687727873041586,
                    7.629576434454325
                ],
                [
                    2.587854382328071,
                    4.313272522307357
                ],
                [
                    1.1366334372975528,
                    3.2713324468374054
                ]
            ],
            "minimum_value": 0.0,
            "active_dims": [
                0,
                1,
                2
            ]
        },
        {
            "type": "Sinus",
            "amplitudes": [
                0.08920102169216204,
                0.1028050783566146,
                0.1610884718220796,
                0.13546168264133066
            ],
            "frequencies": [
                1.4497991979233178,
                0.7845601307572065,
                1.804988512834834,
                0.5331061762484364
            ],
            "weight_vectors": [
                [
                    0.6792918033069976,
                    0.6733908332719615
                ],
                [
                    0.7082575558764249,
                    0.8409851140624646
                ],
                [
                    0.4454700414143651,
                    0.020208219452844123
                ],
                [
                    0.39998546133800905,
                    0.21163749131219822
                ]
            ],
            "phases": [
                3.6974965430228095,
                4.714067190999368,
                5.28317016053566,
                1.0277166618787863
            ],
            "offset": -0.06355486489694287,
            "bounds": [
                [
                    0.2456654109923594,
                    5.0541592632819246
                ],
                [
                    1.213983403027885,
                    2.9079437135797166
                ]
            ],
            "minimum_value": 0.0,
            "active_dims": [
                0,
                1
            ]
        },
        {
            "type": "Ramp",
            "coeff": [
                1.5144250483734807
            ],
            "min_value": 0.06642042649599005,
            "max_value": 0.15357738650925432,
            "bounds": [
                [
                    6.169702885639865,
                    8.189925116326076
                ]
            ],
            "active_dims": [
                2
            ]
        },
        {
            "type": "Ramp",
            "coeff": [
                1.3485856261511682,
                0.6604476867139306,
                0.43387291203060774
            ],
            "min_value": 0.004172244241808481,
            "max_value": 0.03916366110482467,
            "bounds": [
                [
                    7.576100905542823,
                    9.59190038712149
                ],
                [
                    0.05657914398156178,
                    3.614187185903391
                ],
                [
                    3.8725677719437215,
                    7.4397033107759185
                ]
            ],
            "active_dims": [
                0,
                1,
                2
            ]
        }
    ],
    "stats": {
        "energy": 510358944.005183,
        "bandwidth": 15,
        "mean": 0.2716773286141465,
        "std": 0.22536810040652694,
        "pct_over_06": 0.073515625,
        "pct_over_08": 0.009390625
    }
}