{
    "functions": [
        {
            "type": "Ramp",
            "coeff": [
                1.6490035523443412,
                0.6041932237737
            ],
            "min_value": 0.06166850681649317,
            "max_value": 0.22023919238547499,
            "bounds": [
                [
                    5.262887113766838,
                    7.142387620604762
                ],
                [
                    9.345662809541398,
                    9.490095467854278
                ]
            ],
            "active_dims": [
                0,
                1
            ]
        },
        {
            "type": "Sinus",
            "amplitudes": [
                0.4991220996193723
            ],
            "frequencies": [
                1.4277544731205294
            ],
            "weight_vectors": [
                [
                    0.26976421979256104,
                    0.6783203316545128,
                    0.41409004289853646
                ]
            ],
            "phases": [
                2.8557678485722997
            ],
            "offset": 0.0339354110571613,
            "bounds": [
                [
                    8.810159468038474,
                    9.314243553445047
                ],
                [
                    0.30353018612208177,
                    4.027462069800948
                ],
                [
                    2.5023497371535264,
                    6.296702596983081
                ]
            ],
            "minimum_value": 0.0,
            "active_dims": [
                0,
                1,
                2
            ]
        },
        {
            "type": "Gaussian",
            "mean": [
                6.423884597082895,
                7.531096666409213,
                5.0159416094860765
            ],
            "std_dev": [
                0.5046531170965596,
                2.1670029076920483,
                2.314478278705628
            ],
            "max_amplitude": 0.287189728178343,
            "active_dims": [
                0,
                1,
                2
            ]
        },
        {
            "type": "Ramp",
            "coeff": [
                1.9656551898045262,
                1.040453387301037,
                0.9458900059047104
            ],
            "min_value": 0.09916557106167397,
            "max_value": 0.26677009731046425,
            "bounds": [
                [
                    1.214926481534926,
                    7.585153883500699
                ],
                [
                    2.750601912921052,
                    5.241172118539106
                ],
                [
                    1.0797893780065366,
                    1.9817054002518986
                ]
            ],
            "active_dims": [
                0,
                1,
                2
            ]
        },
        {
            "type": "StaticHypercube",
            "dimensions": [
                [
                    3.493980271569415,
                    6.899650673515799
                ]
            ],
            "static_value": 0.06289784333024334,
            "active_dims": [
                0
            ]
        },
        {
            "type": "Gaussian",
            "mean": [
                1.4435889319530226,
                0.391440047424888
            ],
            "std_dev": [
                0.19848171972313625,
                2.703569701590682
            ],
            "max_amplitude": 0.25005159370439056,
            "active_dims": [
                1,
                2
            ]
        },
        {
            "type": "Sinus",
            "amplitudes": [
                0.22974215894342792,
                0.12022295093577313
            ],
            "frequencies": [
                1.247695928441794,
                0.7304745684298777
            ],
            "weight_vectors": [
                [
                    0.12717567608558056,
                    0.7101128821866914
                ],
                [
                    0.6001135348325043,
                    0.8341594370807185
                ]
            ],
            "phases": [
                1.039539855907711,
                1.4012139985800256
            ],
            "offset": 0.2187001608898715,
            "bounds": [
                [
                    2.3770092312084987,
                    5.420807378752359
                ],
                [
                    4.15054804447785,
                    9.210050888890262
                ]
            ],
            "minimum_value": 0.0,
            "active_dims": [
                1,
                2
            ]
        },
        {
            "type": "StaticHypercube",
            "dimensions": [
                [
                    2.4790874074723885,
                    4.327464341973974
                ]
            ],
            "static_value": 0.09779318333660034,
            "active_dims": [
                2
            ]
        },
        {
            "type": "StaticHypercube",
            "dimensions": [
                [
                    3.9122649189529644,
                    6.219446202988632
                ],
                [
                    5.858389560184897,
                    9.583097169211328
                ]
            ],
            "static_value": 0.2817878280079134,
            "active_dims": [
                0,
                1
            ]
        }
    ],
    "stats": {
        "energy": 180528443.59898072,
        "bandwidth": 246,
        "mean": 0.10942033833278415,
        "std": 0.17916896106656266,
        "pct_over_06": 0.034203125,
        "pct_over_08": 0.009859375
    }
}