{
    "functions": [
        {
            "type": "Ramp",
            "coeff": [
                1.3909795839988128,
                0.3320337691304598,
                1.2981723523669706
            ],
            "min_value": 0.08555961413958701,
            "max_value": 0.34588611310042633,
            "bounds": [
                [
                    4.1662600434262815,
                    7.668086564150623
                ],
                [
                    2.2742843538069515,
                    3.326566901456075
                ],
                [
                    1.0096780448920135,
                    2.784517146822437
                ]
            ],
            "active_dims": [
                0,
                1,
                2
            ]
        },
        {
            "type": "Sinus",
            "amplitudes": [
                0.28498603001727885,
                0.20573624423747858,
                0.17636205625398557,
                0.14414480016748218
            ],
            "frequencies": [
                0.8615980288057157,
                0.386707674953521,
                1.1764094352830812,
                1.1567769553647476
            ],
            "weight_vectors": [
                [
                    0.6900151329755873,
                    0.8863911775870659
                ],
                [
                    0.062042298683807506,
                    0.10580133764221245
                ],
                [
                    0.8894076845111263,
                    0.05174440664885582
                ],
                [
                    0.8844300122272477,
                    0.39191305977285873
                ]
            ],
            "phases": [
                3.344772100190082,
                0.19985465496452579,
                2.2163509918493056,
                4.492931723373352
            ],
            "offset": 0.07322902251203277,
            "bounds": [
                [
                    6.017147627877669,
                    9.497863768083624
                ],
                [
                    8.274982912268488,
                    9.151872529132978
                ]
            ],
            "minimum_value": 0.0,
            "active_dims": [
                0,
                1
            ]
        },
        {
            "type": "Gaussian",
            "mean": [
                4.470079564725676,
                6.864545897131943
            ],
            "std_dev": [
                3.3440997582671605,
                2.1012779190471567
            ],
            "max_amplitude": 0.2151095393922114,
            "active_dims": [
                0,
                2
            ]
        },
        {
            "type": "Sinus",
            "amplitudes": [
                0.3638309357270304,
                0.25452596139848116,
                0.3930339492556907
            ],
            "frequencies": [
                0.6558849912376302,
                1.9656324654006,
                0.9252717288820191
            ],
            "weight_vectors": [
                [
                    0.01968289861706707,
                    0.9450748568930031
                ],
                [
                    0.1451306828530744,
                    0.33595314664990783
                ],
                [
                    0.06284070024441502,
                    0.7242702872269297
                ]
            ],
            "phases": [
                2.730257204552275,
                3.3159905989836953,
                3.0247751881985567
            ],
            "offset": -0.03928105374358139,
            "bounds": [
                [
                    0.9109525900241444,
                    6.568740115595029
                ],
                [
                    1.1849488950681701,
                    2.779449289847074
                ]
            ],
            "minimum_value": 0.0,
            "active_dims": [
                0,
                1
            ]
        },
        {
            "type": "Sinus",
            "amplitudes": [
                0.15880243879751418,
                0.35551131502398386
            ],
            "frequencies": [
                1.3209915081867147,
                1.2736737202428985
            ],
            "weight_vectors": [
                [
                    0.01128264120332867,
                    0.8773269474649978
                ],
                [
                    0.8067178039299954,
                    0.001500260036851886
                ]
            ],
            "phases": [
                0.6504425249389831,
                4.496958090149242
            ],
            "offset": -0.12826126078161224,
            "bounds": [
                [
                    1.8584357929058728,
                    5.376156964447656
                ],
                [
                    1.1848680616204967,
                    5.386960444341415
                ]
            ],
            "minimum_value": 0.0,
            "active_dims": [
                0,
                2
            ]
        },
        {
            "type": "Gaussian",
            "mean": [
                4.139370571724831,
                5.598357946542495,
                4.652763653057248
            ],
            "std_dev": [
                3.9490901493104054,
                1.0872426454862023,
                2.9661519448392966
            ],
            "max_amplitude": 0.10879556152073445,
            "active_dims": [
                0,
                1,
                2
            ]
        },
        {
            "type": "Sinus",
            "amplitudes": [
                0.10984515361099145,
                0.43093922278379665,
                0.10538070941831572,
                0.18651300242297636
            ],
            "frequencies": [
                1.1039347554413999,
                0.16102716476618434,
                0.7811756897468333,
                1.9918645632909644
            ],
            "weight_vectors": [
                [
                    0.2251337244042887,
                    0.1125549701863191
                ],
                [
                    0.7823015233791584,
                    0.9539026172824904
                ],
                [
                    0.7746494188536936,
                    0.8856775201584995
                ],
                [
                    0.3426225679156276,
                    0.5346936000710836
                ]
            ],
            "phases": [
                1.191955069700703,
                4.5155350805847805,
                4.390974916555775,
                4.311145596143074
            ],
            "offset": -0.007576150444122202,
            "bounds": [
                [
                    2.3491511631809554,
                    3.8403063162863154
                ],
                [
                    1.393498375945489,
                    2.206725735725106
                ]
            ],
            "minimum_value": 0.0,
            "active_dims": [
                1,
                2
            ]
        },
        {
            "type": "Sinus",
            "amplitudes": [
                0.1294233239948136,
                0.1249592768841403,
                0.2142485221115562
            ],
            "frequencies": [
                1.610519288672214,
                1.5336689157738121,
                0.3554972672457355
            ],
            "weight_vectors": [
                [
                    0.9581953730766722
                ],
                [
                    0.3482690983741126
                ],
                [
                    0.27875620016593927
                ]
            ],
            "phases": [
                1.4752551814203012,
                0.6336773125895335,
                5.459895387255642
            ],
            "offset": 0.12509472100758715,