{
    "functions": [
        {
            "type": "StaticHypercube",
            "dimensions": [
                [
                    0.30839999680231023,
                    4.411748358075717
                ],
                [
                    6.118021099551383,
                    8.58163814365344
                ],
                [
                    3.1862896447821853,
                    8.776338529906717
                ]
            ],
            "static_value": 0.17055050996103047,
            "active_dims": [
                0,
                1,
                2
            ]
        },
        {
            "type": "Sinus",
            "amplitudes": [
                0.07057608716925967,
                0.14199858729924744,
                0.10452153675141,
                0.27118008314348613
            ],
            "frequencies": [
                1.7862778675492244,
                1.8568233678734403,
                1.827660617390681,
                1.9255467223143634
            ],
            "weight_vectors": [
                [
                    0.7441301972916684,
                    0.3535609415940274
                ],
                [
                    0.5809212051107593,
                    0.001608161155930321
                ],
                [
                    0.506240354170505,
                    0.5658959469158796
                ],
                [
                    0.030033524310148496,
                    0.5387945034998608
                ]
            ],
            "phases": [
                6.018315529173414,
                5.449608981469523,
                3.7394153915176043,
                5.604429009746787
            ],
            "offset": 0.1099659345553406,
            "bounds": [
                [
                    3.665146151487254,
                    8.808731636101102
                ],
                [
                    1.0995286077652964,
                    5.407483270004679
                ]
            ],
            "minimum_value": 0.0,
            "active_dims": [
                0,
                1
            ]
        },
        {
            "type": "Gaussian",
            "mean": [
                7.598414310694429
            ],
            "std_dev": [
                3.2371362232949576
            ],
            "max_amplitude": 0.10224004546847432,
            "active_dims": [
                1
            ]
        },
        {
            "type": "StaticHypercube",
            "dimensions": [
                [
                    0.4277941801459746,
                    4.1122297282313225
                ],
                [
                    1.9679602539355612,
                    3.656019087464396
                ]
            ],
            "static_value": 0.3352230430346222,
            "active_dims": [
                1,
                2
            ]
        },
        {
            "type": "Ramp",
            "coeff": [
                0.24454314475985472,
                1.6199705004690683
            ],
            "min_value": 0.05596645756866907,
            "max_value": 0.08028677149465656,
            "bounds": [
                [
                    5.653178954596535,
                    6.139830692715415
                ],
                [
                    2.1046299864506937,
                    3.873948820094007
                ]
            ],
            "active_dims": [
                0,
                2
            ]
        },
        {
            "type": "Ramp",
            "coeff": [
                0.23680946238995815,
                1.395428514950942
            ],
            "min_value": 0.09023230206245128,
            "max_value": 0.21051835706084204,
            "bounds": [
                [
                    2.230962654872764,
                    3.8488550350883513
                ],
                [
                    1.8325464935083577,
                    7.3417549509064814
                ]
            ],
            "active_dims": [
                0,
                1
            ]
        },
        {
            "type": "Gaussian",
            "mean": [
                5.7921638224396315,
                8.978658276554318
            ],
            "std_dev": [
                0.58989313849478,
                3.1288045224329064
            ],
            "max_amplitude": 0.12230269392602904,
            "active_dims": [
                1,
                2
            ]
        },
        {
            "type": "Gaussian",
            "mean": [
                4.86918778211087
            ],
            "std_dev": [
                3.6535964658297164
            ],
            "max_amplitude": 0.23348020763415744,
            "active_dims": [
                1
            ]
        },
        {
            "type": "Gaussian",
            "mean": [
                6.199686383757756,
                8.53554981576711
            ],
            "std_dev": [
                0.37531113790242276,
                2.828978633799206
            ],
            "max_amplitude": 0.16834776902198806,
            "active_dims": [
                1,
                2
            ]
        }
    ],
    "stats": {
        "energy": 567753252.4922926,
        "bandwidth": 27,
        "mean": 0.33243450653814616,
        "std": 0.16762736283790447,
        "pct_over_06": 0.085296875,
        "pct_over_08": 0.00721875
    }
}