{
    "functions": [
        {
            "type": "Sinus",
            "amplitudes": [
                0.1626115313876902,
                0.1062631307390532,
                0.2441377048492588,
                0.20144953021005504,
                0.20654029397463
            ],
            "frequencies": [
                1.7830679884464091,
                1.6290216440132557,
                0.12838431745827522,
                1.568124627945673,
                1.1983656275998207
            ],
            "weight_vectors": [
                [
                    0.6860388154444003
                ],
                [
                    0.7187045232412089
                ],
                [
                    0.1765742050089173
                ],
                [
                    0.6109076433059106
                ],
                [
                    0.861293482398922
                ]
            ],
            "phases": [
                2.4356357643444495,
                0.2577366529456409,
                6.031672503871207,
                6.093618833643,
                4.595913618586346
            ],
            "offset": -0.06674565557468688,
            "bounds": [
                [
                    0.48437801083707843,
                    3.1915313004630765
                ]
            ],
            "minimum_value": 0.0,
            "active_dims": [
                1
            ]
        },
        {
            "type": "Sinus",
            "amplitudes": [
                0.1500953828599731
            ],
            "frequencies": [
                0.8125644104485439
            ],
            "weight_vectors": [
                [
                    0.6474506405013543,
                    0.9878065095335127,
                    0.028503059019853727
                ]
            ],
            "phases": [
                5.929567299085989
            ],
            "offset": -0.13582476002436256,
            "bounds": [
                [
                    4.509571311695524,
                    7.907706510296013
                ],
                [
                    5.149314363892386,
                    8.359217536744397
                ],
                [
                    1.578796048802792,
                    5.699543478803222
                ]
            ],
            "minimum_value": 0.0,
            "active_dims": [
                0,
                1,
                2
            ]
        },
        {
            "type": "Gaussian",
            "mean": [
                4.669559745239999
            ],
            "std_dev": [
                3.3731471594109403
            ],
            "max_amplitude": 0.19136756729872165,
            "active_dims": [
                2
            ]
        },
        {
            "type": "Gaussian",
            "mean": [
                0.4232661847282604,
                9.393187657819666
            ],
            "std_dev": [
                2.48354437525706,
                3.010335992633783
            ],
            "max_amplitude": 0.2893355204687647,
            "active_dims": [
                0,
                1
            ]
        },
        {
            "type": "Gaussian",
            "mean": [
                3.862558509007582
            ],
            "std_dev": [
                2.7823536465817686
            ],
            "max_amplitude": 0.1610014275951259,
            "active_dims": [
                0
            ]
        },
        {
            "type": "Gaussian",
            "mean": [
                9.467676293145917,
                0.8755593308874754
            ],
            "std_dev": [
                0.6079177557434613,
                2.654188614724944
            ],
            "max_amplitude": 0.10213092809618549,
            "active_dims": [
                1,
                2
            ]
        },
        {
            "type": "Gaussian",
            "mean": [
                6.012391273549826,
                2.8695445282735887
            ],
            "std_dev": [
                2.5268280888819588,
                2.3630693648099665
            ],
            "max_amplitude": 0.14385609021784723,
            "active_dims": [
                0,
                2
            ]
        },
        {
            "type": "Sinus",
            "amplitudes": [
                0.3044134591780572
            ],
            "frequencies": [
                1.7376409237932422
            ],
            "weight_vectors": [
                [
                    0.28790320706861205
                ]
            ],
            "phases": [
                2.0419875997105463
            ],
            "offset": 0.034111702057033635,
            "bounds": [
                [
                    8.262383800764193,
                    9.213782953984074
                ]
            ],
            "minimum_value": 0.0,
            "active_dims": [
                1
            ]
        },
        {
            "type": "Gaussian",
            "mean": [
                8.492404964023537
            ],
            "std_dev": [
                2.811064987923169
            ],
            "max_amplitude": 0.16187217267148266,
            "active_dims": [
                2
            ]
        }
    ],
    "stats": {
        "energy": 860396792.5698806,
        "bandwidth": 7,
        "mean": 0.4338484322404968,
        "std": 0.14776111981326165,
        "pct_over_06": 0.08528125,
        "pct_over_08": 0.0419375
    }
}