{
    "functions": [
        {
            "type": "StaticHypercube",
            "dimensions": [
                [
                    2.4029355397637495,
                    5.430457952526391
                ]
            ],
            "static_value": 0.3036053799333282,
            "active_dims": [
                1
            ]
        },
        {
            "type": "Sinus",
            "amplitudes": [
                0.3198369240728369,
                0.09061821822676108,
                0.14490489424991296,
                0.23539645675527165,
                0.1510905755346201
            ],
            "frequencies": [
                0.5189641237256224,
                1.7959992445007473,
                1.4528005190566353,
                1.4087366683421907,
                0.4359762621149109
            ],
            "weight_vectors": [
                [
                    0.4932173334181176,
                    0.39053600627449636
                ],
                [
                    0.042865158834677786,
                    0.267710091144841
                ],
                [
                    0.21433238906413843,
                    0.6152382351764104
                ],
                [
                    0.014441320577152528,
                    0.1864353789862534
                ],
                [
                    0.25698377867711253,
                    0.35715890271798945
                ]
            ],
            "phases": [
                5.566881072450693,
                0.9254611893418002,
                0.9542964532477862,
                5.7763858922754725,
                4.0358497025854065
            ],
            "offset": -0.10301758273562453,
            "bounds": [
                [
                    0.3307935575603325,
                    2.9513593606795063
                ],
                [
                    1.0446327400500157,
                    4.815968433518745
                ]
            ],
            "minimum_value": 0.0,
            "active_dims": [
                0,
                1
            ]
        },
        {
            "type": "Gaussian",
            "mean": [
                3.2635702403279
            ],
            "std_dev": [
                1.1147229947151136
            ],
            "max_amplitude": 0.2600738206991456,
            "active_dims": [
                0
            ]
        },
        {
            "type": "Ramp",
            "coeff": [
                0.8695086182675715
            ],
            "min_value": 0.08538417871764874,
            "max_value": 0.12377673750822867,
            "bounds": [
                [
                    7.315163481965815,
                    8.792870089893148
                ]
            ],
            "active_dims": [
                1
            ]
        },
        {
            "type": "Ramp",
            "coeff": [
                0.8721554229509829,
                1.9424895710866108,
                1.02920786304029
            ],
            "min_value": 0.09815836001332826,
            "max_value": 0.28331025831795953,
            "bounds": [
                [
                    5.81549415482329,
                    7.141321440284163
                ],
                [
                    4.557043465551512,
                    6.560899692799104
                ],
                [
                    2.18839843400245,
                    6.595750922014483
                ]
            ],
            "active_dims": [
                0,
                1,
                2
            ]
        },
        {
            "type": "Gaussian",
            "mean": [
                5.062556527136617
            ],
            "std_dev": [
                3.5265335023861173
            ],
            "max_amplitude": 0.25666633364479147,
            "active_dims": [
                2
            ]
        },
        {
            "type": "Gaussian",
            "mean": [
                5.522313270097343,
                9.548813332900304
            ],
            "std_dev": [
                1.5852601217498534,
                3.163098223300484
            ],
            "max_amplitude": 0.19878144154010924,
            "active_dims": [
                0,
                2
            ]
        },
        {
            "type": "Gaussian",
            "mean": [
                4.877443592101367,
                2.466362260698871,
                1.1708865139728064
            ],
            "std_dev": [
                3.233565128353459,
                1.195025914422212,
                1.5460072896474577
            ],
            "max_amplitude": 0.2071919348854733,
            "active_dims": [
                0,
                1,
                2
            ]
        },
        {
            "type": "Gaussian",
            "mean": [
                3.1086001238627867,
                7.724239901208833,
                0.66412626961735
            ],
            "std_dev": [
                2.1704771208826594,
                1.3379724431784323,
                1.8933328980434767
            ],
            "max_amplitude": 0.19969722826141467,
            "active_dims": [
                0,
                1,
                2
            ]
        }
    ],
    "stats": {
        "energy": 983782965.7655165,
        "bandwidth": 3,
        "mean": 0.4247351353224541,
        "std": 0.2445024600059546,
        "pct_over_06": 0.29071875,
        "pct_over_08": 0.1166875
    }
}