{
    "functions": [
        {
            "type": "Gaussian",
            "mean": [
                2.99108838259593
            ],
            "std_dev": [
                2.3765633568194913
            ],
            "max_amplitude": 0.06900846608115299,
            "active_dims": [
                1
            ]
        },
        {
            "type": "Gaussian",
            "mean": [
                2.811221626803092,
                9.772247495595463
            ],
            "std_dev": [
                2.1178427150665375,
                2.418648142327898
            ],
            "max_amplitude": 0.16081836625223822,
            "active_dims": [
                0,
                2
            ]
        },
        {
            "type": "Sinus",
            "amplitudes": [
                0.18903215687256528,
                0.11224403116838451,
                0.13781413433845913,
                0.30852622948306585
            ],
            "frequencies": [
                0.8659092155050088,
                1.4909192008908587,
                1.8932071261658643,
                1.6667957208428819
            ],
            "weight_vectors": [
                [
                    0.5880638588881233
                ],
                [
                    0.1335972369835574
                ],
                [
                    0.18416661737996365
                ],
                [
                    0.41284084080833083
                ]
            ],
            "phases": [
                0.9330983445671353,
                0.22581651758143786,
                2.614468981051359,
                0.8874802513464437
            ],
            "offset": 0.08393241768247006,
            "bounds": [
                [
                    2.6880212281714866,
                    3.513658067951261
                ]
            ],
            "minimum_value": 0.0,
            "active_dims": [
                1
            ]
        },
        {
            "type": "Ramp",
            "coeff": [
                0.4501871963651547,
                0.1385891137477726,
                1.8404782107986137
            ],
            "min_value": 0.12150543719143071,
            "max_value": 0.16457271755936367,
            "bounds": [
                [
                    4.0483486666407185,
                    9.947209694912052
                ],
                [
                    0.5753781916714453,
                    2.4718777033226065
                ],
                [
                    4.320800032407209,
                    6.849252233281743
                ]
            ],
            "active_dims": [
                0,
                1,
                2
            ]
        },
        {
            "type": "Ramp",
            "coeff": [
                1.248493753482024,
                0.4438338247290372
            ],
            "min_value": 0.0014477679649467256,
            "max_value": 0.09385420076799407,
            "bounds": [
                [
                    0.691515760701176,
                    1.8911469714719105
                ],
                [
                    0.8636940986648948,
                    3.230028131453199
                ]
            ],
            "active_dims": [
                1,
                2
            ]
        },
        {
            "type": "Sinus",
            "amplitudes": [
                0.2936287975715769,
                0.11298978813847743,
                0.1441957542889667,
                0.15839561308688924,
                0.23649696355725186
            ],
            "frequencies": [
                1.0295773935704748,
                0.11043414537140156,
                1.7659651497864237,
                1.1444022089727834,
                0.18322681941886393
            ],
            "weight_vectors": [
                [
                    0.675031702923442,
                    0.6552487127028243
                ],
                [
                    0.7320450810833677,
                    0.9519507081001403
                ],
                [
                    0.820241088218237,
                    0.4842668081170104
                ],
                [
                    0.619139194332779,
                    0.2560808399359181
                ],
                [
                    0.4712950600020561,
                    0.8264931822012509
                ]
            ],
            "phases": [
                5.100728591387065,
                0.5366944170898386,
                5.072831388487124,
                2.8982884108624405,
                2.275912258683556
            ],
            "offset": -0.03280963042382836,
            "bounds": [
                [
                    1.1244103632634161,
                    5.38460755423142
                ],
                [
                    1.8289579584872968,
                    2.262100495174747
                ]
            ],
            "minimum_value": 0.0,
            "active_dims": [
                0,
                1
            ]
        },
        {
            "type": "Gaussian",
            "mean": [
                2.6101731176537535
            ],
            "std_dev": [
                3.7098036112525272
            ],
            "max_amplitude": 0.1934118939480604,
            "active_dims": [
                2
            ]
        },
        {
            "type": "Gaussian",
            "mean": [
                9.274741735221024
            ],
            "std_dev": [
                1.022433001478777
            ],
            "max_amplitude": 0.20331299619237014,
            "active_dims": [
                0
            ]
        },
        {
            "type": "Gaussian",
            "mean": [
                0.6337529366167283,
                5.236112204501369
            ],
            "std_dev": [
                2.7225903274722016,
                1.273069355053979
            ],
            "max_amplitude": 0.17653418822292824,
            "active_dims": [
                0,
                2
            ]
        }
    ],
    "stats": {
        "energy": 382786116.0289215,
        "bandwidth": 32,
        "mean": 0.2789613401955716,
        "std": 0.12503684370981985,
        "pct_over_06": 0.0258125,
        "pct_over_08": 0.01634375
    }
}