{
    "functions": [
        {
            "type": "Ramp",
            "coeff": [
                0.38209922249378425
            ],
            "min_value": 0.054444876013521305,
            "max_value": 0.1278519944545428,
            "bounds": [
                [
                    5.2655022365045765,
                    7.46384581710829
                ]
            ],
            "active_dims": [
                2
            ]
        },
        {
            "type": "Ramp",
            "coeff": [
                1.4122710294474412,
                1.7234449263381484
            ],
            "min_value": 0.004081666692881709,
            "max_value": 0.05020579168702425,
            "bounds": [
                [
                    7.868603975910551,
                    8.798941848295406
                ],
                [
                    0.1857788499191824,
                    5.315788080166689
                ]
            ],
            "active_dims": [
                0,
                1
            ]
        },
        {
            "type": "Sinus",
            "amplitudes": [
                0.17725643421332454
            ],
            "frequencies": [
                0.7206649639970859
            ],
            "weight_vectors": [
                [
                    0.7773689382817999
                ]
            ],
            "phases": [
                4.389596403996746
            ],
            "offset": 0.07215712030193085,
            "bounds": [
                [
                    0.1566542369373418,
                    3.497230930745864
                ]
            ],
            "minimum_value": 0.0,
            "active_dims": [
                0
            ]
        },
        {
            "type": "Sinus",
            "amplitudes": [
                0.13711365230074232,
                0.06423562890189516,
                0.14558004263430693
            ],
            "frequencies": [
                1.3573907569353096,
                0.6796702189559995,
                0.9907743500970797
            ],
            "weight_vectors": [
                [
                    0.4627816745327069,
                    0.2145860844469596
                ],
                [
                    0.21788756664297992,
                    0.8756818299108498
                ],
                [
                    0.4177670506488561,
                    0.149345243254285
                ]
            ],
            "phases": [
                1.3990502531916604,
                0.7468569196029035,
                4.664463777181512
            ],
            "offset": 0.01272791325633153,
            "bounds": [
                [
                    5.591502865675487,
                    9.478630397559893
                ],
                [
                    1.7743858013113023,
                    5.5951319165400175
                ]
            ],
            "minimum_value": 0.0,
            "active_dims": [
                0,
                1
            ]
        },
        {
            "type": "Gaussian",
            "mean": [
                5.174445728955011,
                5.931609443378788
            ],
            "std_dev": [
                2.429366202140243,
                0.6195327669413264
            ],
            "max_amplitude": 0.06537351036533945,
            "active_dims": [
                0,
                1
            ]
        },
        {
            "type": "Sinus",
            "amplitudes": [
                0.16654479975394876,
                0.13421231620845844
            ],
            "frequencies": [
                1.492201627699868,
                1.0531249466214518
            ],
            "weight_vectors": [
                [
                    0.9182845568316576,
                    0.6209947516620516
                ],
                [
                    0.45520656624791134,
                    0.40825280253575547
                ]
            ],
            "phases": [
                1.8120636539793538,
                3.5769408571551407
            ],
            "offset": 0.09742183670533985,
            "bounds": [
                [
                    1.4864746255770431,
                    9.459253956604476
                ],
                [
                    0.802568656110532,
                    2.7069708384632394
                ]
            ],
            "minimum_value": 0.0,
            "active_dims": [
                0,
                1
            ]
        },
        {
            "type": "StaticHypercube",
            "dimensions": [
                [
                    5.07662676031444,
                    7.697899078935006
                ],
                [
                    3.383307222411758,
                    6.322814991836356
                ]
            ],
            "static_value": 0.144247483071731,
            "active_dims": [
                0,
                1
            ]
        },
        {
            "type": "Gaussian",
            "mean": [
                7.054692157363779
            ],
            "std_dev": [
                3.781349198256884
            ],
            "max_amplitude": 0.16412906042464517,
            "active_dims": [
                0
            ]
        },
        {
            "type": "Sinus",
            "amplitudes": [
                0.09504521360437139,
                0.12544336523132413,
                0.09878586311158422
            ],
            "frequencies": [
                0.13297549159903838,
                1.439067148352192,
                0.19849935939709645
            ],
            "weight_vectors": [
                [
                    0.3330731499514601
                ],
                [
                    0.12559461849404752
                ],
                [
                    0.05372592374907115
                ]
            ],
            "phases": [
                3.9438142354321486,
                1.6067677732757357,
                0.7179770788413077
            ],
            "offset": 0.10197298661159636,
            "bounds": [
                [
                    5.672480595268185,
                    8.951200106157506
                ]
            ],
            "minimum_value": 0.0,
            "active_dims": [
                0
            ]
        }
    ],
    "stats": {
        "energy": 369627246.5689798,
        "bandwidth": 19,
        "mean": 0.2375917208600775,
        "std": 0.18382383189653864,
        "pct_over_06": 0.069625,
        "pct_over_08": 0.014640625
    }
}