{
    "functions": [
        {
            "type": "Ramp",
            "coeff": [
                0.8817765664725419,
                0.8317183092440066,
                0.3864959059857054
            ],
            "min_value": 0.24339558413265983,
            "max_value": 0.2990607318064801,
            "bounds": [
                [
                    3.157168879169869,
                    6.184064134910898
                ],
                [
                    3.2230773651596922,
                    3.8117948848935646
                ],
                [
                    2.85307693228734,
                    8.62300264619601
                ]
            ],
            "active_dims": [
                0,
                1,
                2
            ]
        },
        {
            "type": "Sinus",
            "amplitudes": [
                0.23497080215355037,
                0.1198381515724595
            ],
            "frequencies": [
                0.8316581329597137,
                0.7707380955059655
            ],
            "weight_vectors": [
                [
                    0.47162872250528254,
                    0.6246809392300698
                ],
                [
                    0.3668725909545276,
                    0.3017401852208401
                ]
            ],
            "phases": [
                5.483152828452401,
                2.2617562214440614
            ],
            "offset": 0.08709360162048381,
            "bounds": [
                [
                    5.145814080137944,
                    8.886640704463717
                ],
                [
                    5.76837566113455,
                    8.495185720839952
                ]
            ],
            "minimum_value": 0.0,
            "active_dims": [
                0,
                1
            ]
        },
        {
            "type": "Gaussian",
            "mean": [
                0.28468710010675524,
                4.309945695384028,
                6.0566969406886155
            ],
            "std_dev": [
                1.071698442529895,
                3.3185212240413,
                2.5560275931620677
            ],
            "max_amplitude": 0.23272258619378708,
            "active_dims": [
                0,
                1,
                2
            ]
        },
        {
            "type": "Gaussian",
            "mean": [
                4.860252038593966,
                4.743695679754056
            ],
            "std_dev": [
                1.2245168371950406,
                3.37184161049573
            ],
            "max_amplitude": 0.14786659760221796,
            "active_dims": [
                0,
                2
            ]
        },
        {
            "type": "Sinus",
            "amplitudes": [
                0.21050954791540558,
                0.1835622657458111,
                0.3029671528856538,
                0.33730813201514903
            ],
            "frequencies": [
                1.1186266943635759,
                1.8935360825130487,
                0.7401533557432272,
                0.9765259240951746
            ],
            "weight_vectors": [
                [
                    0.8653893866796399,
                    0.12293343905210719,
                    0.5843263577159541
                ],
                [
                    0.10311502914289239,
                    0.288369043137805,
                    0.44535026908688036
                ],
                [
                    0.7187605166865165,
                    0.32497406766089787,
                    0.07387602330545195
                ],
                [
                    0.33206393307797555,
                    0.6596650110653848,
                    0.7967876999946993
                ]
            ],
            "phases": [
                2.952980413977505,
                0.723640116116945,
                0.3893650308670045,
                3.697362141060821
            ],
            "offset": -0.24107978316953288,
            "bounds": [
                [
                    0.10826079532104792,
                    4.134657764485001
                ],
                [
                    6.520715255021206,
                    7.9861502262490145
                ],
                [
                    0.4145406538602154,
                    5.172064387971431
                ]
            ],
            "minimum_value": 0.0,
            "active_dims": [
                0,
                1,
                2
            ]
        },
        {
            "type": "Ramp",
            "coeff": [
                0.6208636183370986,
                0.7254140451939195,
                0.2993586916407427
            ],
            "min_value": 0.15289167229968542,
            "max_value": 0.44151996060984233,
            "bounds": [
                [
                    5.318170516892032,
                    7.789365131240604
                ],
                [
                    0.08405028115505409,
                    4.210856956063793
                ],
                [
                    5.598388193504862,
                    7.141642063189003
                ]
            ],
            "active_dims": [
                0,
                1,
                2
            ]
        },
        {
            "type": "StaticHypercube",
            "dimensions": [
                [
                    4.3381841074568035,
                    7.746222756330842
                ]
            ],
            "static_value": 0.1470678530681831,
            "active_dims": [
                2
            ]
        },
        {
            "type": "Sinus",
            "amplitudes": [
                0.15884211081217864,
                0.2563651807293042,
                0.27935824819797794,
                0.09069500024398572,
                0.19365748221955356
            ],
            "frequencies": [
                0.8361336348622987,
                0.18373874964973397,
                0.45867966081744604,
                1.2158946818499878,
                1.8143998663164238
            ],
            "weight_vectors": [
                [
                    0.057430396595498645,
                    0.11813121875767862,
                    0.22187095834504855
                ],
                [
                    0.7258294488660341,
                    0.7809725380150648,
                    0.7222928954235226
                ],
                [
                    0.10044089792138333,
                    0.33993856996883465,
                    0.6924344089359913
                ],
                [
                    0.16051419227339547,
                    0.42618117662713506,
                    0.5508948114157147
                ],
                [
                    0.06297731426531061,
                    0.7984665750989535,
                    0.7156828746467249
                ]
            ],
            "phases": [
                1.7158608427810018,
                3.1862180881365036,
                1.9652341364732282,
                0.8072811953749149,
                6.076358720568201
            ],
            "offset": 0.06411461581202833,
            "bounds": [
                [
                    8.215884524038302,
                    9.532773851422355
                ],
                [
                    4.201787626687408,
                    5.188881935324745
                ],
                [
                    4.639191565000801,
                    8.545283614529133
                ]
            ],
            "minimum_value": 0.0,
            "active_dims": [
                0,
                1,
                2
            ]
        },
        {
            "type": "StaticHypercube",