{
    "functions": [
        {
            "type": "Gaussian",
            "mean": [
                8.166969966296296
            ],
            "std_dev": [
                2.177934318377287
            ],
            "max_amplitude": 0.2551079273533895,
            "active_dims": [
                1
            ]
        },
        {
            "type": "Gaussian",
            "mean": [
                9.707302518011673
            ],
            "std_dev": [
                0.6300451150580789
            ],
            "max_amplitude": 0.30216478566137117,
            "active_dims": [
                2
            ]
        },
        {
            "type": "Gaussian",
            "mean": [
                7.220071332636468
            ],
            "std_dev": [
                1.9956710002016373
            ],
            "max_amplitude": 0.23405034075360764,
            "active_dims": [
                2
            ]
        },
        {
            "type": "Sinus",
            "amplitudes": [
                0.2243715184218707,
                0.19004145380529458,
                0.07942401381807687,
                0.24846387985891163
            ],
            "frequencies": [
                1.28851497673756,
                1.2381787279403351,
                0.9305473751429675,
                1.33199835114342
            ],
            "weight_vectors": [
                [
                    0.5712032891041874,
                    0.9049632232739202,
                    0.259565356792391
                ],
                [
                    0.24137548989151902,
                    0.3772462639788884,
                    0.3868854244170683
                ],
                [
                    0.45424071363543206,
                    0.5677282305992901,
                    0.5346603067785818
                ],
                [
                    0.8852105384184193,
                    0.9592603232727456,
                    0.9807389641011048
                ]
            ],
            "phases": [
                0.14302112884756063,
                3.9320130813343606,
                0.7948716183330254,
                4.07634028900172
            ],
            "offset": 0.19335601189148346,
            "bounds": [
                [
                    0.49511181942800353,
                    1.4017402896632578
                ],
                [
                    1.8649809713483558,
                    6.581841909563279
                ],
                [
                    4.109098700180155,
                    5.080927137582444
                ]
            ],
            "minimum_value": 0.0,
            "active_dims": [
                0,
                1,
                2
            ]
        },
        {
            "type": "Gaussian",
            "mean": [
                4.4922857150371245,
                7.207632099033795
            ],
            "std_dev": [
                0.14343783140702102,
                3.399471678415003
            ],
            "max_amplitude": 0.19752753182533167,
            "active_dims": [
                1,
                2
            ]
        },
        {
            "type": "Gaussian",
            "mean": [
                4.825451087319852,
                0.7678518948736235
            ],
            "std_dev": [
                2.5563487923092576,
                1.7465120735609718
            ],
            "max_amplitude": 0.3233008741193847,
            "active_dims": [
                1,
                2
            ]
        },
        {
            "type": "Sinus",
            "amplitudes": [
                0.5313299559126585
            ],
            "frequencies": [
                1.122093687880507
            ],
            "weight_vectors": [
                [
                    0.8400346706721561
                ]
            ],
            "phases": [
                2.045692113879097
            ],
            "offset": 0.010728875127894702,
            "bounds": [
                [
                    9.076575632715791,
                    9.720977015742488
                ]
            ],
            "minimum_value": 0.0,
            "active_dims": [
                0
            ]
        },
        {
            "type": "Gaussian",
            "mean": [
                3.5292527164122256
            ],
            "std_dev": [
                3.54344996884948
            ],
            "max_amplitude": 0.30016657626727317,
            "active_dims": [
                1
            ]
        },
        {
            "type": "Gaussian",
            "mean": [
                5.622112507741244,
                6.179294681258577,
                7.955563214908023
            ],
            "std_dev": [
                2.913939884952774,
                3.4275117578729475,
                1.2895979388371144
            ],
            "max_amplitude": 0.21818257973456356,
            "active_dims": [
                0,
                1,
                2
            ]
        }
    ],
    "stats": {
        "energy": 1363878322.2699673,
        "bandwidth": 2,
        "mean": 0.5567119804795807,
        "std": 0.15182185881303215,
        "pct_over_06": 0.38903125,
        "pct_over_08": 0.065296875
    }
}