{
    "functions": [
        {
            "type": "Gaussian",
            "mean": [
                2.259456199307579,
                7.904670498772815,
                1.9077591609714706
            ],
            "std_dev": [
                3.6788011257137576,
                0.35836442598076024,
                3.9607318311590505
            ],
            "max_amplitude": 0.24027923251234476,
            "active_dims": [
                0,
                1,
                2
            ]
        },
        {
            "type": "Gaussian",
            "mean": [
                5.987373299456571,
                5.947445996492816
            ],
            "std_dev": [
                0.7609759292284158,
                0.3407867035443084
            ],
            "max_amplitude": 0.2269978476220479,
            "active_dims": [
                0,
                1
            ]
        },
        {
            "type": "StaticHypercube",
            "dimensions": [
                [
                    2.566649429138128,
                    6.089881594138449
                ],
                [
                    1.49177929258529,
                    5.661249955421816
                ],
                [
                    3.1189429339463857,
                    7.045623536332655
                ]
            ],
            "static_value": 0.4017990661200066,
            "active_dims": [
                0,
                1,
                2
            ]
        },
        {
            "type": "Sinus",
            "amplitudes": [
                0.13546162930411498,
                0.20557138375075987,
                0.12505552277007398
            ],
            "frequencies": [
                1.7136100063653006,
                0.46198656795382376,
                0.2547402484946258
            ],
            "weight_vectors": [
                [
                    0.8556883298038205,
                    0.8831777214463179
                ],
                [
                    0.6819141794081465,
                    0.6041572685913322
                ],
                [
                    0.9882662066066926,
                    0.34206432329094605
                ]
            ],
            "phases": [
                2.08949473330569,
                3.9500643810308884,
                2.9526559320892476
            ],
            "offset": 0.10453321716160024,
            "bounds": [
                [
                    7.115851843636601,
                    9.412948927036053
                ],
                [
                    0.9230586240271508,
                    3.5917316872922145
                ]
            ],
            "minimum_value": 0.0,
            "active_dims": [
                1,
                2
            ]
        },
        {
            "type": "Gaussian",
            "mean": [
                1.8633163933199037,
                0.7409134681213625
            ],
            "std_dev": [
                3.9913933082429947,
                1.5112476686869625
            ],
            "max_amplitude": 0.2321925924530151,
            "active_dims": [
                1,
                2
            ]
        },
        {
            "type": "Sinus",
            "amplitudes": [
                0.24426805793716083,
                0.0775654227399114
            ],
            "frequencies": [
                1.1190995836375188,
                1.4818868077700043
            ],
            "weight_vectors": [
                [
                    0.5937603330666404
                ],
                [
                    0.9125372427752404
                ]
            ],
            "phases": [
                4.523737827238992,
                3.3137991425476634
            ],
            "offset": -0.00855632629475942,
            "bounds": [
                [
                    5.145125139295516,
                    5.960581848616569
                ]
            ],
            "minimum_value": 0.0,
            "active_dims": [
                1
            ]
        },
        {
            "type": "Sinus",
            "amplitudes": [
                0.209990142416027
            ],
            "frequencies": [
                1.8303299919454499
            ],
            "weight_vectors": [
                [
                    0.4464114520388187,
                    0.5255374140446674
                ]
            ],
            "phases": [
                5.084635294998819
            ],
            "offset": -0.020176951833113146,
            "bounds": [
                [
                    8.43390829627631,
                    9.673773104689259
                ],
                [
                    2.5420856074708427,
                    5.321459641257588
                ]
            ],
            "minimum_value": 0.0,
            "active_dims": [
                1,
                2
            ]
        },
        {
            "type": "Gaussian",
            "mean": [
                2.1276583462866414,
                7.208023592146125
            ],
            "std_dev": [
                3.1565599403154945,
                0.41065564410509103
            ],
            "max_amplitude": 0.3096459978571742,
            "active_dims": [
                0,
                2
            ]
        },
        {
            "type": "StaticHypercube",
            "dimensions": [
                [
                    4.766129388245146,
                    8.459198901757535
                ]
            ],
            "static_value": 0.24521884489605736,
            "active_dims": [
                0
            ]
        }
    ],
    "stats": {
        "energy": 270167113.5129496,
        "bandwidth": 123,
        "mean": 0.18787922830710233,
        "std": 0.17510043837245293,
        "pct_over_06": 0.027109375,
        "pct_over_08": 0.0079375
    }
}