{
    "functions": [
        {
            "type": "StaticHypercube",
            "dimensions": [
                [
                    4.314455659719146,
                    8.883511786342286
                ]
            ],
            "static_value": 0.07478539432239574,
            "active_dims": [
                0
            ]
        },
        {
            "type": "Sinus",
            "amplitudes": [
                0.266761223717453,
                0.23159741469781284,
                0.2162295056744286,
                0.2846583095512428
            ],
            "frequencies": [
                1.7146351223095628,
                1.86329560825789,
                0.48846275351220214,
                0.544664914908227
            ],
            "weight_vectors": [
                [
                    0.2746066790815026,
                    0.06613410562756183
                ],
                [
                    0.6247386561203013,
                    0.1408164113190159
                ],
                [
                    0.9051235396582404,
                    0.5973717891162458
                ],
                [
                    0.16923931788101543,
                    0.15419354944915387
                ]
            ],
            "phases": [
                2.6432302554564133,
                3.0359509429023643,
                0.6250184604307976,
                4.549146970484051
            ],
            "offset": -0.01745943018188291,
            "bounds": [
                [
                    6.03651329492702,
                    8.40814509967191
                ],
                [
                    6.733323125232857,
                    9.803530118508013
                ]
            ],
            "minimum_value": 0.0,
            "active_dims": [
                0,
                2
            ]
        },
        {
            "type": "Gaussian",
            "mean": [
                5.586963819657761,
                9.230164017928312
            ],
            "std_dev": [
                0.13405256727971762,
                3.1057376662782645
            ],
            "max_amplitude": 0.2989971441041734,
            "active_dims": [
                0,
                1
            ]
        },
        {
            "type": "Gaussian",
            "mean": [
                3.0998312392710083,
                2.8743265607948154,
                0.9037637613998684
            ],
            "std_dev": [
                0.5315640573272723,
                2.4420223369702114,
                2.854071946054551
            ],
            "max_amplitude": 0.234821413822526,
            "active_dims": [
                0,
                1,
                2
            ]
        },
        {
            "type": "Sinus",
            "amplitudes": [
                0.1478547876027762,
                0.2521023824800172,
                0.1626626550177826,
                0.35329646216561966
            ],
            "frequencies": [
                1.7576995796671695,
                0.43719705010720433,
                0.6512135280919389,
                0.5616086829335925
            ],
            "weight_vectors": [
                [
                    0.49785187747743564,
                    0.6166275026177466
                ],
                [
                    0.9873799800341517,
                    0.6826450606124367
                ],
                [
                    0.8335960111238653,
                    0.9320252753972995
                ],
                [
                    0.22597920975256858,
                    0.8013579031144193
                ]
            ],
            "phases": [
                3.7126299976964257,
                3.6730358213505236,
                1.6284770317435748,
                2.6319407127904038
            ],
            "offset": 0.17199401487303173,
            "bounds": [
                [
                    1.584791160544353,
                    4.740044270431651
                ],
                [
                    2.546243793339388,
                    6.4471435398891455
                ]
            ],
            "minimum_value": 0.0,
            "active_dims": [
                0,
                1
            ]
        },
        {
            "type": "Ramp",
            "coeff": [
                0.47986900428929746,
                0.22833120722150224
            ],
            "min_value": 0.1856364798187828,
            "max_value": 0.3756056207398537,
            "bounds": [
                [
                    3.581172689115091,
                    8.039936661058107
                ],
                [
                    6.068156262591337,
                    9.686954639503515
                ]
            ],
            "active_dims": [
                0,
                2
            ]
        },
        {
            "type": "Ramp",
            "coeff": [
                1.883735411037892
            ],
            "min_value": 0.02176233106597032,
            "max_value": 0.12131829933470066,
            "bounds": [
                [
                    4.176015287761316,
                    5.25316347943086
                ]
            ],
            "active_dims": [
                0
            ]
        },
        {
            "type": "Gaussian",
            "mean": [
                3.7251878369893765,
                9.078371848940641,
                0.9015696216204927
            ],
            "std_dev": [
                1.8242902353492747,
                0.28447631008101254,
                0.7877984446069123
            ],
            "max_amplitude": 0.2665801710089354,
            "active_dims": [
                0,
                1,
                2
            ]
        },
        {
            "type": "Ramp",
            "coeff": [
                0.29728304105931236,
                0.07924025669026391
            ],
            "min_value": 0.11363720895406235,
            "max_value": 0.2786384634868904,
            "bounds": [
                [
                    5.064627677351517,
                    5.745469736890097
                ],
                [
                    0.14492574522356197,
                    4.62475332701389
                ]
            ],
            "active_dims": [
                1,
                2
            ]
        }
    ],
    "stats": {
        "energy": 173629435.70698753,
        "bandwidth": 321,
        "mean": 0.12152839960767525,
        "std": 0.1661952076345719,
        "pct_over_06": 0.01965625,
        "pct_over_08": 0.005671875
    }
}