{
    "functions": [
        {
            "type": "Ramp",
            "coeff": [
                1.5168355464791996
            ],
            "min_value": 0.17644463699526625,
            "max_value": 0.20479507265191502,
            "bounds": [
                [
                    1.8059870830863105,
                    4.1734550394415315
                ]
            ],
            "active_dims": [
                2
            ]
        },
        {
            "type": "Gaussian",
            "mean": [
                2.47396429664152
            ],
            "std_dev": [
                3.896660146021222
            ],
            "max_amplitude": 0.15659375116611526,
            "active_dims": [
                0
            ]
        },
        {
            "type": "Ramp",
            "coeff": [
                0.19262874860517076
            ],
            "min_value": 0.14912040792853024,
            "max_value": 0.2684048352714083,
            "bounds": [
                [
                    6.41850973480239,
                    9.165160472476535
                ]
            ],
            "active_dims": [
                1
            ]
        },
        {
            "type": "Sinus",
            "amplitudes": [
                0.21132347469436927,
                0.12356669526425906,
                0.15247934108610894
            ],
            "frequencies": [
                0.7920408895964204,
                0.5705448464530494,
                0.6900070706615031
            ],
            "weight_vectors": [
                [
                    0.6359240794200561,
                    0.7144890146838306
                ],
                [
                    0.20136551143007442,
                    0.6984086835786936
                ],
                [
                    0.12824878628536884,
                    0.2581523969453221
                ]
            ],
            "phases": [
                3.552822538622846,
                2.871915536233958,
                6.239734330965029
            ],
            "offset": 0.1868074383826209,
            "bounds": [
                [
                    1.824854703104784,
                    4.258303213257706
                ],
                [
                    7.130283923107416,
                    8.294493780221023
                ]
            ],
            "minimum_value": 0.0,
            "active_dims": [
                1,
                2
            ]
        },
        {
            "type": "Gaussian",
            "mean": [
                4.9608559847414115,
                8.062491516591722
            ],
            "std_dev": [
                2.205954215122039,
                2.7216169366440384
            ],
            "max_amplitude": 0.2284124460086124,
            "active_dims": [
                1,
                2
            ]
        },
        {
            "type": "Sinus",
            "amplitudes": [
                0.10269619634574653,
                0.1694030507298793
            ],
            "frequencies": [
                0.5727282480812264,
                1.6384355532928734
            ],
            "weight_vectors": [
                [
                    0.4855348719880267,
                    0.036950463070443695
                ],
                [
                    0.7183442474329204,
                    0.25178156387347106
                ]
            ],
            "phases": [
                2.4631939516752137,
                4.843489411457952
            ],
            "offset": -0.16076867811646506,
            "bounds": [
                [
                    2.896890036440793,
                    8.949026631128117
                ],
                [
                    2.0632292188609966,
                    3.4551779380839176
                ]
            ],
            "minimum_value": 0.0,
            "active_dims": [
                0,
                1
            ]
        },
        {
            "type": "Ramp",
            "coeff": [
                1.32446851898289,
                0.49590845670733574
            ],
            "min_value": 0.18102839780831712,
            "max_value": 0.40481072712628097,
            "bounds": [
                [
                    5.595623355260834,
                    7.60405277856566
                ],
                [
                    0.09311375486220508,
                    2.8303090207010286
                ]
            ],
            "active_dims": [
                0,
                1
            ]
        },
        {
            "type": "Gaussian",
            "mean": [
                1.3689718636543524,
                3.8159498783864807,
                9.988791479705094
            ],
            "std_dev": [
                1.667845861730482,
                2.162462698990435,
                3.4272740457646935
            ],
            "max_amplitude": 0.26429650729456355,
            "active_dims": [
                0,
                1,
                2
            ]
        },
        {
            "type": "Gaussian",
            "mean": [
                4.323915248718587,
                9.282664697084117,
                3.5408322524190803
            ],
            "std_dev": [
                1.7189979870031133,
                0.21711370297081134,
                3.5698060651347108
            ],
            "max_amplitude": 0.1678469620385502,
            "active_dims": [
                0,
                1,
                2
            ]
        }
    ],
    "stats": {
        "energy": 502358976.2753313,
        "bandwidth": 29,
        "mean": 0.3113897778610012,
        "std": 0.1602580440598721,
        "pct_over_06": 0.033375,
        "pct_over_08": 0.009953125
    }
}