{
    "functions": [
        {
            "type": "Gaussian",
            "mean": [
                3.0128738547717147,
                0.4680975805549503
            ],
            "std_dev": [
                1.8884156926060855,
                2.5338343581280913
            ],
            "max_amplitude": 0.17070543711023253,
            "active_dims": [
                0,
                1
            ]
        },
        {
            "type": "Sinus",
            "amplitudes": [
                0.12427568618768325,
                0.11694199261134239,
                0.10096259901389985,
                0.055137921948116383
            ],
            "frequencies": [
                0.6257697025470663,
                0.4247158404245479,
                0.22594273128723444,
                1.1098651952178444
            ],
            "weight_vectors": [
                [
                    0.6556798632939084,
                    0.401105769843793,
                    0.3091042208657703
                ],
                [
                    0.1934887339560608,
                    0.7287821714379148,
                    0.7646308852366288
                ],
                [
                    0.12336849374458003,
                    0.13763931041124855,
                    0.2229657170728273
                ],
                [
                    0.05827322818686753,
                    0.8541889726548887,
                    0.9020910004414335
                ]
            ],
            "phases": [
                3.6204737996787197,
                0.07101213819700085,
                3.381895587947015,
                4.208875799381665
            ],
            "offset": -0.14564401844296074,
            "bounds": [
                [
                    0.82227171609762,
                    2.9075012933303466
                ],
                [
                    2.2244146959562303,
                    8.039474561799203
                ],
                [
                    0.19595242863753162,
                    4.832271268014508
                ]
            ],
            "minimum_value": 0.0,
            "active_dims": [
                0,
                1,
                2
            ]
        },
        {
            "type": "Ramp",
            "coeff": [
                0.16355808420579288,
                0.6118975005616725
            ],
            "min_value": 0.09165929455662274,
            "max_value": 0.2606546325402275,
            "bounds": [
                [
                    6.125684988184627,
                    8.173737102151218
                ],
                [
                    5.708008781624974,
                    6.363583898252265
                ]
            ],
            "active_dims": [
                0,
                2
            ]
        },
        {
            "type": "Sinus",
            "amplitudes": [
                0.04681404006141057
            ],
            "frequencies": [
                0.5117594433493045
            ],
            "weight_vectors": [
                [
                    0.03229442769921853
                ]
            ],
            "phases": [
                1.8954073915366179
            ],
            "offset": 0.13255500393132638,
            "bounds": [
                [
                    4.2181041427804145,
                    4.9061032417716195
                ]
            ],
            "minimum_value": 0.0,
            "active_dims": [
                2
            ]
        },
        {
            "type": "Gaussian",
            "mean": [
                2.5210227516045203,
                2.6218195840571346
            ],
            "std_dev": [
                1.500758564823979,
                3.0463427344672147
            ],
            "max_amplitude": 0.27077033853223864,
            "active_dims": [
                1,
                2
            ]
        },
        {
            "type": "Gaussian",
            "mean": [
                1.1165193823825748,
                7.519326995958413
            ],
            "std_dev": [
                1.071589461730017,
                3.530281996704758
            ],
            "max_amplitude": 0.16622573469540944,
            "active_dims": [
                0,
                2
            ]
        },
        {
            "type": "Gaussian",
            "mean": [
                8.239310333816931,
                4.2224914800033595
            ],
            "std_dev": [
                2.324333218523512,
                0.28554848446802555
            ],
            "max_amplitude": 0.16191340863591616,
            "active_dims": [
                0,
                2
            ]
        },
        {
            "type": "Ramp",
            "coeff": [
                1.4702941189196919,
                0.9711589266354868
            ],
            "min_value": 0.13430147626839609,
            "max_value": 0.1927421203742001,
            "bounds": [
                [
                    1.566922150376228,
                    4.849573318467495
                ],
                [
                    3.2227835232820237,
                    6.543729058491835
                ]
            ],
            "active_dims": [
                1,
                2
            ]
        },
        {
            "type": "Sinus",
            "amplitudes": [
                0.17397776213469446,
                0.07344673905041363,
                0.12542062853485283,
                0.2038557966357069,
                0.21479642059986248
            ],
            "frequencies": [
                0.4547263053721615,
                0.8255457761480678,
                0.9098257785432186,
                0.8027118149966961,
                1.422721993672813
            ],
            "weight_vectors": [
                [
                    0.7346797530599357,
                    0.7725698349657856
                ],
                [
                    0.44172507427541374,
                    0.518065305383151
                ],
                [
                    0.2847941931574558,
                    0.08999463470829805
                ],
                [
                    0.17888487270995612,
                    0.26395617623419154
                ],
                [
                    0.7923601209889598,
                    0.7850657946020565
                ]
            ],
            "phases": [
                2.2776284947166467,
                2.2264655637482336,
                5.006832555770611,
                0.3291368534125131,
                5.566358073766793
            ],
            "offset": 0.12425741496319953,
            "bounds": [
                [
                    3.3648589111830627,
                    6.224222343217072
                ],
                [
                    0.9554828359834382,
                    5.1939409979943845
                ]
            ],
            "minimum_value": 0.0,
            "active_dims": [
                0,
                1
            ]
        }
    ],
    "stats": {
        "energy": 246123696.06319585,
        "bandwidth": 49,
        "mean": 0.16806628691505454,
        "std": 0.17844471465068742,
        "pct_over_06": 0.029359375,
        "pct_over_08": 0.006734375
    }
}