{
    "functions": [
        {
            "type": "Ramp",
            "coeff": [
                0.6221684991474687,
                0.6746953385479102,
                1.4782656745974434
            ],
            "min_value": 0.3317745788447128,
            "max_value": 0.48662039674270435,
            "bounds": [
                [
                    2.0167165281120294,
                    5.9559687266017995
                ],
                [
                    7.159159008137613,
                    9.563187208205552
                ],
                [
                    6.16508145461297,
                    9.6339733316128
                ]
            ],
            "active_dims": [
                0,
                1,
                2
            ]
        },
        {
            "type": "Sinus",
            "amplitudes": [
                0.45434912639456015,
                0.22967453921974093,
                0.19282197745827376,
                0.2470155899972067
            ],
            "frequencies": [
                1.839753309174877,
                1.0058663933371779,
                1.0601829689300903,
                1.385283048443398
            ],
            "weight_vectors": [
                [
                    0.6315117151867787
                ],
                [
                    0.34860815292837166
                ],
                [
                    0.3698093844648739
                ],
                [
                    0.19422205236362067
                ]
            ],
            "phases": [
                1.7876630459894176,
                5.4558626401078625,
                2.931024926851692,
                3.570052748521754
            ],
            "offset": -0.02007053479877532,
            "bounds": [
                [
                    4.41191628634841,
                    5.986376958702273
                ]
            ],
            "minimum_value": 0.0,
            "active_dims": [
                2
            ]
        },
        {
            "type": "Gaussian",
            "mean": [
                2.418763253417504,
                8.921221285436285
            ],
            "std_dev": [
                3.762717553440086,
                2.469534108230148
            ],
            "max_amplitude": 0.1533493337496111,
            "active_dims": [
                0,
                1
            ]
        },
        {
            "type": "Gaussian",
            "mean": [
                0.24035635145834622,
                1.4567105631121324
            ],
            "std_dev": [
                0.798030358013675,
                1.4628100679011207
            ],
            "max_amplitude": 0.18472684561307243,
            "active_dims": [
                0,
                1
            ]
        },
        {
            "type": "Gaussian",
            "mean": [
                6.420397360914119,
                3.008611045865318
            ],
            "std_dev": [
                1.2724564211569753,
                1.1953251307999833
            ],
            "max_amplitude": 0.30283318642424883,
            "active_dims": [
                1,
                2
            ]
        },
        {
            "type": "StaticHypercube",
            "dimensions": [
                [
                    2.16092064409595,
                    7.4369173405557225
                ],
                [
                    0.7605619943470898,
                    5.524358970337557
                ]
            ],
            "static_value": 0.19734257093547236,
            "active_dims": [
                0,
                1
            ]
        },
        {
            "type": "Ramp",
            "coeff": [
                0.9298828457542425,
                0.8987322779487674
            ],
            "min_value": 0.12011628571855784,
            "max_value": 0.5146255489587032,
            "bounds": [
                [
                    2.38420272015799,
                    3.6533835399946883
                ],
                [
                    2.546372420285504,
                    4.002028597885764
                ]
            ],
            "active_dims": [
                1,
                2
            ]
        },
        {
            "type": "StaticHypercube",
            "dimensions": [
                [
                    1.7921927962439976,
                    4.586047478527793
                ]
            ],
            "static_value": 0.268337405926819,
            "active_dims": [
                2
            ]
        },
        {
            "type": "Sinus",
            "amplitudes": [
                0.30795465620496426,
                0.4792942465572458
            ],
            "frequencies": [
                1.4160631608939291,
                0.5854284872503139
            ],
            "weight_vectors": [
                [
                    0.5595204907372469,
                    0.9068040212381805,
                    0.7199123329786326
                ],
                [
                    0.5302361221488078,
                    0.4722294666798039,
                    0.18473571760841123
                ]
            ],
            "phases": [
                0.46673974184151323,
                2.2364767471321776
            ],
            "offset": -0.27672244795777795,
            "bounds": [
                [
                    2.0969391926446814,
                    2.847715758588065
                ],
                [
                    3.430544762171735,
                    7.721073471618695
                ],
                [
                    6.6857841582221145,
                    9.87657787541043
                ]
            ],
            "minimum_value": 0.0,
            "active_dims": [
                0,
                1,
                2
            ]
        }
    ],
    "stats": {
        "energy": 379808889.5377587,
        "bandwidth": 111,
        "mean": 0.22933636198471857,
        "std": 0.20032876164924118,
        "pct_over_06": 0.0435,
        "pct_over_08": 0.0151875
    }
}