{
    "functions": [
        {
            "type": "Sinus",
            "amplitudes": [
                0.3030729067995998,
                0.4051871731432932,
                0.13792628022899048
            ],
            "frequencies": [
                1.9414939713391333,
                1.9218343584909279,
                0.3357543331162356
            ],
            "weight_vectors": [
                [
                    0.32849707583085175,
                    0.21989302996885562
                ],
                [
                    0.4649177944035605,
                    0.5188958562270336
                ],
                [
                    0.9791258551048272,
                    0.5345225483194147
                ]
            ],
            "phases": [
                2.592513246073036,
                0.8561828406085994,
                0.7890857019081328
            ],
            "offset": 0.05365230310138307,
            "bounds": [
                [
                    4.678661148584335,
                    7.085947245332237
                ],
                [
                    5.343842647676698,
                    6.595840077185418
                ]
            ],
            "minimum_value": 0.0,
            "active_dims": [
                0,
                2
            ]
        },
        {
            "type": "Sinus",
            "amplitudes": [
                0.3472007873544168
            ],
            "frequencies": [
                1.7863514005249175
            ],
            "weight_vectors": [
                [
                    0.8505996733357305,
                    0.5411835654041243
                ]
            ],
            "phases": [
                4.608855128548229
            ],
            "offset": 0.02451087180089145,
            "bounds": [
                [
                    4.472523638480417,
                    9.66654999792668
                ],
                [
                    0.4587608560101894,
                    1.9342468743359842
                ]
            ],
            "minimum_value": 0.0,
            "active_dims": [
                1,
                2
            ]
        },
        {
            "type": "Gaussian",
            "mean": [
                7.433996372444844,
                6.67855009072075
            ],
            "std_dev": [
                0.9331067252295716,
                3.2430347603596577
            ],
            "max_amplitude": 0.22040080684938843,
            "active_dims": [
                0,
                2
            ]
        },
        {
            "type": "Gaussian",
            "mean": [
                5.393765266101493
            ],
            "std_dev": [
                0.25596376784568825
            ],
            "max_amplitude": 0.18841645185595068,
            "active_dims": [
                1
            ]
        },
        {
            "type": "Ramp",
            "coeff": [
                0.8093631512114987,
                1.482819641209951
            ],
            "min_value": 0.1683340656313522,
            "max_value": 0.18640797720657648,
            "bounds": [
                [
                    5.993563636576115,
                    8.490763803085924
                ],
                [
                    4.094656332597254,
                    6.6610013172482745
                ]
            ],
            "active_dims": [
                0,
                2
            ]
        },
        {
            "type": "Ramp",
            "coeff": [
                1.4724077230831512,
                1.1743493974940995
            ],
            "min_value": 0.05585253471826194,
            "max_value": 0.17152472505443092,
            "bounds": [
                [
                    0.17815025199598425,
                    3.8840036096855766
                ],
                [
                    4.709463404408309,
                    7.803484386172555
                ]
            ],
            "active_dims": [
                0,
                1
            ]
        },
        {
            "type": "StaticHypercube",
            "dimensions": [
                [
                    4.452737035958049,
                    8.353493961344332
                ],
                [
                    6.342741571543451,
                    7.737599087982685
                ]
            ],
            "static_value": 0.23080546744842764,
            "active_dims": [
                1,
                2
            ]
        },
        {
            "type": "Gaussian",
            "mean": [
                7.625783152680599
            ],
            "std_dev": [
                1.9687371831038871
            ],
            "max_amplitude": 0.22227044415215108,
            "active_dims": [
                2
            ]
        },
        {
            "type": "Gaussian",
            "mean": [
                2.650439082657945,
                9.37409041908608
            ],
            "std_dev": [
                2.0669486242736577,
                3.2731884125275257
            ],
            "max_amplitude": 0.18894594110284407,
            "active_dims": [
                0,
                1
            ]
        }
    ],
    "stats": {
        "energy": 347103058.4748118,
        "bandwidth": 98,
        "mean": 0.2361404657685595,
        "std": 0.17023406845299763,
        "pct_over_06": 0.033265625,
        "pct_over_08": 0.00384375
    }
}