{
    "functions": [
        {
            "type": "Ramp",
            "coeff": [
                1.053738390902786,
                1.0199986421966074,
                0.17152439718304335
            ],
            "min_value": 0.04315963607407437,
            "max_value": 0.07710170503143099,
            "bounds": [
                [
                    0.9392962162060533,
                    3.4357331662423753
                ],
                [
                    2.3181017077679367,
                    5.968807908441242
                ],
                [
                    2.2699448439565018,
                    5.5956376211048395
                ]
            ],
            "active_dims": [
                0,
                1,
                2
            ]
        },
        {
            "type": "StaticHypercube",
            "dimensions": [
                [
                    4.510496365050738,
                    5.285614661832564
                ]
            ],
            "static_value": 0.11740855270176605,
            "active_dims": [
                1
            ]
        },
        {
            "type": "Ramp",
            "coeff": [
                0.593960797841061,
                0.04802402774186332,
                0.5122489891801036
            ],
            "min_value": 0.0791806605327284,
            "max_value": 0.28040372866082997,
            "bounds": [
                [
                    3.429326248548904,
                    6.911692379876303
                ],
                [
                    2.2290938388783537,
                    7.074974910143656
                ],
                [
                    3.598911857271994,
                    9.767766816945798
                ]
            ],
            "active_dims": [
                0,
                1,
                2
            ]
        },
        {
            "type": "Sinus",
            "amplitudes": [
                0.2545468500369345
            ],
            "frequencies": [
                1.5343718722329907
            ],
            "weight_vectors": [
                [
                    0.8324148227933242
                ]
            ],
            "phases": [
                0.21857847423236226
            ],
            "offset": -0.1169351850261624,
            "bounds": [
                [
                    3.5842143992364015,
                    9.352938410602714
                ]
            ],
            "minimum_value": 0.0,
            "active_dims": [
                0
            ]
        },
        {
            "type": "Gaussian",
            "mean": [
                6.293394988678628
            ],
            "std_dev": [
                3.4820132407065696
            ],
            "max_amplitude": 0.18277711463243074,
            "active_dims": [
                1
            ]
        },
        {
            "type": "Gaussian",
            "mean": [
                3.3645867294961995
            ],
            "std_dev": [
                1.2031278215382921
            ],
            "max_amplitude": 0.20891787947883186,
            "active_dims": [
                0
            ]
        },
        {
            "type": "Sinus",
            "amplitudes": [
                0.33571126145265856,
                0.2579149501304349,
                0.39150310760065576,
                0.22655250708067357,
                0.12333840500737685
            ],
            "frequencies": [
                0.2779386441883525,
                0.16300938215365335,
                1.030838588095879,
                1.684361699456394,
                1.207065910511827
            ],
            "weight_vectors": [
                [
                    0.8020209961600121
                ],
                [
                    0.2622589956695377
                ],
                [
                    0.4013770279871953
                ],
                [
                    0.005218682909749028
                ],
                [
                    0.3375570509482265
                ]
            ],
            "phases": [
                5.7875789834112705,
                2.789841254689977,
                1.190193874027553,
                1.167739317165203,
                5.140281451051433
            ],
            "offset": -0.11015179559236339,
            "bounds": [
                [
                    5.750480513727336,
                    8.279450154156295
                ]
            ],
            "minimum_value": 0.0,
            "active_dims": [
                0
            ]
        },
        {
            "type": "Ramp",
            "coeff": [
                1.852914581596833,
                1.96255222356451
            ],
            "min_value": 0.029673049290211476,
            "max_value": 0.1728989553401098,
            "bounds": [
                [
                    4.551706103939506,
                    8.212246401874296
                ],
                [
                    4.888767037855849,
                    8.393757160264453
                ]
            ],
            "active_dims": [
                1,
                2
            ]
        },
        {
            "type": "Gaussian",
            "mean": [
                3.7853358902938306,
                0.5043852396872373
            ],
            "std_dev": [
                1.73201870904963,
                1.566547092298282
            ],
            "max_amplitude": 0.22132056181295004,
            "active_dims": [
                0,
                2
            ]
        }
    ],
    "stats": {
        "energy": 546524436.0180848,
        "bandwidth": 8,
        "mean": 0.32279155088371614,
        "std": 0.17098079443409148,
        "pct_over_06": 0.06453125,
        "pct_over_08": 0.01121875
    }
}