{
    "functions": [
        {
            "type": "Ramp",
            "coeff": [
                1.4124755214508056,
                0.2569029969297605
            ],
            "min_value": 0.09249124933471185,
            "max_value": 0.18183896610601777,
            "bounds": [
                [
                    7.999689380340641,
                    9.501490663371174
                ],
                [
                    2.010805155642427,
                    5.6634042532063305
                ]
            ],
            "active_dims": [
                0,
                1
            ]
        },
        {
            "type": "Gaussian",
            "mean": [
                2.0878109304809502,
                8.786756411178477,
                7.0102222285820535
            ],
            "std_dev": [
                0.4701681615176716,
                3.4817206845074726,
                1.8510802412401637
            ],
            "max_amplitude": 0.19504859200209754,
            "active_dims": [
                0,
                1,
                2
            ]
        },
        {
            "type": "Sinus",
            "amplitudes": [
                0.22246042788390968,
                0.375408063396374,
                0.12173877303652565,
                0.1667350293110417
            ],
            "frequencies": [
                1.6953773158338834,
                1.9196017122656766,
                1.6395848881121429,
                0.8223469724278498
            ],
            "weight_vectors": [
                [
                    0.7102534684712332
                ],
                [
                    0.08285515554596379
                ],
                [
                    0.5483698917778704
                ],
                [
                    0.14244829687392868
                ]
            ],
            "phases": [
                0.02566346725175209,
                2.4669401276700165,
                4.608977096797316,
                4.539386364292866
            ],
            "offset": 0.13788207087272997,
            "bounds": [
                [
                    3.027446203191343,
                    6.088996357678978
                ]
            ],
            "minimum_value": 0.0,
            "active_dims": [
                0
            ]
        },
        {
            "type": "StaticHypercube",
            "dimensions": [
                [
                    2.766910801942106,
                    4.247057311760913
                ],
                [
                    4.329711187402155,
                    8.751257629569537
                ]
            ],
            "static_value": 0.08461420292925012,
            "active_dims": [
                0,
                1
            ]
        },
        {
            "type": "Ramp",
            "coeff": [
                0.5535170808750105,
                1.0145809553821816,
                0.6480866305955084
            ],
            "min_value": 0.0711688747744973,
            "max_value": 0.41262642905911534,
            "bounds": [
                [
                    3.757785844214894,
                    8.107240845613637
                ],
                [
                    5.872063086339434,
                    9.10173681635853
                ],
                [
                    0.30119043626719455,
                    4.070680032344228
                ]
            ],
            "active_dims": [
                0,
                1,
                2
            ]
        },
        {
            "type": "Sinus",
            "amplitudes": [
                0.14752601082998104,
                0.26415634235538443,
                0.12492784531370017,
                0.33306916455041236,
                0.6127326997962846
            ],
            "frequencies": [
                1.7085792277016976,
                1.8545673705914933,
                0.2529352338084361,
                1.3237400110023472,
                0.5496046247289192
            ],
            "weight_vectors": [
                [
                    0.48908917753579806
                ],
                [
                    0.6867429801864626
                ],
                [
                    0.427483610503281
                ],
                [
                    0.0792607107039841
                ],
                [
                    0.8005072948039265
                ]
            ],
            "phases": [
                0.6229567782726908,
                6.132892643545087,
                1.554866690597579,
                2.602298235956226,
                4.422361729038008
            ],
            "offset": 0.07022702715392179,
            "bounds": [
                [
                    2.6809237074210706,
                    3.615680037031264
                ]
            ],
            "minimum_value": 0.0,
            "active_dims": [
                0
            ]
        },
        {
            "type": "Gaussian",
            "mean": [
                1.0768302972059984
            ],
            "std_dev": [
                3.362799536982558
            ],
            "max_amplitude": 0.3758564961559203,
            "active_dims": [
                2
            ]
        },
        {
            "type": "StaticHypercube",
            "dimensions": [
                [
                    4.446697670410249,
                    9.073543476852947
                ],
                [
                    1.7481793175396305,
                    3.3077175591055603
                ],
                [
                    5.604872762920634,
                    8.705188450759579
                ]
            ],
            "static_value": 0.24582820335085198,
            "active_dims": [
                0,
                1,
                2
            ]
        },
        {
            "type": "Gaussian",
            "mean": [
                3.4679103528798825
            ],
            "std_dev": [
                0.8070918749092061
            ],
            "max_amplitude": 0.3688367051375637,
            "active_dims": [
                0
            ]
        }
    ],
    "stats": {
        "energy": 545625136.7437544,
        "bandwidth": 14,
        "mean": 0.305318309738396,
        "std": 0.199974977531739,
        "pct_over_06": 0.090203125,
        "pct_over_08": 0.01384375
    }
}