{
    "functions": [
        {
            "type": "StaticHypercube",
            "dimensions": [
                [
                    4.849492345316234,
                    5.974205223247379
                ]
            ],
            "static_value": 0.024424609137495945,
            "active_dims": [
                0
            ]
        },
        {
            "type": "Ramp",
            "coeff": [
                1.2265274408466154,
                1.1131661504867842,
                1.7664690492012065
            ],
            "min_value": 0.13305977101391564,
            "max_value": 0.19722019323085133,
            "bounds": [
                [
                    2.0094175290621266,
                    3.7906392174499994
                ],
                [
                    3.3609318093483895,
                    7.947407637850857
                ],
                [
                    6.396117085309477,
                    8.72170687321737
                ]
            ],
            "active_dims": [
                0,
                1,
                2
            ]
        },
        {
            "type": "Ramp",
            "coeff": [
                0.4373613256110733
            ],
            "min_value": 0.14271327491176738,
            "max_value": 0.20145267878050874,
            "bounds": [
                [
                    0.2814701383309112,
                    3.864855588324783
                ]
            ],
            "active_dims": [
                1
            ]
        },
        {
            "type": "Sinus",
            "amplitudes": [
                0.04311219829364466,
                0.0790235732806301,
                0.17091192327600432,
                0.1295549262816787
            ],
            "frequencies": [
                1.9026266196762482,
                0.4073542425481278,
                0.5662029392353908,
                0.6670193915758782
            ],
            "weight_vectors": [
                [
                    0.17702874052129913,
                    0.33072179175922956,
                    0.8403150287538836
                ],
                [
                    0.9899830050891979,
                    0.2306457420030854,
                    0.7252395291191958
                ],
                [
                    0.5401374896895205,
                    0.7357805652105733,
                    0.3995690911299121
                ],
                [
                    0.5333517211848836,
                    0.9429930459230078,
                    0.9766039801753612
                ]
            ],
            "phases": [
                1.299895949152425,
                2.0243240467170627,
                4.7109905735913875,
                3.088363403189426
            ],
            "offset": 0.08877310714733276,
            "bounds": [
                [
                    5.833242281117638,
                    9.286982363822984
                ],
                [
                    0.5028213438211829,
                    4.329678378117117
                ],
                [
                    0.7011042548305194,
                    2.6908280215622984
                ]
            ],
            "minimum_value": 0.0,
            "active_dims": [
                0,
                1,
                2
            ]
        },
        {
            "type": "Gaussian",
            "mean": [
                7.504965134204628
            ],
            "std_dev": [
                2.5138837704809216
            ],
            "max_amplitude": 0.18091762472018022,
            "active_dims": [
                0
            ]
        },
        {
            "type": "Gaussian",
            "mean": [
                7.087384598192462,
                9.467239611736314
            ],
            "std_dev": [
                3.00725531884257,
                1.8911898187679068
            ],
            "max_amplitude": 0.0029014360246035864,
            "active_dims": [
                1,
                2
            ]
        },
        {
            "type": "StaticHypercube",
            "dimensions": [
                [
                    3.729100794753142,
                    7.606067867880869
                ]
            ],
            "static_value": 0.07074628072900575,
            "active_dims": [
                1
            ]
        },
        {
            "type": "Gaussian",
            "mean": [
                2.45465082031469
            ],
            "std_dev": [
                1.1080521394598455
            ],
            "max_amplitude": 0.15348469678320026,
            "active_dims": [
                0
            ]
        },
        {
            "type": "Ramp",
            "coeff": [
                0.1324918387031193
            ],
            "min_value": 0.1437337715880141,
            "max_value": 0.22644956612954226,
            "bounds": [
                [
                    2.9944842171907435,
                    6.064183035899844
                ]
            ],
            "active_dims": [
                0
            ]
        }
    ],
    "stats": {
        "energy": 457032475.71239775,
        "bandwidth": 7,
        "mean": 0.29215184609909844,
        "std": 0.16194904472274846,
        "pct_over_06": 0.046984375,
        "pct_over_08": 0.001640625
    }
}