{
    "functions": [
        {
            "type": "Ramp",
            "coeff": [
                1.6532084160356604,
                0.8841371325220082
            ],
            "min_value": 0.1319714083933147,
            "max_value": 0.1647128169444172,
            "bounds": [
                [
                    0.009503775047065852,
                    2.3693598043507946
                ],
                [
                    4.527128994770167,
                    5.552550812400297
                ]
            ],
            "active_dims": [
                0,
                1
            ]
        },
        {
            "type": "Gaussian",
            "mean": [
                6.3888672837636715,
                2.285363555441254,
                5.057690670124111
            ],
            "std_dev": [
                2.6483628477238015,
                2.1245085553155647,
                1.8263299875127237
            ],
            "max_amplitude": 0.1999574099070667,
            "active_dims": [
                0,
                1,
                2
            ]
        },
        {
            "type": "StaticHypercube",
            "dimensions": [
                [
                    1.5323278226951862,
                    2.41046591042402
                ],
                [
                    2.9525672244366366,
                    5.667091225607853
                ],
                [
                    3.024064702827219,
                    6.339939238920798
                ]
            ],
            "static_value": 0.22649353782861714,
            "active_dims": [
                0,
                1,
                2
            ]
        },
        {
            "type": "Sinus",
            "amplitudes": [
                0.13842387348859994,
                0.19222966317561113,
                0.34608683234697285
            ],
            "frequencies": [
                1.4865618922078658,
                0.6768297862310274,
                0.25621311859776097
            ],
            "weight_vectors": [
                [
                    0.4215058007470621,
                    0.8421954650538497
                ],
                [
                    0.4284823788360882,
                    0.8401023720898219
                ],
                [
                    0.800042166650411,
                    0.760168061157091
                ]
            ],
            "phases": [
                0.9670066834342808,
                6.128832205150398,
                5.046646622224992
            ],
            "offset": 0.07265396218848864,
            "bounds": [
                [
                    1.9199496024131155,
                    4.283223716804385
                ],
                [
                    2.2402027517105014,
                    5.989504982452722
                ]
            ],
            "minimum_value": 0.0,
            "active_dims": [
                0,
                2
            ]
        },
        {
            "type": "Sinus",
            "amplitudes": [
                0.10607508779651258
            ],
            "frequencies": [
                0.19749698085710377
            ],
            "weight_vectors": [
                [
                    0.8860182372986916,
                    0.2646520754974808
                ]
            ],
            "phases": [
                2.261562611812244
            ],
            "offset": 0.19039113983750172,
            "bounds": [
                [
                    2.9729823938909195,
                    8.254114104852228
                ],
                [
                    4.959148357818741,
                    6.125984308799543
                ]
            ],
            "minimum_value": 0.0,
            "active_dims": [
                0,
                1
            ]
        },
        {
            "type": "Gaussian",
            "mean": [
                5.002792508063301,
                0.18360059799203632,
                4.67000308906647
            ],
            "std_dev": [
                2.465987258583008,
                3.188072332657803,
                0.5089873031183362
            ],
            "max_amplitude": 0.28177756111073343,
            "active_dims": [
                0,
                1,
                2
            ]
        },
        {
            "type": "Ramp",
            "coeff": [
                1.758439130607885,
                1.0965263992132994
            ],
            "min_value": 0.0983847030531622,
            "max_value": 0.24157751874825265,
            "bounds": [
                [
                    1.8997474884961796,
                    3.4187940384449287
                ],
                [
                    1.1806873355227232,
                    5.3950058327028305
                ]
            ],
            "active_dims": [
                1,
                2
            ]
        },
        {
            "type": "Ramp",
            "coeff": [
                1.6841430401524717,
                0.013781690177430583
            ],
            "min_value": 0.14709512862522542,
            "max_value": 0.2838344625595918,
            "bounds": [
                [
                    2.21989028473584,
                    4.280646523752575
                ],
                [
                    0.9576111541371063,
                    3.874190028013653
                ]
            ],
            "active_dims": [
                0,
                2
            ]
        },
        {
            "type": "Gaussian",
            "mean": [
                6.594989266877038,
                4.029459902410243,
                3.606140689317469
            ],
            "std_dev": [
                2.9430429068381048,
                2.007721234033627,
                1.8106017315237546
            ],
            "max_amplitude": 0.14745464435743652,
            "active_dims": [
                0,
                1,
                2
            ]
        }
    ],
    "stats": {
        "energy": 139548754.38210812,
        "bandwidth": 322,
        "mean": 0.1033544458744449,
        "std": 0.15292932560763423,
        "pct_over_06": 0.019546875,
        "pct_over_08": 0.0033125
    }
}