{
    "functions": [
        {
            "type": "Sinus",
            "amplitudes": [
                0.28726094832203836,
                0.15202258250080658,
                0.27896629922197885
            ],
            "frequencies": [
                0.9848974590221341,
                1.6918112895883648,
                0.7157925013224221
            ],
            "weight_vectors": [
                [
                    0.696224808665042
                ],
                [
                    0.12284132883744936
                ],
                [
                    0.2620491068241574
                ]
            ],
            "phases": [
                4.739170052672489,
                5.925620329742269,
                6.277235817302377
            ],
            "offset": -0.04233232203872019,
            "bounds": [
                [
                    3.320641503692349,
                    6.781684266120333
                ]
            ],
            "minimum_value": 0.0,
            "active_dims": [
                0
            ]
        },
        {
            "type": "Ramp",
            "coeff": [
                0.07314234319761082,
                0.17879906120945233
            ],
            "min_value": 0.027843683996563954,
            "max_value": 0.05813640074205379,
            "bounds": [
                [
                    3.1235219167656396,
                    4.284169532880303
                ],
                [
                    1.3287055790530558,
                    3.659090789270758
                ]
            ],
            "active_dims": [
                1,
                2
            ]
        },
        {
            "type": "Ramp",
            "coeff": [
                0.6899380259960068,
                0.6805024821778627,
                0.4917510500775055
            ],
            "min_value": 0.026557760348776185,
            "max_value": 0.29093789464653974,
            "bounds": [
                [
                    3.8145531998748963,
                    6.499246066577165
                ],
                [
                    0.2083805243055977,
                    1.7181669556256747
                ],
                [
                    1.6910872821787706,
                    6.897837265167601
                ]
            ],
            "active_dims": [
                0,
                1,
                2
            ]
        },
        {
            "type": "Gaussian",
            "mean": [
                2.5422365567315106,
                7.40610061871923
            ],
            "std_dev": [
                0.5990869461506219,
                2.2908873130913108
            ],
            "max_amplitude": 0.19671385117648046,
            "active_dims": [
                1,
                2
            ]
        },
        {
            "type": "Sinus",
            "amplitudes": [
                0.28188478588830185,
                0.3501704688972948,
                0.22339809794432688,
                0.10448437281783893
            ],
            "frequencies": [
                0.26136025135564667,
                0.4758276720874819,
                1.6736587903247888,
                0.45540648604083234
            ],
            "weight_vectors": [
                [
                    0.501097015066216
                ],
                [
                    0.09732319625574826
                ],
                [
                    0.7840246893366406
                ],
                [
                    0.10662807425818466
                ]
            ],
            "phases": [
                4.656972755295554,
                3.451075117093669,
                0.44672652750806374,
                1.4197335179278525
            ],
            "offset": -0.042550758262314546,
            "bounds": [
                [
                    4.629020786752133,
                    6.41945307627279
                ]
            ],
            "minimum_value": 0.0,
            "active_dims": [
                2
            ]
        },
        {
            "type": "StaticHypercube",
            "dimensions": [
                [
                    5.887419850785516,
                    9.048786956066586
                ],
                [
                    0.25213974866465066,
                    4.29919014320205
                ],
                [
                    3.564337919091376,
                    9.137837359356906
                ]
            ],
            "static_value": 0.025271491110086627,
            "active_dims": [
                0,
                1,
                2
            ]
        },
        {
            "type": "Ramp",
            "coeff": [
                0.21590250310456183
            ],
            "min_value": 0.16843139160509643,
            "max_value": 0.21814927334667933,
            "bounds": [
                [
                    0.6916532312606466,
                    4.273179030976899
                ]
            ],
            "active_dims": [
                0
            ]
        },
        {
            "type": "Sinus",
            "amplitudes": [
                0.3467122062403865,
                0.07218894877100716,
                0.15084159506195402,
                0.2085056010188929
            ],
            "frequencies": [
                1.3936313283286346,
                1.6840018788883364,
                1.9379260516597554,
                0.97455595875674
            ],
            "weight_vectors": [
                [
                    0.06393376742071022
                ],
                [
                    0.23280747764356802
                ],
                [
                    0.19111186054861273
                ],
                [
                    0.053795132082842034
                ]
            ],
            "phases": [
                2.244226558115267,
                0.4048648988060712,
                1.8204517102763096,
                4.88996923211743
            ],
            "offset": -0.10413095354976382,
            "bounds": [
                [
                    2.3512837763116474,
                    8.16024127599109
                ]
            ],
            "minimum_value": 0.0,
            "active_dims": [
                2
            ]
        },
        {
            "type": "Gaussian",
            "mean": [
                2.400000447719152
            ],
            "std_dev": [
                0.29525575360860823
            ],
            "max_amplitude": 0.15772338115688542,
            "active_dims": [
                2
            ]
        }
    ],
    "stats": {
        "energy": 604672034.3466749,
        "bandwidth": 6,
        "mean": 0.28248833187082034,
        "std": 0.2604330062458674,
        "pct_over_06": 0.170265625,
        "pct_over_08": 0.018875
    }
}