{
    "functions": [
        {
            "type": "Gaussian",
            "mean": [
                2.790962684043874,
                8.457767897302084,
                4.345748272754451
            ],
            "std_dev": [
                3.1411624611394333,
                0.5979795885189799,
                1.5740755291074668
            ],
            "max_amplitude": 0.15062486836214026,
            "active_dims": [
                0,
                1,
                2
            ]
        },
        {
            "type": "Ramp",
            "coeff": [
                1.4961559278988585
            ],
            "min_value": 0.019122271619402872,
            "max_value": 0.11671495954059652,
            "bounds": [
                [
                    6.321283049956077,
                    8.80215962781507
                ]
            ],
            "active_dims": [
                1
            ]
        },
        {
            "type": "Gaussian",
            "mean": [
                2.4988849595204465,
                3.276305445550276,
                4.77360113659513
            ],
            "std_dev": [
                2.7951216479392578,
                1.4295225946594934,
                3.5295839049919313
            ],
            "max_amplitude": 0.21241911192727633,
            "active_dims": [
                0,
                1,
                2
            ]
        },
        {
            "type": "Sinus",
            "amplitudes": [
                0.2239262781396274,
                0.16160358214608783,
                0.1642122464882066
            ],
            "frequencies": [
                1.6899898533666924,
                0.4315924496692909,
                0.8827971731722768
            ],
            "weight_vectors": [
                [
                    0.6901573103405826
                ],
                [
                    0.4144272453521767
                ],
                [
                    0.2583402866888067
                ]
            ],
            "phases": [
                2.3397143688355655,
                0.9635297828681859,
                5.065274516441546
            ],
            "offset": 0.04180510563544538,
            "bounds": [
                [
                    0.30357004081306926,
                    4.4349879238236385
                ]
            ],
            "minimum_value": 0.0,
            "active_dims": [
                1
            ]
        },
        {
            "type": "Sinus",
            "amplitudes": [
                0.10281076112914919,
                0.0861092781452069
            ],
            "frequencies": [
                0.21921951151019337,
                0.7288662097771627
            ],
            "weight_vectors": [
                [
                    0.719948992606686,
                    0.08197400947922717
                ],
                [
                    0.13268833720077178,
                    0.41718538324119725
                ]
            ],
            "phases": [
                4.003568787039446,
                5.000431811501387
            ],
            "offset": 0.028847864879194163,
            "bounds": [
                [
                    4.478495526542758,
                    7.106303503028926
                ],
                [
                    3.6393734116511,
                    6.661185910469621
                ]
            ],
            "minimum_value": 0.0,
            "active_dims": [
                0,
                1
            ]
        },
        {
            "type": "Gaussian",
            "mean": [
                9.002331034050107
            ],
            "std_dev": [
                2.7963828255659537
            ],
            "max_amplitude": 0.078281211424914,
            "active_dims": [
                1
            ]
        },
        {
            "type": "Ramp",
            "coeff": [
                0.7906396656050811,
                0.7957653511827869,
                0.36835048848864305
            ],
            "min_value": 0.10547364201460697,
            "max_value": 0.29134558177477987,
            "bounds": [
                [
                    6.4536112909603505,
                    9.12648065146064
                ],
                [
                    3.14397779723616,
                    4.648977384628147
                ],
                [
                    3.441135032279679,
                    7.561973978435805
                ]
            ],
            "active_dims": [
                0,
                1,
                2
            ]
        },
        {
            "type": "Sinus",
            "amplitudes": [
                0.057007954115919794,
                0.2971360624295174,
                0.06382829253674237
            ],
            "frequencies": [
                1.6373121107657727,
                0.9926621171031413,
                0.16323701896125067
            ],
            "weight_vectors": [
                [
                    0.38211397077316145,
                    0.01642997656059708
                ],
                [
                    0.7466115447441056,
                    0.7050640089596767
                ],
                [
                    0.8423588395868958,
                    0.4358174000193168
                ]
            ],
            "phases": [
                5.756042192060835,
                5.73575333294944,
                0.24864042267098727
            ],
            "offset": -0.00692444243764851,
            "bounds": [
                [
                    2.547898787273648,
                    5.562769660847661
                ],
                [
                    3.7592236710932485,
                    5.858176878560236
                ]
            ],
            "minimum_value": 0.0,
            "active_dims": [
                0,
                2
            ]
        },
        {
            "type": "Gaussian",
            "mean": [
                8.677262209328264
            ],
            "std_dev": [
                0.6201273253676016
            ],
            "max_amplitude": 0.12203252278128653,
            "active_dims": [
                2
            ]
        }
    ],
    "stats": {
        "energy": 268591183.68679714,
        "bandwidth": 65,
        "mean": 0.18778469631950237,
        "std": 0.17410033682614395,
        "pct_over_06": 0.02421875,
        "pct_over_08": 0.00959375
    }
}