{
    "functions": [
        {
            "type": "Gaussian",
            "mean": [
                5.521293543183275
            ],
            "std_dev": [
                1.3926176734481053
            ],
            "max_amplitude": 0.12707245337742232,
            "active_dims": [
                2
            ]
        },
        {
            "type": "Sinus",
            "amplitudes": [
                0.06709682553460762,
                0.14963793822175228,
                0.07536683404974832
            ],
            "frequencies": [
                1.0142828011903673,
                0.1660631125453343,
                0.312144331034953
            ],
            "weight_vectors": [
                [
                    0.21637219993161816
                ],
                [
                    0.5772217841813401
                ],
                [
                    0.7820264488817628
                ]
            ],
            "phases": [
                4.702840039269433,
                3.3492248816858656,
                2.152177202102902
            ],
            "offset": -0.08456770580788399,
            "bounds": [
                [
                    6.210623565816958,
                    8.980690893820752
                ]
            ],
            "minimum_value": 0.0,
            "active_dims": [
                1
            ]
        },
        {
            "type": "Gaussian",
            "mean": [
                2.9516878250955667,
                7.749797677966055
            ],
            "std_dev": [
                3.706596705450929,
                2.683559449616641
            ],
            "max_amplitude": 0.12739074420498084,
            "active_dims": [
                1,
                2
            ]
        },
        {
            "type": "Sinus",
            "amplitudes": [
                0.06353729920516658,
                0.13217210565090623,
                0.21264919194093565,
                0.15468503796701405
            ],
            "frequencies": [
                1.4579814496725572,
                0.13526333153920816,
                0.5766566581606956,
                0.9182770691618384
            ],
            "weight_vectors": [
                [
                    0.3785659125242731,
                    0.628202952031745
                ],
                [
                    0.402646237660907,
                    0.06027508071128407
                ],
                [
                    0.31385986561992263,
                    0.6119010053025938
                ],
                [
                    0.8778835860373113,
                    0.996271000737041
                ]
            ],
            "phases": [
                1.852301171933961,
                2.3667399512851213,
                2.7086133148004694,
                1.1377156837663156
            ],
            "offset": 0.11641869333881935,
            "bounds": [
                [
                    1.7647250800140313,
                    6.237478721854754
                ],
                [
                    4.377928723933305,
                    7.435637579421778
                ]
            ],
            "minimum_value": 0.0,
            "active_dims": [
                0,
                2
            ]
        },
        {
            "type": "Ramp",
            "coeff": [
                0.9970751419476158
            ],
            "min_value": 0.03473298856248599,
            "max_value": 0.057402781522755145,
            "bounds": [
                [
                    5.817144477010104,
                    7.730978164893734
                ]
            ],
            "active_dims": [
                1
            ]
        },
        {
            "type": "Gaussian",
            "mean": [
                5.051267109939852,
                6.556540334832323,
                9.770754187042328
            ],
            "std_dev": [
                1.152142838124108,
                3.8964288890563488,
                2.9000642657316753
            ],
            "max_amplitude": 0.13047171454905476,
            "active_dims": [
                0,
                1,
                2
            ]
        },
        {
            "type": "Sinus",
            "amplitudes": [
                0.059040951855590565,
                0.10820765564383827,
                0.08919553854668412
            ],
            "frequencies": [
                1.6876629374837078,
                0.23344045109288653,
                1.9823578123009138
            ],
            "weight_vectors": [
                [
                    0.9698674391796065
                ],
                [
                    0.12585453836945504
                ],
                [
                    0.05612312143953113
                ]
            ],
            "phases": [
                2.195982614375749,
                0.8456991352929687,
                5.591140744520824
            ],
            "offset": 0.09292559274151085,
            "bounds": [
                [
                    5.3964704263145995,
                    8.4005023884994
                ]
            ],
            "minimum_value": 0.0,
            "active_dims": [
                1
            ]
        },
        {
            "type": "Sinus",
            "amplitudes": [
                0.13762163214402162,
                0.10724485710718118
            ],
            "frequencies": [
                1.4482049645788793,
                1.6569722877272988
            ],
            "weight_vectors": [
                [
                    0.4590126662424219
                ],
                [
                    0.9432581246042993
                ]
            ],
            "phases": [
                0.13564595572594132,
                3.357886795269577
            ],
            "offset": 0.07149076716091247,
            "bounds": [
                [
                    7.859387802503754,
                    9.504410314774228
                ]
            ],
            "minimum_value": 0.0,
            "active_dims": [
                1
            ]
        },
        {
            "type": "StaticHypercube",
            "dimensions": [
                [
                    2.250266670939872,
                    6.49945227827593
                ],
                [
                    0.6993324207540187,
                    5.260809880424161
                ]
            ],
            "static_value": 0.015186087038355401,
            "active_dims": [
                1,
                2
            ]
        }
    ],
    "stats": {
        "energy": 220011184.3677709,
        "bandwidth": 84,
        "mean": 0.18546283177883624,
        "std": 0.13898635216132885,
        "pct_over_06": 0.012453125,
        "pct_over_08": 0.003140625
    }
}