{
    "functions": [
        {
            "type": "Gaussian",
            "mean": [
                3.2710793780124217
            ],
            "std_dev": [
                3.513405661879593
            ],
            "max_amplitude": 0.04929785854472838,
            "active_dims": [
                0
            ]
        },
        {
            "type": "Gaussian",
            "mean": [
                4.336824467357781,
                4.136893637256018
            ],
            "std_dev": [
                0.7611525295195221,
                2.4096215815536675
            ],
            "max_amplitude": 0.11079337082191809,
            "active_dims": [
                0,
                2
            ]
        },
        {
            "type": "StaticHypercube",
            "dimensions": [
                [
                    5.231929228683573,
                    7.0448724673623175
                ],
                [
                    2.101218683776059,
                    7.987736459526518
                ]
            ],
            "static_value": 0.2256885362812306,
            "active_dims": [
                0,
                1
            ]
        },
        {
            "type": "Sinus",
            "amplitudes": [
                0.13022785266690332,
                0.21027133648337396,
                0.09602107572521051,
                0.06755885823546101
            ],
            "frequencies": [
                1.939693890048958,
                0.7313236407178282,
                0.34287865404922196,
                1.4317931647425424
            ],
            "weight_vectors": [
                [
                    0.7209734132759138,
                    0.005612041168865822
                ],
                [
                    0.4245599746036305,
                    0.9028619347880258
                ],
                [
                    0.3089019112226078,
                    0.39647530120266616
                ],
                [
                    0.20367016218968115,
                    0.7447489288288106
                ]
            ],
            "phases": [
                2.926546600603647,
                2.310240684924345,
                1.3182395274354561,
                4.072465380508246
            ],
            "offset": -0.02171198806249823,
            "bounds": [
                [
                    5.450761699967056,
                    7.098591406138036
                ],
                [
                    2.73663433612885,
                    7.1746936782001995
                ]
            ],
            "minimum_value": 0.0,
            "active_dims": [
                1,
                2
            ]
        },
        {
            "type": "Sinus",
            "amplitudes": [
                0.15077121551673234,
                0.06078581830717506,
                0.13844470288547986,
                0.07551953026725504,
                0.19753746676319042
            ],
            "frequencies": [
                0.7375720783323332,
                1.0254893816733905,
                1.1302526893514533,
                1.8494996258322374,
                1.0501863219782916
            ],
            "weight_vectors": [
                [
                    0.4449615747559579,
                    0.08795069846688508,
                    0.7530917438763213
                ],
                [
                    0.46915194461966403,
                    0.4470179341344044,
                    0.03001887170173756
                ],
                [
                    0.9844721416625974,
                    0.06272716370699427,
                    0.7601800212545834
                ],
                [
                    0.6909302295001767,
                    0.5502669601174186,
                    0.9515398067552293
                ],
                [
                    0.26954729295340696,
                    0.10821481552885837,
                    0.9499123182901706
                ]
            ],
            "phases": [
                2.783367127952148,
                3.5474955558445767,
                4.956597552190603,
                3.2612923815079675,
                1.0521212657319479
            ],
            "offset": 0.09606149274056423,
            "bounds": [
                [
                    4.8096477082399,
                    5.639683693088787
                ],
                [
                    8.126163502136341,
                    8.629686874243966
                ],
                [
                    8.166385333854487,
                    8.337839190783159
                ]
            ],
            "minimum_value": 0.0,
            "active_dims": [
                0,
                1,
                2
            ]
        },
        {
            "type": "Gaussian",
            "mean": [
                8.113803571577964,
                2.4298215864643256,
                6.297903374014392
            ],
            "std_dev": [
                3.9451151464585124,
                2.7576132324637035,
                3.587121887837862
            ],
            "max_amplitude": 0.13115389832796706,
            "active_dims": [
                0,
                1,
                2
            ]
        },
        {
            "type": "Gaussian",
            "mean": [
                0.22761803352247756
            ],
            "std_dev": [
                3.861802077556625
            ],
            "max_amplitude": 0.12900710004286664,
            "active_dims": [
                0
            ]
        },
        {
            "type": "Gaussian",
            "mean": [
                3.9440036948719657,
                2.808696065141186
            ],
            "std_dev": [
                0.47950133087493996,
                2.7042808461483823
            ],
            "max_amplitude": 0.1397304994506012,
            "active_dims": [
                0,
                2
            ]
        },
        {
            "type": "StaticHypercube",
            "dimensions": [
                [
                    5.972936719115015,
                    7.122406961286602
                ]
            ],
            "static_value": 0.22645325060624732,
            "active_dims": [
                0
            ]
        }
    ],
    "stats": {
        "energy": 257996707.18970418,
        "bandwidth": 32,
        "mean": 0.20423533133489694,
        "std": 0.1458609158608338,
        "pct_over_06": 0.028390625,
        "pct_over_08": 0.0068125
    }
}