{
    "functions": [
        {
            "type": "Sinus",
            "amplitudes": [
                0.3361278602684938,
                0.14123996441129363
            ],
            "frequencies": [
                0.41453588429037436,
                1.7346533583623716
            ],
            "weight_vectors": [
                [
                    0.06430936871606507,
                    0.8821217367891199
                ],
                [
                    0.7575668564107816,
                    0.9693724345239337
                ]
            ],
            "phases": [
                2.1905480924935965,
                0.967520961110206
            ],
            "offset": 0.1906330541814116,
            "bounds": [
                [
                    3.8254092988533115,
                    4.129684095335975
                ],
                [
                    6.602427196220923,
                    8.318071244069877
                ]
            ],
            "minimum_value": 0.0,
            "active_dims": [
                0,
                2
            ]
        },
        {
            "type": "Ramp",
            "coeff": [
                0.14620828412741704,
                0.4114372812794227,
                0.48334708164178264
            ],
            "min_value": 0.25251901493062634,
            "max_value": 0.31934321997711484,
            "bounds": [
                [
                    3.252964492794767,
                    7.8381232199693
                ],
                [
                    2.633075595461245,
                    3.842628505363061
                ],
                [
                    1.5900107595082633,
                    3.057707851550593
                ]
            ],
            "active_dims": [
                0,
                1,
                2
            ]
        },
        {
            "type": "Ramp",
            "coeff": [
                0.6416178078316424
            ],
            "min_value": 0.151440404514368,
            "max_value": 0.19126977813696489,
            "bounds": [
                [
                    4.310741413882611,
                    7.459099528400648
                ]
            ],
            "active_dims": [
                2
            ]
        },
        {
            "type": "Ramp",
            "coeff": [
                0.6578695578899438,
                1.6207154403683353
            ],
            "min_value": 0.2083435740669659,
            "max_value": 0.22083800164905307,
            "bounds": [
                [
                    1.1529513068219943,
                    4.61668104026154
                ],
                [
                    2.0742180828062957,
                    3.466156882408793
                ]
            ],
            "active_dims": [
                0,
                2
            ]
        },
        {
            "type": "Ramp",
            "coeff": [
                0.04160030719000751,
                0.4432650333265369
            ],
            "min_value": 0.15091243421696776,
            "max_value": 0.5423585960466694,
            "bounds": [
                [
                    6.461170564261272,
                    6.7770006053472756
                ],
                [
                    2.410560286729463,
                    6.55427686669969
                ]
            ],
            "active_dims": [
                0,
                1
            ]
        },
        {
            "type": "Gaussian",
            "mean": [
                5.739341130438008
            ],
            "std_dev": [
                0.577675806203678
            ],
            "max_amplitude": 0.44474385204994293,
            "active_dims": [
                2
            ]
        },
        {
            "type": "Gaussian",
            "mean": [
                0.6229945961542771,
                2.547526520212643,
                2.17857281300092
            ],
            "std_dev": [
                0.46446610605606475,
                3.260245240102608,
                2.226199017954314
            ],
            "max_amplitude": 0.3476988120873924,
            "active_dims": [
                0,
                1,
                2
            ]
        },
        {
            "type": "Gaussian",
            "mean": [
                0.5870583038768606
            ],
            "std_dev": [
                1.7863455842926688
            ],
            "max_amplitude": 0.17292487516725213,
            "active_dims": [
                1
            ]
        },
        {
            "type": "Gaussian",
            "mean": [
                2.7558623455624485,
                0.09542456578891412,
                8.181151899105558
            ],
            "std_dev": [
                0.4515893638035059,
                0.802259416715741,
                1.9113327784440317
            ],
            "max_amplitude": 0.4802953503391006,
            "active_dims": [
                0,
                1,
                2
            ]
        }
    ],
    "stats": {
        "energy": 337164050.9498025,
        "bandwidth": 45,
        "mean": 0.19655452790443612,
        "std": 0.20900181742434892,
        "pct_over_06": 0.063796875,
        "pct_over_08": 0.004515625
    }
}