{
    "functions": [
        {
            "type": "Ramp",
            "coeff": [
                1.11617029305992,
                1.2566476902864503,
                0.6573435556934755
            ],
            "min_value": 0.15395338989932592,
            "max_value": 0.2677581486942568,
            "bounds": [
                [
                    5.500261437500344,
                    9.832030794882485
                ],
                [
                    1.16305689973249,
                    8.089889943207673
                ],
                [
                    0.7617170263157437,
                    5.402533661514686
                ]
            ],
            "active_dims": [
                0,
                1,
                2
            ]
        },
        {
            "type": "Ramp",
            "coeff": [
                0.16375168447876387,
                0.9877220229148043
            ],
            "min_value": 0.05573060959142662,
            "max_value": 0.27694826909661885,
            "bounds": [
                [
                    3.1782400306377534,
                    6.139118468522787
                ],
                [
                    5.503525850614541,
                    6.269990560995915
                ]
            ],
            "active_dims": [
                0,
                2
            ]
        },
        {
            "type": "Gaussian",
            "mean": [
                3.96200444079307
            ],
            "std_dev": [
                3.911747368243235
            ],
            "max_amplitude": 0.18469891213392772,
            "active_dims": [
                1
            ]
        },
        {
            "type": "Sinus",
            "amplitudes": [
                0.12954117521887487
            ],
            "frequencies": [
                0.4721042105499029
            ],
            "weight_vectors": [
                [
                    0.9933149001167553,
                    0.05004751439001409
                ]
            ],
            "phases": [
                2.982997314943541
            ],
            "offset": 0.11432549422044062,
            "bounds": [
                [
                    5.0805339559999725,
                    9.833105046897774
                ],
                [
                    3.373705407472204,
                    7.827430541940652
                ]
            ],
            "minimum_value": 0.0,
            "active_dims": [
                1,
                2
            ]
        },
        {
            "type": "StaticHypercube",
            "dimensions": [
                [
                    1.467989400091866,
                    4.9558307669762875
                ],
                [
                    3.2923914464952233,
                    4.162841882026334
                ]
            ],
            "static_value": 0.1856613757448368,
            "active_dims": [
                0,
                2
            ]
        },
        {
            "type": "StaticHypercube",
            "dimensions": [
                [
                    0.42215664197860353,
                    6.253075203365338
                ]
            ],
            "static_value": 0.1511333346258716,
            "active_dims": [
                0
            ]
        },
        {
            "type": "Ramp",
            "coeff": [
                0.2131026801007938,
                1.5686548745342193
            ],
            "min_value": 0.18231668743976198,
            "max_value": 0.20773678615499708,
            "bounds": [
                [
                    5.1620184323883525,
                    8.766661449477944
                ],
                [
                    2.63914226443532,
                    5.455858428381308
                ]
            ],
            "active_dims": [
                0,
                1
            ]
        },
        {
            "type": "Sinus",
            "amplitudes": [
                0.16932041912390217,
                0.31370251768794893
            ],
            "frequencies": [
                1.7207929483915003,
                0.8612073543460642
            ],
            "weight_vectors": [
                [
                    0.735994682045761
                ],
                [
                    0.5840473987956087
                ]
            ],
            "phases": [
                3.685560760322623,
                3.8012614700533747
            ],
            "offset": -0.11679377925175771,
            "bounds": [
                [
                    3.8782109318016107,
                    9.484548758667431
                ]
            ],
            "minimum_value": 0.0,
            "active_dims": [
                0
            ]
        },
        {
            "type": "StaticHypercube",
            "dimensions": [
                [
                    3.523072668099314,
                    6.080226187147611
                ]
            ],
            "static_value": 0.19996467992757755,
            "active_dims": [
                2
            ]
        }
    ],
    "stats": {
        "energy": 875445958.6052495,
        "bandwidth": 10,
        "mean": 0.4178814176103101,
        "std": 0.19775501081794955,
        "pct_over_06": 0.176453125,
        "pct_over_08": 0.043359375
    }
}