{
    "functions": [
        {
            "type": "Sinus",
            "amplitudes": [
                0.03529884536547709,
                0.07575881653055024,
                0.1695148366241131,
                0.1997148676262406,
                0.1690837265874011
            ],
            "frequencies": [
                1.8907714955013406,
                1.5357366380088504,
                1.4023276306547536,
                1.8084103796429167,
                0.13400227067189796
            ],
            "weight_vectors": [
                [
                    0.9296091547911146,
                    0.39839095826568804,
                    0.6075008128931225
                ],
                [
                    0.37972542060925885,
                    0.25494657815093213,
                    0.41347415745580696
                ],
                [
                    0.5275852086053336,
                    0.49765350174425327,
                    0.08234393408605534
                ],
                [
                    0.8951651232391769,
                    0.36682146875705113,
                    0.1201752661986566
                ],
                [
                    0.837833938475185,
                    0.6526810706820597,
                    0.7914284029471763
                ]
            ],
            "phases": [
                4.421372323113191,
                5.088849970290831,
                5.792218099877729,
                2.717119373587548,
                4.981247434407722
            ],
            "offset": 0.12279044493245475,
            "bounds": [
                [
                    4.981909024925011,
                    9.821605145075498
                ],
                [
                    0.8136077414238296,
                    6.867888267692964
                ],
                [
                    4.901823114826967,
                    7.794352126761895
                ]
            ],
            "minimum_value": 0.0,
            "active_dims": [
                0,
                1,
                2
            ]
        },
        {
            "type": "StaticHypercube",
            "dimensions": [
                [
                    0.3188652607474836,
                    4.09344132656075
                ],
                [
                    1.8737905242036734,
                    2.404221524600101
                ]
            ],
            "static_value": 0.0645040377846014,
            "active_dims": [
                1,
                2
            ]
        },
        {
            "type": "Ramp",
            "coeff": [
                1.663986614820121
            ],
            "min_value": 0.00655593824391391,
            "max_value": 0.12087282575217036,
            "bounds": [
                [
                    0.34424386423611847,
                    5.145155590907854
                ]
            ],
            "active_dims": [
                0
            ]
        },
        {
            "type": "Sinus",
            "amplitudes": [
                0.13992613621831712,
                0.11753864423320577
            ],
            "frequencies": [
                0.1812173071722201,
                1.5167682517094576
            ],
            "weight_vectors": [
                [
                    0.34025906443549625
                ],
                [
                    0.22076816700683333
                ]
            ],
            "phases": [
                5.683798293478788,
                1.3053724292615767
            ],
            "offset": 0.0548329392124946,
            "bounds": [
                [
                    5.579823899075731,
                    9.367784409256846
                ]
            ],
            "minimum_value": 0.0,
            "active_dims": [
                2
            ]
        },
        {
            "type": "Gaussian",
            "mean": [
                4.404690670682344,
                2.3294260173616657
            ],
            "std_dev": [
                0.4587083708887485,
                3.9292210337838585
            ],
            "max_amplitude": 0.14493293791205064,
            "active_dims": [
                1,
                2
            ]
        },
        {
            "type": "Ramp",
            "coeff": [
                1.8727791429428038,
                1.6835405104629986
            ],
            "min_value": 0.08937177246303174,
            "max_value": 0.1028003012062093,
            "bounds": [
                [
                    0.6536192540612094,
                    3.190856884203389
                ],
                [
                    3.563518189530271,
                    5.109269540678036
                ]
            ],
            "active_dims": [
                0,
                2
            ]
        },
        {
            "type": "Sinus",
            "amplitudes": [
                0.07211477978544122,
                0.07001749172967672,
                0.05505979750207864
            ],
            "frequencies": [
                1.1372446445011404,
                1.2498366493657962,
                0.41592415204236544
            ],
            "weight_vectors": [
                [
                    0.3424737433194759
                ],
                [
                    0.31219727405795084
                ],
                [
                    0.9036896508097619
                ]
            ],
            "phases": [
                0.8446754908701887,
                3.7641335092312644,
                1.4628339860248194
            ],
            "offset": -0.06776994386209555,
            "bounds": [
                [
                    5.324786701403477,
                    6.303481559841957
                ]
            ],
            "minimum_value": 0.0,
            "active_dims": [
                1
            ]
        },
        {
            "type": "Gaussian",
            "mean": [
                4.743782530256356
            ],
            "std_dev": [
                0.1912586356512189
            ],
            "max_amplitude": 0.21241821459641366,
            "active_dims": [
                1
            ]
        },
        {
            "type": "Gaussian",
            "mean": [
                8.984350488343813
            ],
            "std_dev": [
                3.7891388271857345
            ],
            "max_amplitude": 0.1875035879309158,
            "active_dims": [
                0
            ]
        }
    ],
    "stats": {
        "energy": 232066100.7729314,
        "bandwidth": 81,
        "mean": 0.19956933794633497,
        "std": 0.12972602759538268,
        "pct_over_06": 0.020140625,
        "pct_over_08": 0.00175
    }
}