{
    "functions": [
        {
            "type": "Ramp",
            "coeff": [
                1.9121945835215406
            ],
            "min_value": 0.30375092931075887,
            "max_value": 0.7241172001740827,
            "bounds": [
                [
                    6.985843762735202,
                    7.035215965092912
                ]
            ],
            "active_dims": [
                1
            ]
        },
        {
            "type": "Gaussian",
            "mean": [
                3.9719717708727798,
                0.6228103359160453
            ],
            "std_dev": [
                2.7261041185422865,
                0.21751915371653896
            ],
            "max_amplitude": 0.42154566393924897,
            "active_dims": [
                0,
                2
            ]
        },
        {
            "type": "Gaussian",
            "mean": [
                6.487804040686239,
                2.31624855536805,
                8.699073372914807
            ],
            "std_dev": [
                1.7784472561732811,
                2.8221432492375986,
                1.9919529033416787
            ],
            "max_amplitude": 0.33350682589025216,
            "active_dims": [
                0,
                1,
                2
            ]
        },
        {
            "type": "Sinus",
            "amplitudes": [
                0.5133198549397895,
                0.6117151809872707,
                0.23987763659336622
            ],
            "frequencies": [
                0.8361293939897687,
                0.830558435098958,
                0.11813319470011095
            ],
            "weight_vectors": [
                [
                    0.27576070620548976,
                    0.437271070893137
                ],
                [
                    0.17447574189726633,
                    0.02661598717987068
                ],
                [
                    0.16619629918798917,
                    0.8450296388206427
                ]
            ],
            "phases": [
                3.9990145129775825,
                5.37340895138193,
                2.822797057574577
            ],
            "offset": -0.3546248912716096,
            "bounds": [
                [
                    1.5207982864304188,
                    3.3869361632179555
                ],
                [
                    3.566549833021394,
                    5.404726597454049
                ]
            ],
            "minimum_value": 0.0,
            "active_dims": [
                0,
                1
            ]
        },
        {
            "type": "Gaussian",
            "mean": [
                2.5768340234741913
            ],
            "std_dev": [
                0.10538601141684335
            ],
            "max_amplitude": 0.4653017296012588,
            "active_dims": [
                1
            ]
        },
        {
            "type": "Ramp",
            "coeff": [
                1.345791223770124,
                0.6962890380049982
            ],
            "min_value": 0.016978742605639703,
            "max_value": 0.31582623621000677,
            "bounds": [
                [
                    3.7216443245491537,
                    6.870334833473276
                ],
                [
                    8.157953787173408,
                    8.407917740556416
                ]
            ],
            "active_dims": [
                1,
                2
            ]
        },
        {
            "type": "Ramp",
            "coeff": [
                0.2419509986000683,
                0.9977969661354564
            ],
            "min_value": 0.29157150959019,
            "max_value": 0.606444507980127,
            "bounds": [
                [
                    4.251927989979312,
                    5.119360514724492
                ],
                [
                    2.7434326367032122,
                    8.03507358680757
                ]
            ],
            "active_dims": [
                1,
                2
            ]
        },
        {
            "type": "Ramp",
            "coeff": [
                1.6106236211025575,
                1.8060583603080338
            ],
            "min_value": 0.013103888032365668,
            "max_value": 0.27945291314483794,
            "bounds": [
                [
                    2.869779612762352,
                    5.516086682896486
                ],
                [
                    6.251607225940517,
                    8.827477830929354
                ]
            ],
            "active_dims": [
                1,
                2
            ]
        },
        {
            "type": "Gaussian",
            "mean": [
                8.53314898935309,
                6.35287135942757,
                8.397457955861137
            ],
            "std_dev": [
                0.6797784897589322,
                0.6765738098228399,
                0.41115885150038456
            ],
            "max_amplitude": 0.3135517515478722,
            "active_dims": [
                0,
                1,
                2
            ]
        }
    ],
    "stats": {
        "energy": 124688193.78975305,
        "bandwidth": 160,
        "mean": 0.08469930339110593,
        "std": 0.1525368203648313,
        "pct_over_06": 0.017875,
        "pct_over_08": 0.004796875
    }
}