{
    "functions": [
        {
            "type": "Ramp",
            "coeff": [
                1.3308128145732612,
                0.5793631732127138,
                0.769312718740768
            ],
            "min_value": 0.044903534910070805,
            "max_value": 0.21286986392859228,
            "bounds": [
                [
                    4.224519763865342,
                    5.385970913324643
                ],
                [
                    0.7442684498646819,
                    7.088611289621138
                ],
                [
                    0.1325419279850496,
                    2.152068754038013
                ]
            ],
            "active_dims": [
                0,
                1,
                2
            ]
        },
        {
            "type": "Sinus",
            "amplitudes": [
                0.2904188527012284,
                0.10574455051925703,
                0.14232155417075426,
                0.09680809621943444
            ],
            "frequencies": [
                1.7237415730207921,
                1.4154913674367393,
                1.7935690935145896,
                0.1859298262483189
            ],
            "weight_vectors": [
                [
                    0.013828633773562915,
                    0.02946584330445312
                ],
                [
                    0.6850536259140481,
                    0.09032977234734507
                ],
                [
                    0.8629293547563577,
                    0.24076226685089286
                ],
                [
                    0.2395072652105683,
                    0.13715194461557412
                ]
            ],
            "phases": [
                0.1805776191314614,
                3.4922494688710644,
                2.641426484628196,
                4.109578293835194
            ],
            "offset": -0.07049232341303778,
            "bounds": [
                [
                    4.412143709564302,
                    5.884340142710425
                ],
                [
                    1.533595744840712,
                    3.149031046518268
                ]
            ],
            "minimum_value": 0.0,
            "active_dims": [
                1,
                2
            ]
        },
        {
            "type": "Ramp",
            "coeff": [
                1.7931678301417908
            ],
            "min_value": 0.1368149956942054,
            "max_value": 0.29508269789456426,
            "bounds": [
                [
                    0.9740989306083935,
                    3.9821806361662104
                ]
            ],
            "active_dims": [
                1
            ]
        },
        {
            "type": "Sinus",
            "amplitudes": [
                0.1206819015578736,
                0.21656356173013352
            ],
            "frequencies": [
                0.5094253938523009,
                0.9239483226432811
            ],
            "weight_vectors": [
                [
                    0.4812864438569181
                ],
                [
                    0.9972130782401838
                ]
            ],
            "phases": [
                4.01527260973347,
                2.161949886553919
            ],
            "offset": 0.13764853621460305,
            "bounds": [
                [
                    0.26575188925500254,
                    3.106623033883516
                ]
            ],
            "minimum_value": 0.0,
            "active_dims": [
                1
            ]
        },
        {
            "type": "Ramp",
            "coeff": [
                1.2031006110590976,
                0.16529821530240096
            ],
            "min_value": 0.10673126804592628,
            "max_value": 0.1591370093715906,
            "bounds": [
                [
                    4.138240303163263,
                    8.936579659591766
                ],
                [
                    2.972673774754615,
                    6.7536300749309355
                ]
            ],
            "active_dims": [
                0,
                1
            ]
        },
        {
            "type": "StaticHypercube",
            "dimensions": [
                [
                    7.344941774284935,
                    9.208657009337434
                ],
                [
                    9.019192559303372,
                    9.912842422841036
                ],
                [
                    1.5196591221365183,
                    2.9311334029685816
                ]
            ],
            "static_value": 0.14836801391497587,
            "active_dims": [
                0,
                1,
                2
            ]
        },
        {
            "type": "Ramp",
            "coeff": [
                1.9594721359196452,
                1.9563647975762388
            ],
            "min_value": 0.12153995059540025,
            "max_value": 0.2573379617328281,
            "bounds": [
                [
                    3.7018897180984145,
                    7.274475257254668
                ],
                [
                    3.7995844572019126,
                    5.783948117447812
                ]
            ],
            "active_dims": [
                1,
                2
            ]
        },
        {
            "type": "StaticHypercube",
            "dimensions": [
                [
                    5.8019847821179855,
                    8.039966942802799
                ],
                [
                    0.6581440427232337,
                    5.752716008265129
                ]
            ],
            "static_value": 0.2995152204120649,
            "active_dims": [
                0,
                2
            ]
        },
        {
            "type": "Gaussian",
            "mean": [
                8.718785952961815
            ],
            "std_dev": [
                2.5821020324819974
            ],
            "max_amplitude": 0.19277760636332933,
            "active_dims": [
                2
            ]
        }
    ],
    "stats": {
        "energy": 395665024.70559084,
        "bandwidth": 49,
        "mean": 0.24601457972998408,
        "std": 0.18993349620996997,
        "pct_over_06": 0.061140625,
        "pct_over_08": 0.01053125
    }
}