{
    "functions": [
        {
            "type": "Sinus",
            "amplitudes": [
                0.3559721420874402
            ],
            "frequencies": [
                0.8660013116933175
            ],
            "weight_vectors": [
                [
                    0.38957403284157877,
                    0.9749883582518912
                ]
            ],
            "phases": [
                1.3107983277029194
            ],
            "offset": -0.05072874652262025,
            "bounds": [
                [
                    2.739702987811668,
                    6.302039076367623
                ],
                [
                    2.039792993049119,
                    3.140442790300928
                ]
            ],
            "minimum_value": 0.0,
            "active_dims": [
                1,
                2
            ]
        },
        {
            "type": "Ramp",
            "coeff": [
                0.3403506592818071
            ],
            "min_value": 0.10266375507928355,
            "max_value": 0.295517189291136,
            "bounds": [
                [
                    6.666137147576662,
                    7.834384789422664
                ]
            ],
            "active_dims": [
                2
            ]
        },
        {
            "type": "Gaussian",
            "mean": [
                5.684504772346568
            ],
            "std_dev": [
                1.9689177068673713
            ],
            "max_amplitude": 0.28077259140478433,
            "active_dims": [
                1
            ]
        },
        {
            "type": "Sinus",
            "amplitudes": [
                0.0735729593601496,
                0.2104585863899869,
                0.1301523729434345,
                0.11012243256841991,
                0.21506769702050924
            ],
            "frequencies": [
                0.8308798283618593,
                0.5725266166132404,
                0.4498380136852659,
                1.4750555341973373,
                0.17257242069996298
            ],
            "weight_vectors": [
                [
                    0.6636995183544125
                ],
                [
                    0.18176624809321318
                ],
                [
                    0.8629975725546191
                ],
                [
                    0.45142895623599966
                ],
                [
                    0.6497297034464856
                ]
            ],
            "phases": [
                4.06183339335765,
                4.000251993985797,
                4.009255507167661,
                2.2080318911495875,
                3.712966765430675
            ],
            "offset": -0.01712035338521089,
            "bounds": [
                [
                    0.9714102002412976,
                    3.6103194101226697
                ]
            ],
            "minimum_value": 0.0,
            "active_dims": [
                2
            ]
        },
        {
            "type": "Ramp",
            "coeff": [
                0.11598217837658287,
                0.20136902769094722
            ],
            "min_value": 0.139134931099465,
            "max_value": 0.35476492361914597,
            "bounds": [
                [
                    5.321902440337684,
                    8.629437264635918
                ],
                [
                    2.6548603670773097,
                    7.671956083474303
                ]
            ],
            "active_dims": [
                0,
                1
            ]
        },
        {
            "type": "StaticHypercube",
            "dimensions": [
                [
                    5.959069908584458,
                    6.726555798168278
                ],
                [
                    0.17955242411687794,
                    3.8529752700205204
                ]
            ],
            "static_value": 0.2506484837830012,
            "active_dims": [
                1,
                2
            ]
        },
        {
            "type": "Gaussian",
            "mean": [
                7.962333583287907,
                5.1425488258742575
            ],
            "std_dev": [
                1.4934713731803704,
                1.806070604948258
            ],
            "max_amplitude": 0.22598186936202352,
            "active_dims": [
                0,
                2
            ]
        },
        {
            "type": "Gaussian",
            "mean": [
                3.181969699821945
            ],
            "std_dev": [
                0.3850377751275842
            ],
            "max_amplitude": 0.25506609595581814,
            "active_dims": [
                2
            ]
        },
        {
            "type": "Sinus",
            "amplitudes": [
                0.1736054652188531,
                0.17859825315831104,
                0.31955637988220553,
                0.223874000174027
            ],
            "frequencies": [
                0.49004672658176573,
                1.648105119678102,
                1.789307723870143,
                0.48260971759750126
            ],
            "weight_vectors": [
                [
                    0.64964819604546
                ],
                [
                    0.7818356180983117
                ],
                [
                    0.6608355027432775
                ],
                [
                    0.7771132478380259
                ]
            ],
            "phases": [
                6.0726099298641705,
                1.4105338564830765,
                0.4435714640886875,
                0.1976673068066123
            ],
            "offset": -0.15240709962121757,
            "bounds": [
                [
                    0.8230445586266643,
                    1.5203846852811607
                ]
            ],
            "minimum_value": 0.0,
            "active_dims": [
                2
            ]
        }
    ],
    "stats": {
        "energy": 465987317.46109307,
        "bandwidth": 40,
        "mean": 0.2708067995956484,
        "std": 0.20107240541602675,
        "pct_over_06": 0.074578125,
        "pct_over_08": 0.014734375
    }
}