{
    "functions": [
        {
            "type": "Ramp",
            "coeff": [
                1.6824526812490097,
                1.2724977524278966
            ],
            "min_value": 0.017992857895992524,
            "max_value": 0.22201212772356374,
            "bounds": [
                [
                    0.36695913650063855,
                    2.353296933922664
                ],
                [
                    4.162233452489023,
                    8.701523789264478
                ]
            ],
            "active_dims": [
                0,
                1
            ]
        },
        {
            "type": "StaticHypercube",
            "dimensions": [
                [
                    0.3843699019642237,
                    7.69581971067981
                ],
                [
                    5.663732983456317,
                    7.425824522326151
                ],
                [
                    3.4045639650568162,
                    8.055282237608889
                ]
            ],
            "static_value": 0.31416057602216363,
            "active_dims": [
                0,
                1,
                2
            ]
        },
        {
            "type": "Sinus",
            "amplitudes": [
                0.2793918753135207,
                0.17026878750740054,
                0.25904674063078675
            ],
            "frequencies": [
                1.648857660177218,
                0.8956122288525116,
                0.8468872316930134
            ],
            "weight_vectors": [
                [
                    0.672167649333937,
                    0.9792219292181855
                ],
                [
                    0.09229881235198911,
                    0.21073055953767872
                ],
                [
                    0.16146960349416506,
                    0.4141220218969204
                ]
            ],
            "phases": [
                2.7221052073207512,
                5.285223322730852,
                0.7391873729756652
            ],
            "offset": 0.04130360855542186,
            "bounds": [
                [
                    5.252608954887742,
                    7.385108549756219
                ],
                [
                    2.5318209682180886,
                    3.7894771938666976
                ]
            ],
            "minimum_value": 0.0,
            "active_dims": [
                1,
                2
            ]
        },
        {
            "type": "Ramp",
            "coeff": [
                0.65610578420661,
                1.4782707179330221
            ],
            "min_value": 0.14932736590986811,
            "max_value": 0.42445680575696715,
            "bounds": [
                [
                    3.7539091163516316,
                    5.627414969904769
                ],
                [
                    4.813142433895436,
                    8.7330138251241
                ]
            ],
            "active_dims": [
                0,
                2
            ]
        },
        {
            "type": "StaticHypercube",
            "dimensions": [
                [
                    7.278671513867048,
                    8.611735197126189
                ]
            ],
            "static_value": 0.11920049644849458,
            "active_dims": [
                2
            ]
        },
        {
            "type": "StaticHypercube",
            "dimensions": [
                [
                    0.27391219846568376,
                    2.0459412691306196
                ],
                [
                    1.8980210984230155,
                    3.586665617903275
                ],
                [
                    3.8590660666427823,
                    8.199862669621034
                ]
            ],
            "static_value": 0.10479449326404572,
            "active_dims": [
                0,
                1,
                2
            ]
        },
        {
            "type": "Gaussian",
            "mean": [
                7.092010422104939,
                6.02238685339456
            ],
            "std_dev": [
                3.0045697697132647,
                2.883427061364763
            ],
            "max_amplitude": 0.43674236421660545,
            "active_dims": [
                0,
                2
            ]
        },
        {
            "type": "Gaussian",
            "mean": [
                1.3031119838134375
            ],
            "std_dev": [
                1.143768227296177
            ],
            "max_amplitude": 0.14774303220705323,
            "active_dims": [
                0
            ]
        },
        {
            "type": "Ramp",
            "coeff": [
                0.8958345187004508,
                0.6204472418647333,
                0.28645790230556045
            ],
            "min_value": 0.13962659590739976,
            "max_value": 0.3522856703679393,
            "bounds": [
                [
                    2.398797331891559,
                    9.030000892279594
                ],
                [
                    8.041855925423187,
                    9.600647380140648
                ],
                [
                    0.9763785838115211,
                    2.2214850157005346
                ]
            ],
            "active_dims": [
                0,
                1,
                2
            ]
        }
    ],
    "stats": {
        "energy": 435582928.34656036,
        "bandwidth": 67,
        "mean": 0.2769366547320264,
        "std": 0.17219052712531507,
        "pct_over_06": 0.060421875,
        "pct_over_08": 0.01071875
    }
}