{
    "functions": [
        {
            "type": "Gaussian",
            "mean": [
                9.466113011789878,
                2.0155193876291655
            ],
            "std_dev": [
                0.11247232235910698,
                0.7168978533510781
            ],
            "max_amplitude": 0.26570966660685685,
            "active_dims": [
                0,
                2
            ]
        },
        {
            "type": "Sinus",
            "amplitudes": [
                0.18698613378039033,
                0.20417730347211785,
                0.3317885294369736
            ],
            "frequencies": [
                1.7089665063731705,
                1.8060075526058819,
                0.363455538692798
            ],
            "weight_vectors": [
                [
                    0.2737586769229001,
                    0.10832087059857531
                ],
                [
                    0.7863921580085023,
                    0.6643444625792714
                ],
                [
                    0.36961865983549425,
                    0.7426097168125257
                ]
            ],
            "phases": [
                3.5220879984128612,
                3.7089547821894633,
                6.086836601816336
            ],
            "offset": -0.10278799014730379,
            "bounds": [
                [
                    8.413970217639893,
                    9.122809215209339
                ],
                [
                    5.746456748301977,
                    9.23216572330318
                ]
            ],
            "minimum_value": 0.0,
            "active_dims": [
                0,
                1
            ]
        },
        {
            "type": "Sinus",
            "amplitudes": [
                0.1154280136625358,
                0.16028146595777384,
                0.18044621927896454,
                0.27530248483455
            ],
            "frequencies": [
                0.7543390933711562,
                1.9174733118412801,
                1.881583235619799,
                1.6262218636680583
            ],
            "weight_vectors": [
                [
                    0.4196832590318147
                ],
                [
                    0.5530968090739424
                ],
                [
                    0.5651655146537412
                ],
                [
                    0.40016493522099184
                ]
            ],
            "phases": [
                2.403727446162902,
                3.753495217580886,
                3.5406912978693748,
                4.7064890120509935
            ],
            "offset": -0.01565124861795362,
            "bounds": [
                [
                    4.357525172918808,
                    4.696687318204687
                ]
            ],
            "minimum_value": 0.0,
            "active_dims": [
                2
            ]
        },
        {
            "type": "Sinus",
            "amplitudes": [
                0.269392775172527,
                0.1276165912147922,
                0.23833554131268322
            ],
            "frequencies": [
                1.919413046382223,
                0.6535469248993337,
                0.152471076602711
            ],
            "weight_vectors": [
                [
                    0.23100899407043007,
                    0.48582038865189636
                ],
                [
                    0.33532138479375784,
                    0.7411195186103754
                ],
                [
                    0.5884913613898535,
                    0.7655504186540125
                ]
            ],
            "phases": [
                3.289277028840794,
                4.550405231848897,
                4.206083405970113
            ],
            "offset": -0.16177219201823623,
            "bounds": [
                [
                    7.818809649552347,
                    8.859236654789688
                ],
                [
                    3.833748789936875,
                    8.300878979852012
                ]
            ],
            "minimum_value": 0.0,
            "active_dims": [
                0,
                2
            ]
        },
        {
            "type": "Ramp",
            "coeff": [
                1.2232685559327434
            ],
            "min_value": 0.17913190626422115,
            "max_value": 0.26570279419560244,
            "bounds": [
                [
                    7.991099992311058,
                    8.954066998712818
                ]
            ],
            "active_dims": [
                1
            ]
        },
        {
            "type": "StaticHypercube",
            "dimensions": [
                [
                    5.011097249934736,
                    9.17510982876809
                ]
            ],
            "static_value": 0.1604776190038858,
            "active_dims": [
                1
            ]
        },
        {
            "type": "StaticHypercube",
            "dimensions": [
                [
                    4.7983129927874595,
                    6.901330342876905
                ]
            ],
            "static_value": 0.03906685794020348,
            "active_dims": [
                0
            ]
        },
        {
            "type": "Sinus",
            "amplitudes": [
                0.26696165439676406,
                0.28274125293640906,
                0.24440053357000183,
                0.18880584575102674,
                0.19475774101695387
            ],
            "frequencies": [
                0.9483360865774991,
                1.7414149829305392,
                0.3485824477862445,
                1.2421995628262228,
                1.0476763012455843
            ],
            "weight_vectors": [
                [
                    0.3902362875343395
                ],
                [
                    0.15742559711103443
                ],
                [
                    0.7063334964454551
                ],
                [
                    0.26693447186606567
                ],
                [
                    0.8905036754321384
                ]
            ],
            "phases": [
                2.1523209625469675,
                4.132125549891968,
                0.8133647461647726,
                5.465568938693563,
                0.17562518759468554
            ],
            "offset": 0.16561112098263947,
            "bounds": [
                [
                    4.855374680976698,
                    8.358588318100562
                ]
            ],
            "minimum_value": 0.0,
            "active_dims": [
                0
            ]
        },
        {
            "type": "Gaussian",
            "mean": [
                2.909310150562372
            ],
            "std_dev": [
                3.0391949540967427
            ],
            "max_amplitude": 0.18330962808376264,
            "active_dims": [
                2
            ]
        }
    ],
    "stats": {
        "energy": 464076267.8487969,
        "bandwidth": 17,
        "mean": 0.26792361726860237,
        "std": 0.203756730907178,
        "pct_over_06": 0.09590625,
        "pct_over_08": 0.007296875
    }
}