{
    "functions": [
        {
            "type": "Sinus",
            "amplitudes": [
                0.08023709865049854,
                0.44480877679784353,
                0.2798631290827907
            ],
            "frequencies": [
                1.73578867749169,
                0.8669640323974599,
                1.4538889392972856
            ],
            "weight_vectors": [
                [
                    0.842915702943943
                ],
                [
                    0.8769724045278171
                ],
                [
                    0.3306332371666293
                ]
            ],
            "phases": [
                0.905537538101585,
                1.7896818170602131,
                4.832794475885296
            ],
            "offset": -0.23417916124286164,
            "bounds": [
                [
                    0.4783301415062503,
                    4.484557685922765
                ]
            ],
            "minimum_value": 0.0,
            "active_dims": [
                0
            ]
        },
        {
            "type": "Ramp",
            "coeff": [
                1.642812635395562,
                0.3102984942017124
            ],
            "min_value": 0.15672753586189023,
            "max_value": 0.16514748428275586,
            "bounds": [
                [
                    4.954934451180069,
                    7.047071400793719
                ],
                [
                    3.2620569183794506,
                    4.275547692108031
                ]
            ],
            "active_dims": [
                0,
                1
            ]
        },
        {
            "type": "Sinus",
            "amplitudes": [
                0.4827523464486308,
                0.30348549499322275
            ],
            "frequencies": [
                1.8963512314127497,
                0.8320810977672769
            ],
            "weight_vectors": [
                [
                    0.5090970855225259
                ],
                [
                    0.48157799646438604
                ]
            ],
            "phases": [
                3.6092696065973016,
                1.1190358216425549
            ],
            "offset": -0.009805950497678339,
            "bounds": [
                [
                    3.8654460590848814,
                    5.812668009579823
                ]
            ],
            "minimum_value": 0.0,
            "active_dims": [
                2
            ]
        },
        {
            "type": "StaticHypercube",
            "dimensions": [
                [
                    2.711041996117388,
                    4.086956801956395
                ],
                [
                    2.962368730565951,
                    6.715358240908028
                ]
            ],
            "static_value": 0.046185508078252425,
            "active_dims": [
                1,
                2
            ]
        },
        {
            "type": "StaticHypercube",
            "dimensions": [
                [
                    5.821851760792946,
                    6.662165213541387
                ]
            ],
            "static_value": 0.2806366597359802,
            "active_dims": [
                0
            ]
        },
        {
            "type": "Gaussian",
            "mean": [
                3.7451742676384203,
                8.840023360892978
            ],
            "std_dev": [
                2.9955694991127864,
                3.0373959640683057
            ],
            "max_amplitude": 0.26695738979538974,
            "active_dims": [
                1,
                2
            ]
        },
        {
            "type": "Ramp",
            "coeff": [
                1.7409633500483996
            ],
            "min_value": 0.0548829408381464,
            "max_value": 0.11157751376390246,
            "bounds": [
                [
                    1.9729261416393502,
                    4.851157146027198
                ]
            ],
            "active_dims": [
                0
            ]
        },
        {
            "type": "Ramp",
            "coeff": [
                1.9791036112963452,
                1.9783741971550028,
                1.3080969072594089
            ],
            "min_value": 0.0786332862194473,
            "max_value": 0.2984022714933396,
            "bounds": [
                [
                    5.73888812731453,
                    6.595044016780258
                ],
                [
                    4.998584673524233,
                    8.168076438415074
                ],
                [
                    1.8928608122576485,
                    5.970009729621276
                ]
            ],
            "active_dims": [
                0,
                1,
                2
            ]
        },
        {
            "type": "Sinus",
            "amplitudes": [
                0.35978688357693417,
                0.33983740973526155,
                0.2790423365871107
            ],
            "frequencies": [
                1.3163634828275583,
                0.7006623714473055,
                1.1880885330410795
            ],
            "weight_vectors": [
                [
                    0.516858510851417,
                    0.38127714265111723
                ],
                [
                    0.3640466672504393,
                    0.37229607733716163
                ],
                [
                    0.9628236373870719,
                    0.8449991971784255
                ]
            ],
            "phases": [
                1.9735394765513903,
                2.6209067345367063,
                5.515942829591174
            ],
            "offset": 0.2437749046092784,
            "bounds": [
                [
                    4.601652516424917,
                    9.287065176611165
                ],
                [
                    2.309434618449583,
                    2.5464084094667303
                ]
            ],
            "minimum_value": 0.0,
            "active_dims": [
                0,
                1
            ]
        }
    ],
    "stats": {
        "energy": 194783165.39168164,
        "bandwidth": 67,
        "mean": 0.1580239046956038,
        "std": 0.15027617669796586,
        "pct_over_06": 0.021171875,
        "pct_over_08": 0.000375
    }
}