{
    "functions": [
        {
            "type": "Sinus",
            "amplitudes": [
                0.28023392698243055,
                0.18926280372849605,
                0.12666039882137956,
                0.3831810616421406
            ],
            "frequencies": [
                1.3095897580490243,
                1.3712943922618106,
                0.7227945621042121,
                0.6570757589614682
            ],
            "weight_vectors": [
                [
                    0.03456582474840897,
                    0.41959684418730436
                ],
                [
                    0.6346140422389321,
                    0.19256016016088873
                ],
                [
                    0.5244219588636325,
                    0.3771923232898462
                ],
                [
                    0.6100268288686053,
                    0.7689321091913651
                ]
            ],
            "phases": [
                0.5297290809542828,
                3.1135971345081863,
                2.206670710030565,
                6.17726996982308
            ],
            "offset": -0.09914515833445794,
            "bounds": [
                [
                    4.273028374078461,
                    6.652940883234415
                ],
                [
                    5.571303936703224,
                    9.459981754517177
                ]
            ],
            "minimum_value": 0.0,
            "active_dims": [
                1,
                2
            ]
        },
        {
            "type": "Gaussian",
            "mean": [
                1.2480584061278799,
                1.0808303488886195
            ],
            "std_dev": [
                3.6567130080420687,
                3.7887050151796764
            ],
            "max_amplitude": 0.12246951006450764,
            "active_dims": [
                1,
                2
            ]
        },
        {
            "type": "Gaussian",
            "mean": [
                0.9749583378847304,
                6.126354301986821
            ],
            "std_dev": [
                3.577552782913243,
                3.5261801123273195
            ],
            "max_amplitude": 0.3938044884303556,
            "active_dims": [
                0,
                2
            ]
        },
        {
            "type": "Sinus",
            "amplitudes": [
                0.25807091946600913,
                0.4162184675861009,
                0.11974266065250445,
                0.307022123705876,
                0.14918814533430982
            ],
            "frequencies": [
                1.349074162764908,
                0.9913244896220593,
                1.2549748039772692,
                0.28582555278929456,
                1.5883750635980143
            ],
            "weight_vectors": [
                [
                    0.8167843768585492,
                    0.1882620505216136,
                    0.3306530052040044
                ],
                [
                    0.5120376716356358,
                    0.3177655267449291,
                    0.9509940440191321
                ],
                [
                    0.019274379679239062,
                    0.6768149013552288,
                    0.4957353994241839
                ],
                [
                    0.5433855954103316,
                    0.8862735749998069,
                    0.6528566460720142
                ],
                [
                    0.9759192296908477,
                    0.12127547154290452,
                    0.6800919627499976
                ]
            ],
            "phases": [
                0.7283347784026025,
                3.9846728656012425,
                0.9526218111898435,
                2.8713440804658807,
                5.923191538272055
            ],
            "offset": -0.09571685061060224,
            "bounds": [
                [
                    0.996310180014355,
                    2.2397736138099313
                ],
                [
                    2.2430262288104146,
                    2.623571198385211
                ],
                [
                    2.181976541011038,
                    4.469433162170239
                ]
            ],
            "minimum_value": 0.0,
            "active_dims": [
                0,
                1,
                2
            ]
        },
        {
            "type": "Ramp",
            "coeff": [
                1.2999512959821597,
                1.8308893208179569,
                0.6583673932247724
            ],
            "min_value": 0.14357249269892358,
            "max_value": 0.16895164930840745,
            "bounds": [
                [
                    5.788730423254307,
                    9.638126616618262
                ],
                [
                    0.7251603260221127,
                    1.4868928073670429
                ],
                [
                    4.884932155987351,
                    9.53834332139326
                ]
            ],
            "active_dims": [
                0,
                1,
                2
            ]
        },
        {
            "type": "Gaussian",
            "mean": [
                8.156093007464829
            ],
            "std_dev": [
                1.0966438549524593
            ],
            "max_amplitude": 0.1171187819258436,
            "active_dims": [
                2
            ]
        },
        {
            "type": "Sinus",
            "amplitudes": [
                0.20976597692801305,
                0.3842397453124098
            ],
            "frequencies": [
                0.2552033430851787,
                1.6772438271443657
            ],
            "weight_vectors": [
                [
                    0.7039770819136446,
                    0.9046134908886422,
                    0.7918233366281247
                ],
                [
                    0.726614325723047,
                    0.09581237376079998,
                    0.6425257935185987
                ]
            ],
            "phases": [
                4.893139274521613,
                3.410633331063707
            ],
            "offset": 0.01865732025527093,
            "bounds": [
                [
                    2.4164257609852573,
                    4.755143939493714
                ],
                [
                    5.738409647795086,
                    7.771391036546553
                ],
                [
                    1.7402752853965562,
                    5.790285065620578
                ]
            ],
            "minimum_value": 0.0,
            "active_dims": [
                0,
                1,
                2
            ]
        },
        {
            "type": "Sinus",
            "amplitudes": [
                0.2749312571684734
            ],
            "frequencies": [
                1.9133717258564025
            ],
            "weight_vectors": [
                [
                    0.6601703554459503,
                    0.20428415590231297
                ]
            ],
            "phases": [
                5.540613170340374
            ],
            "offset": -0.11335426201076759,
            "bounds": [
                [
                    3.4683401297140426,
                    7.461457056733946
                ],
                [
                    4.076814866904672,
                    7.181144122911629
                ]
            ],
            "minimum_value": 0.0,
            "active_dims": [
                1,
                2
            ]
        },
        {
            "type": "Gaussian",
            "mean": [
                3.2635956111544404,
                2.1614780916912633,
                9.102708345325896
            ],