{
    "functions": [
        {
            "type": "Sinus",
            "amplitudes": [
                0.21344153380391612,
                0.3594881702118626,
                0.4637698536617824
            ],
            "frequencies": [
                0.6578458353851145,
                1.0308249198601742,
                0.4549355473191897
            ],
            "weight_vectors": [
                [
                    0.9331333184260726,
                    0.31041421681703807
                ],
                [
                    0.48133055916440937,
                    0.3827843304864541
                ],
                [
                    0.8742492074886881,
                    0.36350471749017466
                ]
            ],
            "phases": [
                3.079471273006298,
                0.901547997543516,
                5.810756232968189
            ],
            "offset": -0.21951315613989353,
            "bounds": [
                [
                    6.919359603058732,
                    8.555620374470532
                ],
                [
                    4.108372067683039,
                    7.646153611546492
                ]
            ],
            "minimum_value": 0.0,
            "active_dims": [
                1,
                2
            ]
        },
        {
            "type": "Gaussian",
            "mean": [
                8.922872587322413,
                6.398388721888589
            ],
            "std_dev": [
                3.100423205745866,
                0.7949538113780252
            ],
            "max_amplitude": 0.43418685513742206,
            "active_dims": [
                1,
                2
            ]
        },
        {
            "type": "Sinus",
            "amplitudes": [
                0.6730596316618167,
                0.760356924724351,
                0.20926104614085866,
                0.5341149862882836
            ],
            "frequencies": [
                1.305027712071415,
                0.1659511395988023,
                0.47400615055346573,
                0.3225045527869467
            ],
            "weight_vectors": [
                [
                    0.9817632271577538,
                    0.28586453498929176
                ],
                [
                    0.9795898385852042,
                    0.924292225428429
                ],
                [
                    0.631067153791332,
                    0.11923773362509449
                ],
                [
                    0.8558422388809054,
                    0.7826232552109854
                ]
            ],
            "phases": [
                4.5460775454249625,
                3.56188617374411,
                2.653438201864652,
                1.471009196613995
            ],
            "offset": -0.4860926954925353,
            "bounds": [
                [
                    4.594169960372285,
                    6.856149600743839
                ],
                [
                    0.6783995239335631,
                    2.8372850913931997
                ]
            ],
            "minimum_value": 0.0,
            "active_dims": [
                0,
                1
            ]
        },
        {
            "type": "Gaussian",
            "mean": [
                4.894235712831572,
                9.653973621672966
            ],
            "std_dev": [
                3.86386082483534,
                1.6816276241471186
            ],
            "max_amplitude": 0.41393504402640235,
            "active_dims": [
                1,
                2
            ]
        },
        {
            "type": "StaticHypercube",
            "dimensions": [
                [
                    4.200701572907006,
                    6.273570553733544
                ]
            ],
            "static_value": 0.2433679947851148,
            "active_dims": [
                1
            ]
        },
        {
            "type": "Gaussian",
            "mean": [
                0.7184559181548933
            ],
            "std_dev": [
                0.2842865582856273
            ],
            "max_amplitude": 0.4978068443949715,
            "active_dims": [
                2
            ]
        },
        {
            "type": "StaticHypercube",
            "dimensions": [
                [
                    4.226788260848681,
                    4.847717928400111
                ],
                [
                    2.931547183294415,
                    8.328270970073707
                ]
            ],
            "static_value": 0.2605177398776562,
            "active_dims": [
                0,
                1
            ]
        },
        {
            "type": "StaticHypercube",
            "dimensions": [
                [
                    2.2473447565225033,
                    3.162074116959017
                ],
                [
                    2.147150753371738,
                    6.1944240353025695
                ]
            ],
            "static_value": 0.10096679737516351,
            "active_dims": [
                0,
                2
            ]
        },
        {
            "type": "Gaussian",
            "mean": [
                1.2242373256701367,
                5.572554780197763
            ],
            "std_dev": [
                0.8443730956402855,
                3.2556208806890834
            ],
            "max_amplitude": 0.4216127540368572,
            "active_dims": [
                0,
                2
            ]
        }
    ],
    "stats": {
        "energy": 481786177.49401045,
        "bandwidth": 37,
        "mean": 0.2761775510717278,
        "std": 0.2033458599868014,
        "pct_over_06": 0.06415625,
        "pct_over_08": 0.009546875
    }
}