{
    "functions": [
        {
            "type": "Gaussian",
            "mean": [
                9.903267586688159
            ],
            "std_dev": [
                3.968106897542041
            ],
            "max_amplitude": 0.1340196604106162,
            "active_dims": [
                2
            ]
        },
        {
            "type": "Sinus",
            "amplitudes": [
                0.11640845579981339,
                0.13599066396409865,
                0.18712174460349962
            ],
            "frequencies": [
                0.22552486221786572,
                1.5634547801336125,
                1.4794492397450814
            ],
            "weight_vectors": [
                [
                    0.17217665696100215
                ],
                [
                    0.8533070120376495
                ],
                [
                    0.43841284272976344
                ]
            ],
            "phases": [
                4.741468771098526,
                4.148820999656843,
                1.5241097503281587
            ],
            "offset": 0.0650164958139725,
            "bounds": [
                [
                    0.2592715901144875,
                    2.9011469168097808
                ]
            ],
            "minimum_value": 0.0,
            "active_dims": [
                0
            ]
        },
        {
            "type": "Sinus",
            "amplitudes": [
                0.0688357232332766,
                0.20164369685514572,
                0.25617074786072574,
                0.13544540024943,
                0.31026880070200635
            ],
            "frequencies": [
                0.2570868866296262,
                0.7761383420118843,
                1.6470686059478556,
                1.5266528530055987,
                0.7803263054086029
            ],
            "weight_vectors": [
                [
                    0.9915568207521734
                ],
                [
                    0.5441032394625924
                ],
                [
                    0.9306579384032618
                ],
                [
                    0.9899913856863385
                ],
                [
                    0.5623020997534831
                ]
            ],
            "phases": [
                4.990404599172729,
                6.21563792330114,
                1.4165109529261941,
                0.6416481466696707,
                0.48790526616975227
            ],
            "offset": 0.03489205875981884,
            "bounds": [
                [
                    2.889939586569122,
                    7.555007188559233
                ]
            ],
            "minimum_value": 0.0,
            "active_dims": [
                2
            ]
        },
        {
            "type": "StaticHypercube",
            "dimensions": [
                [
                    3.3654048618972134,
                    5.897567962294257
                ]
            ],
            "static_value": 0.07069571399609477,
            "active_dims": [
                1
            ]
        },
        {
            "type": "Ramp",
            "coeff": [
                1.77430761810864
            ],
            "min_value": 0.05295444920955243,
            "max_value": 0.1698375576012591,
            "bounds": [
                [
                    4.260919101213135,
                    9.316585043006498
                ]
            ],
            "active_dims": [
                2
            ]
        },
        {
            "type": "Gaussian",
            "mean": [
                0.12804831294110364,
                6.812139444379369,
                2.4196169682762605
            ],
            "std_dev": [
                3.210631610516881,
                2.0028738799752794,
                1.5832935008607698
            ],
            "max_amplitude": 0.11001888485039696,
            "active_dims": [
                0,
                1,
                2
            ]
        },
        {
            "type": "Gaussian",
            "mean": [
                1.5579706749409428,
                6.631425325367335,
                0.7516435276845013
            ],
            "std_dev": [
                0.9638479343233815,
                0.8016782936931255,
                1.7046410796590112
            ],
            "max_amplitude": 0.17189687560004774,
            "active_dims": [
                0,
                1,
                2
            ]
        },
        {
            "type": "Gaussian",
            "mean": [
                2.777126209101992,
                8.766953388349338
            ],
            "std_dev": [
                2.3010271003470244,
                2.3196820236588787
            ],
            "max_amplitude": 0.18520689178186547,
            "active_dims": [
                1,
                2
            ]
        },
        {
            "type": "StaticHypercube",
            "dimensions": [
                [
                    8.862565991918537,
                    9.79828644631265
                ],
                [
                    1.5998683922119357,
                    6.9503218350552425
                ]
            ],
            "static_value": 0.15242520360648504,
            "active_dims": [
                0,
                2
            ]
        }
    ],
    "stats": {
        "energy": 613432093.2617388,
        "bandwidth": 31,
        "mean": 0.32062894267627273,
        "std": 0.2167043510460153,
        "pct_over_06": 0.10175,
        "pct_over_08": 0.048140625
    }
}