{
    "functions": [
        {
            "type": "StaticHypercube",
            "dimensions": [
                [
                    3.4702871511050324,
                    8.457212368613549
                ]
            ],
            "static_value": 0.15157399120738485,
            "active_dims": [
                0
            ]
        },
        {
            "type": "Sinus",
            "amplitudes": [
                0.2323216517005046,
                0.1183181426780844,
                0.13092026586617778,
                0.23570894983207044,
                0.0434636407070807
            ],
            "frequencies": [
                1.3718447828977696,
                1.5841170965061704,
                0.8717636490349941,
                1.9724257586657958,
                1.0581220368852933
            ],
            "weight_vectors": [
                [
                    0.9956775609909826,
                    0.8922826779474675
                ],
                [
                    0.15615948839185523,
                    0.7581951135291906
                ],
                [
                    0.1585302039578279,
                    0.2485374530777117
                ],
                [
                    0.3872166865471609,
                    0.7616193638370451
                ],
                [
                    0.9007112142274102,
                    0.06825652513189695
                ]
            ],
            "phases": [
                0.8898739739864993,
                3.417625944161563,
                6.025631683046718,
                5.290294221894144,
                2.140292151177441
            ],
            "offset": -0.013899418915608443,
            "bounds": [
                [
                    0.6191995298892243,
                    1.5555454301724605
                ],
                [
                    6.488039886563055,
                    9.253000261415254
                ]
            ],
            "minimum_value": 0.0,
            "active_dims": [
                0,
                1
            ]
        },
        {
            "type": "Gaussian",
            "mean": [
                3.9062334625870774
            ],
            "std_dev": [
                3.271078235300382
            ],
            "max_amplitude": 0.12047969485522347,
            "active_dims": [
                2
            ]
        },
        {
            "type": "Gaussian",
            "mean": [
                1.8441344288522532,
                6.998287256284893
            ],
            "std_dev": [
                3.599832703891709,
                3.841401741341854
            ],
            "max_amplitude": 0.13899627102644718,
            "active_dims": [
                1,
                2
            ]
        },
        {
            "type": "StaticHypercube",
            "dimensions": [
                [
                    4.803460571539086,
                    8.040051423573379
                ]
            ],
            "static_value": 0.1663540455627869,
            "active_dims": [
                1
            ]
        },
        {
            "type": "Ramp",
            "coeff": [
                0.5194380635711129,
                1.102599443902876
            ],
            "min_value": 0.0045693919237281095,
            "max_value": 0.04443410959694464,
            "bounds": [
                [
                    8.053202813592073,
                    9.478682200076896
                ],
                [
                    6.167840774369903,
                    7.561458813003975
                ]
            ],
            "active_dims": [
                1,
                2
            ]
        },
        {
            "type": "Gaussian",
            "mean": [
                5.771648021256509
            ],
            "std_dev": [
                2.4599166317671086
            ],
            "max_amplitude": 0.18812482617253154,
            "active_dims": [
                1
            ]
        },
        {
            "type": "Gaussian",
            "mean": [
                7.883493967668037,
                3.8347584901553478
            ],
            "std_dev": [
                2.0220298268363766,
                2.1613518233101976
            ],
            "max_amplitude": 0.2081065512703212,
            "active_dims": [
                0,
                1
            ]
        },
        {
            "type": "StaticHypercube",
            "dimensions": [
                [
                    6.944697941856402,
                    7.9810810309989595
                ],
                [
                    5.970171480059748,
                    7.606880251613623
                ],
                [
                    4.23210024208155,
                    4.775151553293411
                ]
            ],
            "static_value": 0.20297685532791762,
            "active_dims": [
                0,
                1,
                2
            ]
        }
    ],
    "stats": {
        "energy": 905453162.9517033,
        "bandwidth": 4,
        "mean": 0.4286471383509727,
        "std": 0.19318263869917937,
        "pct_over_06": 0.2190625,
        "pct_over_08": 0.0334375
    }
}