{
    "functions": [
        {
            "type": "Gaussian",
            "mean": [
                6.784159418504096,
                6.7579686114647695
            ],
            "std_dev": [
                2.304468937663409,
                3.2381097975069317
            ],
            "max_amplitude": 0.2264828581377611,
            "active_dims": [
                0,
                1
            ]
        },
        {
            "type": "Gaussian",
            "mean": [
                1.2352225029283737,
                8.218201463496865,
                7.537420355398046
            ],
            "std_dev": [
                1.7242941980729758,
                3.3935184375429746,
                1.2328946114553008
            ],
            "max_amplitude": 0.4829317889757003,
            "active_dims": [
                0,
                1,
                2
            ]
        },
        {
            "type": "Sinus",
            "amplitudes": [
                0.16027944159175728,
                0.2628440626003872
            ],
            "frequencies": [
                0.37034095265852884,
                1.3722418926174627
            ],
            "weight_vectors": [
                [
                    0.020474531712893262,
                    0.0644326408537077
                ],
                [
                    0.2572067535967095,
                    0.8474361274888697
                ]
            ],
            "phases": [
                6.241076675905155,
                2.5431233129843354
            ],
            "offset": -0.01076723680065154,
            "bounds": [
                [
                    4.0848230618366,
                    8.138220739942845
                ],
                [
                    2.883051796666619,
                    6.053150363488739
                ]
            ],
            "minimum_value": 0.0,
            "active_dims": [
                0,
                2
            ]
        },
        {
            "type": "Sinus",
            "amplitudes": [
                0.14807621231077367
            ],
            "frequencies": [
                1.3003102885449163
            ],
            "weight_vectors": [
                [
                    0.9699121930755629,
                    0.33176500809100573
                ]
            ],
            "phases": [
                2.6521185903146027
            ],
            "offset": -0.0681641904412893,
            "bounds": [
                [
                    1.9327471340260705,
                    4.433094330088562
                ],
                [
                    3.92649412428184,
                    8.672195873332026
                ]
            ],
            "minimum_value": 0.0,
            "active_dims": [
                0,
                2
            ]
        },
        {
            "type": "Ramp",
            "coeff": [
                0.7015024975944033,
                0.5749571554401531
            ],
            "min_value": 0.02081154947852933,
            "max_value": 0.281462979079395,
            "bounds": [
                [
                    7.61440293687997,
                    9.510078528281952
                ],
                [
                    1.8106705503277867,
                    4.105901188874073
                ]
            ],
            "active_dims": [
                0,
                2
            ]
        },
        {
            "type": "Gaussian",
            "mean": [
                8.031610858935363,
                6.870957926285301
            ],
            "std_dev": [
                3.1631631687378796,
                1.7983115883561103
            ],
            "max_amplitude": 0.23955309455992913,
            "active_dims": [
                0,
                1
            ]
        },
        {
            "type": "Gaussian",
            "mean": [
                0.7660708626444812,
                6.696157519828172
            ],
            "std_dev": [
                3.7355404154189316,
                2.712849997890051
            ],
            "max_amplitude": 0.32532058484347254,
            "active_dims": [
                1,
                2
            ]
        },
        {
            "type": "Gaussian",
            "mean": [
                6.157960916713275
            ],
            "std_dev": [
                1.1478108224495287
            ],
            "max_amplitude": 0.22551334467607978,
            "active_dims": [
                0
            ]
        },
        {
            "type": "Sinus",
            "amplitudes": [
                0.16300143260578637
            ],
            "frequencies": [
                0.8221207107221196
            ],
            "weight_vectors": [
                [
                    0.1528058792796455,
                    0.015683582735797508,
                    0.5947590179890838
                ]
            ],
            "phases": [
                5.323501698181177
            ],
            "offset": 0.24442214151019576,
            "bounds": [
                [
                    1.308114495306248,
                    4.633528677676959
                ],
                [
                    8.385778380924707,
                    8.899403346320762
                ],
                [
                    1.1597045944547084,
                    4.9033613261790965
                ]
            ],
            "minimum_value": 0.0,
            "active_dims": [
                0,
                1,
                2
            ]
        }
    ],
    "stats": {
        "energy": 659740454.0255382,
        "bandwidth": 10,
        "mean": 0.35329156654733734,
        "std": 0.1904061863230998,
        "pct_over_06": 0.108390625,
        "pct_over_08": 0.014421875
    }
}