{
    "functions": [
        {
            "type": "Sinus",
            "amplitudes": [
                0.5078024862817003,
                0.20579603793562168,
                0.22531904275578737,
                0.26590295404329495
            ],
            "frequencies": [
                1.1066944474575116,
                1.2067340571875973,
                0.19919609726471513,
                1.393490385240673
            ],
            "weight_vectors": [
                [
                    0.7788401784212254
                ],
                [
                    0.2786393555164809
                ],
                [
                    0.1733041663534901
                ],
                [
                    0.09176086861512223
                ]
            ],
            "phases": [
                0.4906940876239109,
                3.2317356156599666,
                1.140974422944986,
                1.2200415263202626
            ],
            "offset": -0.16006076326627958,
            "bounds": [
                [
                    5.277559642361433,
                    5.976862230449905
                ]
            ],
            "minimum_value": 0.0,
            "active_dims": [
                0
            ]
        },
        {
            "type": "Gaussian",
            "mean": [
                6.042423182148892,
                4.594897977337445
            ],
            "std_dev": [
                2.594323948821743,
                3.464912746835398
            ],
            "max_amplitude": 0.31633989311958965,
            "active_dims": [
                0,
                1
            ]
        },
        {
            "type": "StaticHypercube",
            "dimensions": [
                [
                    6.759095008316079,
                    7.816143874917381
                ],
                [
                    5.392686619823059,
                    6.495398507599189
                ]
            ],
            "static_value": 0.13669309087431486,
            "active_dims": [
                0,
                1
            ]
        },
        {
            "type": "StaticHypercube",
            "dimensions": [
                [
                    0.16275765995680697,
                    2.253876965231774
                ],
                [
                    2.3751490367943275,
                    5.068427141963189
                ],
                [
                    1.8075776177467198,
                    2.898103939147684
                ]
            ],
            "static_value": 0.14215500978580461,
            "active_dims": [
                0,
                1,
                2
            ]
        },
        {
            "type": "StaticHypercube",
            "dimensions": [
                [
                    0.5457955617022753,
                    3.6769318518881535
                ],
                [
                    2.7524529184036717,
                    8.64642609889235
                ],
                [
                    0.698772707609404,
                    3.263494760915751
                ]
            ],
            "static_value": 0.2430467146413801,
            "active_dims": [
                0,
                1,
                2
            ]
        },
        {
            "type": "StaticHypercube",
            "dimensions": [
                [
                    6.932816148290504,
                    9.787944320709295
                ],
                [
                    4.868946231041107,
                    7.618851061513089
                ]
            ],
            "static_value": 0.11312117660376979,
            "active_dims": [
                0,
                2
            ]
        },
        {
            "type": "Gaussian",
            "mean": [
                0.711982049235329
            ],
            "std_dev": [
                0.15798238304220186
            ],
            "max_amplitude": 0.39217029561459266,
            "active_dims": [
                2
            ]
        },
        {
            "type": "Ramp",
            "coeff": [
                0.7316282458430612,
                0.3410823812738779,
                1.7253951413024076
            ],
            "min_value": 0.24630851215991717,
            "max_value": 0.49997365150049355,
            "bounds": [
                [
                    4.97211667475136,
                    6.127394695483566
                ],
                [
                    3.746115494348715,
                    7.984000140926382
                ],
                [
                    1.6437772340777401,
                    5.886431643516005
                ]
            ],
            "active_dims": [
                0,
                1,
                2
            ]
        },
        {
            "type": "Ramp",
            "coeff": [
                0.007641539594047009,
                1.9253544863457153,
                0.3005885222386917
            ],
            "min_value": 0.24321472583293094,
            "max_value": 0.2554948746922966,
            "bounds": [
                [
                    1.7210161397505923,
                    3.8544809069893944
                ],
                [
                    0.25165878530577684,
                    3.3546051910905277
                ],
                [
                    0.596973510210815,
                    2.757790267761778
                ]
            ],
            "active_dims": [
                0,
                1,
                2
            ]
        }
    ],
    "stats": {
        "energy": 218741446.204074,
        "bandwidth": 107,
        "mean": 0.18235048655962544,
        "std": 0.14195764664552019,
        "pct_over_06": 0.02575,
        "pct_over_08": 0.000765625
    }
}