{
    "functions": [
        {
            "type": "Sinus",
            "amplitudes": [
                0.19775092838440436,
                0.09711095825196472,
                0.23120624319914163,
                0.1930533484589556,
                0.12546182898193528
            ],
            "frequencies": [
                1.356858013674228,
                0.42567858737625464,
                0.674518919417133,
                1.4774993929557492,
                1.5355903143038692
            ],
            "weight_vectors": [
                [
                    0.5519766062154143,
                    0.17062477707959578
                ],
                [
                    0.09763283365593944,
                    0.09680270770558608
                ],
                [
                    0.7943643548834111,
                    0.09741534479548841
                ],
                [
                    0.17142446337574402,
                    0.1593119330894287
                ],
                [
                    0.7493575468460673,
                    0.5547709767886209
                ]
            ],
            "phases": [
                1.7095941177185159,
                1.3218015816826352,
                5.270792779642808,
                1.1733341327588371,
                5.3930262266952305
            ],
            "offset": -0.021696723094586944,
            "bounds": [
                [
                    4.960473702553132,
                    7.715419801744039
                ],
                [
                    3.9538732692534904,
                    5.471885051730182
                ]
            ],
            "minimum_value": 0.0,
            "active_dims": [
                0,
                2
            ]
        },
        {
            "type": "StaticHypercube",
            "dimensions": [
                [
                    5.826549914895961,
                    6.208258765284594
                ],
                [
                    4.77906467690981,
                    6.474527069856911
                ],
                [
                    2.8380920369808726,
                    4.911173363330937
                ]
            ],
            "static_value": 0.19650990072142557,
            "active_dims": [
                0,
                1,
                2
            ]
        },
        {
            "type": "Ramp",
            "coeff": [
                1.0979322548095392,
                1.3589140308107353
            ],
            "min_value": 0.2395071045096634,
            "max_value": 0.31184560701244374,
            "bounds": [
                [
                    0.6308158481382775,
                    0.8794681076060775
                ],
                [
                    0.09233639380684232,
                    5.852411619601563
                ]
            ],
            "active_dims": [
                1,
                2
            ]
        },
        {
            "type": "Gaussian",
            "mean": [
                7.550138810666369,
                3.6251952143167285
            ],
            "std_dev": [
                2.520010777469781,
                1.9448638506116795
            ],
            "max_amplitude": 0.26324169065679215,
            "active_dims": [
                0,
                2
            ]
        },
        {
            "type": "Sinus",
            "amplitudes": [
                0.2662287290398859,
                0.12638876410790692,
                0.370905002293551,
                0.28988532007076767,
                0.2027471168168034
            ],
            "frequencies": [
                0.6729905376500483,
                0.23076812476257055,
                0.49526986350915425,
                1.398555593139689,
                0.2823882003866953
            ],
            "weight_vectors": [
                [
                    0.9894792772882912,
                    0.7046083278742628,
                    0.21605422535610241
                ],
                [
                    0.20290197545259248,
                    0.7817893460203826,
                    0.9236129659950775
                ],
                [
                    0.91008692597409,
                    0.6545763671617236,
                    0.0844240409708421
                ],
                [
                    0.8614460299481166,
                    0.2904085067571982,
                    0.35148172539870537
                ],
                [
                    0.1284378940347526,
                    0.6537558138158905,
                    0.7885590316572615
                ]
            ],
            "phases": [
                0.8816822831109995,
                5.377967162244296,
                2.4732522944019846,
                5.967655368877398,
                2.6367094232614483
            ],
            "offset": -0.21586481871905672,
            "bounds": [
                [
                    0.3695306829392047,
                    4.4101100081369236
                ],
                [
                    1.8211526073089375,
                    4.771039574612958
                ],
                [
                    0.1797933832521908,
                    5.140586192850469
                ]
            ],
            "minimum_value": 0.0,
            "active_dims": [
                0,
                1,
                2
            ]
        },
        {
            "type": "StaticHypercube",
            "dimensions": [
                [
                    5.024397176449913,
                    6.710529401993869
                ]
            ],
            "static_value": 0.24067746221741956,
            "active_dims": [
                0
            ]
        },
        {
            "type": "Ramp",
            "coeff": [
                0.2608881895263522
            ],
            "min_value": 0.2049909257937826,
            "max_value": 0.2477414225042118,
            "bounds": [
                [
                    0.24207968225210555,
                    1.6878545313014623
                ]
            ],
            "active_dims": [
                2
            ]
        },
        {
            "type": "Gaussian",
            "mean": [
                0.020867000236203248,
                6.796993495063196,
                7.21304800089144
            ],
            "std_dev": [
                1.8242784199083504,
                0.16845865886960837,
                0.23826213361269205
            ],
            "max_amplitude": 0.21031012939362378,
            "active_dims": [
                0,
                1,
                2
            ]
        },
        {
            "type": "Ramp",
            "coeff": [
                0.14537364009438325,
                0.6013807459789917
            ],
            "min_value": 0.056676027497650425,
            "max_value": 0.06343122973420968,
            "bounds": [
                [
                    0.09322877230261876,
                    4.09958163975741
                ],
                [
                    6.076762886007717,
                    9.222347581502644
                ]
            ],
            "active_dims": [
                0,
                1
            ]
        }
    ],
    "stats": {
        "energy": 221715235.55281988,
        "bandwidth": 69,
        "mean": 0.15822927648387636,
        "std": 0.17056726603682396,
        "pct_over_06": 0.020453125,
        "pct_over_08": 0.00690625
    }
}