{
    "functions": [
        {
            "type": "StaticHypercube",
            "dimensions": [
                [
                    1.934776789868525,
                    6.842786029435397
                ],
                [
                    2.5547334428180153,
                    7.222860705888126
                ]
            ],
            "static_value": 0.21191169062656715,
            "active_dims": [
                1,
                2
            ]
        },
        {
            "type": "Sinus",
            "amplitudes": [
                0.1316957559048999,
                0.08513682473573007,
                0.15128627149227994
            ],
            "frequencies": [
                0.16756555411241925,
                1.2537713657004965,
                0.5472880106998688
            ],
            "weight_vectors": [
                [
                    0.4934925731330815,
                    0.8081736304699407
                ],
                [
                    0.6783370629166463,
                    0.29228213288147686
                ],
                [
                    0.042040676718383185,
                    0.05804268159241055
                ]
            ],
            "phases": [
                4.718770395182258,
                5.062769265613145,
                4.439466741782346
            ],
            "offset": -0.1398482951859201,
            "bounds": [
                [
                    1.0884727279432422,
                    2.965101421632668
                ],
                [
                    8.25410555441823,
                    9.068726698493917
                ]
            ],
            "minimum_value": 0.0,
            "active_dims": [
                0,
                2
            ]
        },
        {
            "type": "Gaussian",
            "mean": [
                9.331105244951413,
                0.1852459143737062
            ],
            "std_dev": [
                3.2792355835104736,
                3.0381726552280677
            ],
            "max_amplitude": 0.18355779341233594,
            "active_dims": [
                0,
                2
            ]
        },
        {
            "type": "Gaussian",
            "mean": [
                8.224708260031923
            ],
            "std_dev": [
                2.183917518413243
            ],
            "max_amplitude": 0.0674804604216996,
            "active_dims": [
                2
            ]
        },
        {
            "type": "Sinus",
            "amplitudes": [
                0.07017383103936406,
                0.18326399116630163,
                0.06889949500537661,
                0.14078162964054816,
                0.1552980569814498
            ],
            "frequencies": [
                1.0433490208848826,
                1.9899677443742936,
                0.4300050581255779,
                1.4613875403941392,
                1.3311577738169835
            ],
            "weight_vectors": [
                [
                    0.2985237183813505,
                    0.43907535270824327
                ],
                [
                    0.19353016900956221,
                    0.8502088564183534
                ],
                [
                    0.45361061711078754,
                    0.9924784132805049
                ],
                [
                    0.42523901678887743,
                    0.33165978800081275
                ],
                [
                    0.14588383672783956,
                    0.28066210675328407
                ]
            ],
            "phases": [
                1.3964237601594682,
                5.897700463929645,
                3.323317357177965,
                1.313913100667799,
                1.6111183761341816
            ],
            "offset": 0.07113616103475986,
            "bounds": [
                [
                    3.5976243332800255,
                    7.139581782507987
                ],
                [
                    1.17409380675473,
                    3.3025026910197957
                ]
            ],
            "minimum_value": 0.0,
            "active_dims": [
                1,
                2
            ]
        },
        {
            "type": "Sinus",
            "amplitudes": [
                0.2179261746507228,
                0.22106124740082583,
                0.10275949412563837
            ],
            "frequencies": [
                0.13571539695244741,
                0.716779778722208,
                0.1780047803846959
            ],
            "weight_vectors": [
                [
                    0.34432149920710364
                ],
                [
                    0.9029815956631024
                ],
                [
                    0.74702804906837
                ]
            ],
            "phases": [
                2.1015963067164054,
                4.195790380596993,
                1.7666256677034111
            ],
            "offset": -0.10127698191827357,
            "bounds": [
                [
                    2.839871538547583,
                    7.18922441029774
                ]
            ],
            "minimum_value": 0.0,
            "active_dims": [
                0
            ]
        },
        {
            "type": "Sinus",
            "amplitudes": [
                0.21624313027366068,
                0.11235156490723917,
                0.10660822067558645
            ],
            "frequencies": [
                1.6694140626091465,
                0.8185760962027451,
                1.4949617739542869
            ],
            "weight_vectors": [
                [
                    0.9268456853278771,
                    0.4459285604880122
                ],
                [
                    0.5068909803619664,
                    0.3818133506128225
                ],
                [
                    0.6832430732225964,
                    0.43394843076989564
                ]
            ],
            "phases": [
                2.7082949320513845,
                2.6086797178730525,
                5.849448284115992
            ],
            "offset": -0.040920258044590256,
            "bounds": [
                [
                    7.824483755506751,
                    9.398716712859088
                ],
                [
                    0.9540022927190203,
                    2.4828921276412816
                ]
            ],
            "minimum_value": 0.0,
            "active_dims": [
                0,
                1
            ]
        },
        {
            "type": "Gaussian",
            "mean": [
                9.088285527651761
            ],
            "std_dev": [
                0.6176974986389251
            ],
            "max_amplitude": 0.15166462697204222,
            "active_dims": [
                2
            ]
        },
        {
            "type": "Ramp",
            "coeff": [
                0.02939199966965278
            ],
            "min_value": 0.06750449290296699,
            "max_value": 0.21120626151012917,
            "bounds": [
                [
                    6.781627220366287,
                    7.550815729622662
                ]
            ],
            "active_dims": [
                2
            ]
        }
    ],
    "stats": {
        "energy": 461464436.6945561,
        "bandwidth": 14,
        "mean": 0.2625386174331083,
        "std": 0.20913079722076783,
        "pct_over_06": 0.082796875,
        "pct_over_08": 0.009625
    }
}