{
    "functions": [
        {
            "type": "Sinus",
            "amplitudes": [
                0.15710771043828206,
                0.08532088038376587,
                0.23599052838399104
            ],
            "frequencies": [
                0.33351279072665097,
                1.6847046923800246,
                1.3244556034967392
            ],
            "weight_vectors": [
                [
                    0.9858423635165023,
                    0.5590790688036144
                ],
                [
                    0.5920192432271011,
                    0.7419306754094015
                ],
                [
                    0.8212812049578435,
                    0.12567153920750518
                ]
            ],
            "phases": [
                5.710063329038675,
                6.099838498150467,
                3.2661619604059116
            ],
            "offset": -0.06558849173226813,
            "bounds": [
                [
                    0.9386427462089019,
                    2.576404469846129
                ],
                [
                    1.3729822119447366,
                    6.653795386322428
                ]
            ],
            "minimum_value": 0.0,
            "active_dims": [
                1,
                2
            ]
        },
        {
            "type": "Gaussian",
            "mean": [
                4.133434122682581,
                3.0790883930555744,
                2.54259155671006
            ],
            "std_dev": [
                3.658575533383739,
                3.369435890838576,
                0.6510784729935672
            ],
            "max_amplitude": 0.23826254013571216,
            "active_dims": [
                0,
                1,
                2
            ]
        },
        {
            "type": "Ramp",
            "coeff": [
                1.0024123844158321,
                1.6074538166467112,
                0.07888313831617944
            ],
            "min_value": 0.19033047215934182,
            "max_value": 0.3932805205160328,
            "bounds": [
                [
                    2.495349381076001,
                    6.8928332979773295
                ],
                [
                    2.151920552550921,
                    5.42105831247442
                ],
                [
                    1.556777788118558,
                    7.8791232170800605
                ]
            ],
            "active_dims": [
                0,
                1,
                2
            ]
        },
        {
            "type": "Gaussian",
            "mean": [
                9.718572371965054,
                4.854640499297068,
                3.955217507992094
            ],
            "std_dev": [
                3.157720040905893,
                2.256648621773426,
                0.9724146887785492
            ],
            "max_amplitude": 0.17979008171624342,
            "active_dims": [
                0,
                1,
                2
            ]
        },
        {
            "type": "Gaussian",
            "mean": [
                9.850362745976536,
                1.1299987817800161,
                5.669725929049716
            ],
            "std_dev": [
                0.2848385367922167,
                1.2383081285944224,
                0.38319679224282155
            ],
            "max_amplitude": 0.15996276277464674,
            "active_dims": [
                0,
                1,
                2
            ]
        },
        {
            "type": "Gaussian",
            "mean": [
                5.235252093817719
            ],
            "std_dev": [
                3.0497086445877635
            ],
            "max_amplitude": 0.2713382260321321,
            "active_dims": [
                2
            ]
        },
        {
            "type": "StaticHypercube",
            "dimensions": [
                [
                    1.5253878882779934,
                    4.89353803396671
                ],
                [
                    5.005423151670572,
                    7.195490602741728
                ],
                [
                    3.5787513890607032,
                    4.377146939404749
                ]
            ],
            "static_value": 0.3089392642295263,
            "active_dims": [
                0,
                1,
                2
            ]
        },
        {
            "type": "Gaussian",
            "mean": [
                7.779248997315527
            ],
            "std_dev": [
                2.079110096708479
            ],
            "max_amplitude": 0.23553061659478236,
            "active_dims": [
                0
            ]
        },
        {
            "type": "StaticHypercube",
            "dimensions": [
                [
                    5.348822928561377,
                    8.385077009303437
                ],
                [
                    3.870426782863623,
                    6.47830197825683
                ],
                [
                    5.639491346949081,
                    7.401714903021012
                ]
            ],
            "static_value": 0.13241748315125057,
            "active_dims": [
                0,
                1,
                2
            ]
        }
    ],
    "stats": {
        "energy": 640872889.569775,
        "bandwidth": 13,
        "mean": 0.3558804233779657,
        "std": 0.1726621905960908,
        "pct_over_06": 0.0896875,
        "pct_over_08": 0.01978125
    }
}