{
    "functions": [
        {
            "type": "Gaussian",
            "mean": [
                6.144606503452481
            ],
            "std_dev": [
                0.1801506087046993
            ],
            "max_amplitude": 0.26121804170738433,
            "active_dims": [
                1
            ]
        },
        {
            "type": "Sinus",
            "amplitudes": [
                0.19193933576850986,
                0.06717190444492892,
                0.27327826547811174
            ],
            "frequencies": [
                1.459559387577037,
                0.90195285819375,
                1.0479004707122477
            ],
            "weight_vectors": [
                [
                    0.8729475238372463,
                    0.4674369484255094,
                    0.20748985184913726
                ],
                [
                    0.31592142519549327,
                    0.5791337257708312,
                    0.4795632889635725
                ],
                [
                    0.3814003313478568,
                    0.46650161829067927,
                    0.22420665451711264
                ]
            ],
            "phases": [
                5.902198231930669,
                3.026246778168543,
                3.615180579216205
            ],
            "offset": 0.11290183379307202,
            "bounds": [
                [
                    4.6329353167275125,
                    5.387045228692568
                ],
                [
                    5.474183366829126,
                    7.803020793447148
                ],
                [
                    3.0116432330548784,
                    7.8293813016076665
                ]
            ],
            "minimum_value": 0.0,
            "active_dims": [
                0,
                1,
                2
            ]
        },
        {
            "type": "StaticHypercube",
            "dimensions": [
                [
                    8.174902666700607,
                    9.864829190661332
                ],
                [
                    0.4055317724628166,
                    4.470054692053563
                ],
                [
                    4.011416076786085,
                    9.014591090167308
                ]
            ],
            "static_value": 0.3419326083493513,
            "active_dims": [
                0,
                1,
                2
            ]
        },
        {
            "type": "Sinus",
            "amplitudes": [
                0.2617758649267455
            ],
            "frequencies": [
                1.6817799268120046
            ],
            "weight_vectors": [
                [
                    0.7801220367098045,
                    0.15030733522566342
                ]
            ],
            "phases": [
                3.081444242667614
            ],
            "offset": 0.07044102712678978,
            "bounds": [
                [
                    6.742192709359734,
                    7.293301485585249
                ],
                [
                    0.33575548047747517,
                    4.147358439419556
                ]
            ],
            "minimum_value": 0.0,
            "active_dims": [
                1,
                2
            ]
        },
        {
            "type": "Gaussian",
            "mean": [
                9.214443472963849,
                8.032616932865249
            ],
            "std_dev": [
                2.472070953364053,
                3.0365028512968295
            ],
            "max_amplitude": 0.20985211702885112,
            "active_dims": [
                0,
                1
            ]
        },
        {
            "type": "Gaussian",
            "mean": [
                5.153552701545108
            ],
            "std_dev": [
                3.8723826660734413
            ],
            "max_amplitude": 0.2591254285607219,
            "active_dims": [
                2
            ]
        },
        {
            "type": "Gaussian",
            "mean": [
                6.014841773801624,
                9.726471651672917,
                5.888420625548276
            ],
            "std_dev": [
                0.9183147504940061,
                1.5511207092623687,
                0.3539409788278428
            ],
            "max_amplitude": 0.2528703741996366,
            "active_dims": [
                0,
                1,
                2
            ]
        },
        {
            "type": "StaticHypercube",
            "dimensions": [
                [
                    5.31019727134088,
                    9.25147286900852
                ]
            ],
            "static_value": 0.2561531878670305,
            "active_dims": [
                1
            ]
        },
        {
            "type": "Gaussian",
            "mean": [
                0.2398845581021558
            ],
            "std_dev": [
                2.95740037512485
            ],
            "max_amplitude": 0.11363861947906743,
            "active_dims": [
                1
            ]
        }
    ],
    "stats": {
        "energy": 885216441.3773445,
        "bandwidth": 4,
        "mean": 0.41997276096053665,
        "std": 0.19934938000737473,
        "pct_over_06": 0.21440625,
        "pct_over_08": 0.04
    }
}