{
    "functions": [
        {
            "type": "StaticHypercube",
            "dimensions": [
                [
                    2.4569310343406454,
                    5.466894985204018
                ],
                [
                    2.6262490620107006,
                    4.9628671495125225
                ]
            ],
            "static_value": 0.20775687576648308,
            "active_dims": [
                0,
                2
            ]
        },
        {
            "type": "Sinus",
            "amplitudes": [
                0.15013007958569588,
                0.0782341788187361,
                0.11946618367610431,
                0.1963841426756538
            ],
            "frequencies": [
                0.6867394473734694,
                1.57338075518774,
                1.8909966605140947,
                0.11497573010542511
            ],
            "weight_vectors": [
                [
                    0.4351126842598485,
                    0.6976764506978894
                ],
                [
                    0.49330697221404474,
                    0.1559087153528843
                ],
                [
                    0.08638093753267162,
                    0.8073706869658132
                ],
                [
                    0.5428352974633028,
                    0.09847227988612084
                ]
            ],
            "phases": [
                5.995321907932449,
                5.920686283212643,
                5.52792120650845,
                5.339771125429506
            ],
            "offset": 0.00946392026049683,
            "bounds": [
                [
                    3.5339040448046304,
                    5.737330393650839
                ],
                [
                    5.599169119958271,
                    7.843297309889534
                ]
            ],
            "minimum_value": 0.0,
            "active_dims": [
                1,
                2
            ]
        },
        {
            "type": "Sinus",
            "amplitudes": [
                0.257417194407565,
                0.07916520157862884,
                0.19677074826450303,
                0.12938166325906045
            ],
            "frequencies": [
                1.3861852641741377,
                1.2964584349161115,
                1.7200171367750545,
                0.49642411663834607
            ],
            "weight_vectors": [
                [
                    0.9187774941636783
                ],
                [
                    0.067499583999309
                ],
                [
                    0.636209986906253
                ],
                [
                    0.1601036329564699
                ]
            ],
            "phases": [
                6.135742539857217,
                4.6084523811910545,
                2.468194329083233,
                2.9506134071761174
            ],
            "offset": 0.019570786677721358,
            "bounds": [
                [
                    4.29028413086974,
                    8.051060844791984
                ]
            ],
            "minimum_value": 0.0,
            "active_dims": [
                0
            ]
        },
        {
            "type": "StaticHypercube",
            "dimensions": [
                [
                    3.6416785122250266,
                    5.663530708859135
                ],
                [
                    5.083168933033387,
                    8.419120492790764
                ],
                [
                    0.966361159790611,
                    3.0628227187062183
                ]
            ],
            "static_value": 0.14522461623952299,
            "active_dims": [
                0,
                1,
                2
            ]
        },
        {
            "type": "Sinus",
            "amplitudes": [
                0.27679422254058433
            ],
            "frequencies": [
                1.923719118646428
            ],
            "weight_vectors": [
                [
                    0.8911114226257058,
                    0.38119792752437764
                ]
            ],
            "phases": [
                0.6581586755102016
            ],
            "offset": 0.009927346742972078,
            "bounds": [
                [
                    7.07395534382116,
                    8.21509752661824
                ],
                [
                    6.596792811376921,
                    8.148487206118022
                ]
            ],
            "minimum_value": 0.0,
            "active_dims": [
                0,
                2
            ]
        },
        {
            "type": "Ramp",
            "coeff": [
                1.4252156489684344,
                1.4843215726755297
            ],
            "min_value": 0.037202240685360814,
            "max_value": 0.17437887940861957,
            "bounds": [
                [
                    6.016938000808975,
                    6.348961970156203
                ],
                [
                    4.522998471358464,
                    5.727528151783425
                ]
            ],
            "active_dims": [
                1,
                2
            ]
        },
        {
            "type": "Ramp",
            "coeff": [
                1.4590430642736403
            ],
            "min_value": 0.05239450610040407,
            "max_value": 0.22781857729548646,
            "bounds": [
                [
                    3.3516621051277613,
                    7.497112429745913
                ]
            ],
            "active_dims": [
                1
            ]
        },
        {
            "type": "StaticHypercube",
            "dimensions": [
                [
                    6.744081031961041,
                    7.516605325025926
                ]
            ],
            "static_value": 0.22967253132053497,
            "active_dims": [
                1
            ]
        },
        {
            "type": "StaticHypercube",
            "dimensions": [
                [
                    4.856046760094954,
                    6.094688290941834
                ],
                [
                    2.481472268245753,
                    7.833032650476646
                ]
            ],
            "static_value": 0.36164764285108864,
            "active_dims": [
                0,
                1
            ]
        }
    ],
    "stats": {
        "energy": 241230400.88364106,
        "bandwidth": 55,
        "mean": 0.14970612787644627,
        "std": 0.1910031835257564,
        "pct_over_06": 0.056328125,
        "pct_over_08": 0.01253125
    }
}