{
    "functions": [
        {
            "type": "Sinus",
            "amplitudes": [
                0.277164136493598,
                0.07323960121276074,
                0.15694121645418802,
                0.1383742813478565
            ],
            "frequencies": [
                1.3570918932215952,
                0.39560352831775436,
                1.9571561581752974,
                1.7280304755344362
            ],
            "weight_vectors": [
                [
                    0.5880363288108318,
                    0.8983672635437698
                ],
                [
                    0.9709374214235309,
                    0.38342742007206765
                ],
                [
                    0.621249120196008,
                    0.9305273412578102
                ],
                [
                    0.9111966554110636,
                    0.26528509143448054
                ]
            ],
            "phases": [
                3.1809182916820014,
                0.5024874915128491,
                0.09590926339785566,
                5.4880602641744725
            ],
            "offset": -0.010962809863599392,
            "bounds": [
                [
                    2.524132858315152,
                    5.493826760562502
                ],
                [
                    6.088653497185821,
                    7.563691329159735
                ]
            ],
            "minimum_value": 0.0,
            "active_dims": [
                0,
                2
            ]
        },
        {
            "type": "StaticHypercube",
            "dimensions": [
                [
                    5.630230009058031,
                    9.964409287869302
                ]
            ],
            "static_value": 0.17535683453031836,
            "active_dims": [
                2
            ]
        },
        {
            "type": "StaticHypercube",
            "dimensions": [
                [
                    1.4718492123395481,
                    6.676803699914033
                ],
                [
                    4.277653243684263,
                    5.439519339767934
                ],
                [
                    6.7794835229519705,
                    9.387253129514075
                ]
            ],
            "static_value": 0.038849543730600636,
            "active_dims": [
                0,
                1,
                2
            ]
        },
        {
            "type": "Gaussian",
            "mean": [
                6.119254728311683
            ],
            "std_dev": [
                1.6513209980354362
            ],
            "max_amplitude": 0.11849290229112128,
            "active_dims": [
                0
            ]
        },
        {
            "type": "StaticHypercube",
            "dimensions": [
                [
                    3.2090184879395216,
                    6.281880045137345
                ]
            ],
            "static_value": 0.09678386924399222,
            "active_dims": [
                0
            ]
        },
        {
            "type": "Ramp",
            "coeff": [
                0.5754062328545921,
                1.1593867455312183
            ],
            "min_value": 0.06172606225318764,
            "max_value": 0.1836197043787188,
            "bounds": [
                [
                    7.458359981065,
                    9.992663629781237
                ],
                [
                    5.940136678957028,
                    7.416871381403286
                ]
            ],
            "active_dims": [
                1,
                2
            ]
        },
        {
            "type": "Gaussian",
            "mean": [
                6.966462864306486,
                0.2699047801001131
            ],
            "std_dev": [
                2.6387679180719714,
                3.3977753782129305
            ],
            "max_amplitude": 0.1220080059411291,
            "active_dims": [
                1,
                2
            ]
        },
        {
            "type": "Ramp",
            "coeff": [
                0.742478594377038,
                0.5487426985339157
            ],
            "min_value": 0.030002493042235158,
            "max_value": 0.1738078379921912,
            "bounds": [
                [
                    5.166185973446341,
                    8.792269844675033
                ],
                [
                    1.166056350147983,
                    4.069111132219944
                ]
            ],
            "active_dims": [
                1,
                2
            ]
        },
        {
            "type": "Ramp",
            "coeff": [
                0.1801552732174707,
                0.7630349643115033
            ],
            "min_value": 0.05463215574459996,
            "max_value": 0.12354785690779976,
            "bounds": [
                [
                    1.5509793600184725,
                    7.217747949626019
                ],
                [
                    4.400659040447281,
                    7.001018943348752
                ]
            ],
            "active_dims": [
                0,
                1
            ]
        }
    ],
    "stats": {
        "energy": 284129202.9911122,
        "bandwidth": 23,
        "mean": 0.21433162704998102,
        "std": 0.1530667659719439,
        "pct_over_06": 0.014375,
        "pct_over_08": 0.00271875
    }
}