{
    "functions": [
        {
            "type": "Gaussian",
            "mean": [
                3.2020799234828887,
                9.432162259115575
            ],
            "std_dev": [
                2.988074357372803,
                1.7892041916329697
            ],
            "max_amplitude": 0.07367551088047992,
            "active_dims": [
                0,
                1
            ]
        },
        {
            "type": "Sinus",
            "amplitudes": [
                0.14045030537801279,
                0.08811090532738843,
                0.11327487741480316
            ],
            "frequencies": [
                1.801606851500273,
                1.541432661471782,
                1.9237745119587624
            ],
            "weight_vectors": [
                [
                    0.3585089656107773
                ],
                [
                    0.9440838081800371
                ],
                [
                    0.21326413365979335
                ]
            ],
            "phases": [
                2.556574905179918,
                2.0508262481020623,
                2.24088144764513
            ],
            "offset": 0.027851650976349236,
            "bounds": [
                [
                    7.372049619664162,
                    8.988758201596871
                ]
            ],
            "minimum_value": 0.0,
            "active_dims": [
                1
            ]
        },
        {
            "type": "Sinus",
            "amplitudes": [
                0.05164237181377294,
                0.07439109698867906,
                0.13830759307680562,
                0.20980430168094136,
                0.10552247366728751
            ],
            "frequencies": [
                0.3350742266452126,
                1.3415508956678779,
                0.37660341528325414,
                1.1126680642366236,
                1.3484231572684175
            ],
            "weight_vectors": [
                [
                    0.8241792929935973,
                    0.8538820064430981
                ],
                [
                    0.16115774707237773,
                    0.016200472808356348
                ],
                [
                    0.42130832779270755,
                    0.013247057397679729
                ],
                [
                    0.7034251207143171,
                    0.08051111335550776
                ],
                [
                    0.787281605551196,
                    0.21859659874195358
                ]
            ],
            "phases": [
                4.028102669822142,
                5.701444328062341,
                0.085672861997374,
                3.364643018183982,
                1.611865447476444
            ],
            "offset": 0.09099269854289285,
            "bounds": [
                [
                    3.111443043028054,
                    6.383473201709609
                ],
                [
                    4.43505763122289,
                    7.17057952222728
                ]
            ],
            "minimum_value": 0.0,
            "active_dims": [
                1,
                2
            ]
        },
        {
            "type": "Ramp",
            "coeff": [
                1.485745141099521
            ],
            "min_value": 0.035454179843176,
            "max_value": 0.10950611063726726,
            "bounds": [
                [
                    2.004842439717093,
                    2.700884283231603
                ]
            ],
            "active_dims": [
                2
            ]
        },
        {
            "type": "Gaussian",
            "mean": [
                3.623463663620341,
                8.342731977529224,
                7.223727454279786
            ],
            "std_dev": [
                2.291525612557339,
                2.7216946287319184,
                2.377246573186439
            ],
            "max_amplitude": 0.05955460189295351,
            "active_dims": [
                0,
                1,
                2
            ]
        },
        {
            "type": "Gaussian",
            "mean": [
                4.311599183398705,
                9.733311014740266
            ],
            "std_dev": [
                2.3917828993873935,
                0.800855860991241
            ],
            "max_amplitude": 0.15940530734626032,
            "active_dims": [
                0,
                1
            ]
        },
        {
            "type": "Gaussian",
            "mean": [
                2.6485640085112228,
                1.6470265403133388,
                9.012412262943641
            ],
            "std_dev": [
                0.82186955526825,
                2.7966792872034882,
                3.707067190161309
            ],
            "max_amplitude": 0.0964617365242519,
            "active_dims": [
                0,
                1,
                2
            ]
        },
        {
            "type": "Gaussian",
            "mean": [
                7.5689690321884,
                1.6938702932795757,
                6.442671530620371
            ],
            "std_dev": [
                1.7681859820047658,
                2.9063514156182326,
                1.4482832114418538
            ],
            "max_amplitude": 0.11863786178137978,
            "active_dims": [
                0,
                1,
                2
            ]
        },
        {
            "type": "Sinus",
            "amplitudes": [
                0.18100244191784998,
                0.17585610678833252,
                0.07553740711143336,
                0.09495995165815005,
                0.07034971327023663
            ],
            "frequencies": [
                1.2444741989615853,
                1.1437619667641812,
                0.21543271155447258,
                1.5919789569728857,
                0.8455241605950163
            ],
            "weight_vectors": [
                [
                    0.42908934028657153,
                    0.4985562523323416,
                    0.07461285632143555
                ],
                [
                    0.2450730710616562,
                    0.6330850643707854,
                    0.2984333526844263
                ],
                [
                    0.062736062585527,
                    0.5818680321951606,
                    0.7597532746833491
                ],
                [
                    0.8101081675544334,
                    0.34731475632190667,
                    0.9052628134133646
                ],
                [
                    0.380690060882075,
                    0.7012035965446006,
                    0.3877231944438191
                ]
            ],
            "phases": [
                3.959098726484242,
                2.1936308517640213,
                1.9399249854308753,
                4.930193572437349,
                2.0555135037584473
            ],
            "offset": 0.06546698072861641,
            "bounds": [
                [
                    1.0255354195412778,
                    5.145812181350341
                ],
                [
                    2.0208326670242234,
                    5.049878603709234
                ],
                [
                    2.3497111919196616,
                    5.834829636637363
                ]
            ],
            "minimum_value": 0.0,
            "active_dims": [
                0,
                1,
                2
            ]
        }
    ],
    "stats": {
        "energy": 129968723.34432024,
        "bandwidth": 321,
        "mean": 0.10694130620913726,
        "std": 0.14245772135626056,
        "pct_over_06": 0.009234375,
        "pct_over_08": 0.001984375
    }
}