{
    "functions": [
        {
            "type": "Sinus",
            "amplitudes": [
                0.1704444612463008,
                0.35013087842730356,
                0.20389070974998222,
                0.2166445931806424
            ],
            "frequencies": [
                0.5577475689214648,
                0.10297143633565314,
                0.5689026368669593,
                0.2828317438243678
            ],
            "weight_vectors": [
                [
                    0.9211070816359795,
                    0.6071839087314981
                ],
                [
                    0.27627943220047024,
                    0.6473127185236421
                ],
                [
                    0.896803335511924,
                    0.6123002542295238
                ],
                [
                    0.4367965928469244,
                    0.4022242724323717
                ]
            ],
            "phases": [
                5.351040252641578,
                1.8148264639966991,
                0.3725091850722998,
                2.0371600200805786
            ],
            "offset": 0.1392224886573481,
            "bounds": [
                [
                    7.18564541989281,
                    9.715320503863492
                ],
                [
                    0.9523613863034733,
                    1.7891899886383225
                ]
            ],
            "minimum_value": 0.0,
            "active_dims": [
                0,
                2
            ]
        },
        {
            "type": "Gaussian",
            "mean": [
                3.4570788651242204,
                9.628055369173298
            ],
            "std_dev": [
                3.87415132334268,
                3.617346341100671
            ],
            "max_amplitude": 0.23287157002180298,
            "active_dims": [
                0,
                1
            ]
        },
        {
            "type": "Sinus",
            "amplitudes": [
                0.21938666022022177,
                0.18322442083739612
            ],
            "frequencies": [
                0.7170581910838143,
                0.5644110135703435
            ],
            "weight_vectors": [
                [
                    0.9523772286144453,
                    0.37503099892742076
                ],
                [
                    0.3598396867575975,
                    0.9478475767885512
                ]
            ],
            "phases": [
                6.180311255482553,
                1.4204302992080375
            ],
            "offset": 0.12755248979630113,
            "bounds": [
                [
                    6.405292430856333,
                    8.872493279617258
                ],
                [
                    1.6549781964374672,
                    3.12882224567808
                ]
            ],
            "minimum_value": 0.0,
            "active_dims": [
                0,
                2
            ]
        },
        {
            "type": "StaticHypercube",
            "dimensions": [
                [
                    3.2362433507391333,
                    6.368295364688866
                ],
                [
                    5.696692865398533,
                    8.88186433107286
                ],
                [
                    3.3885354140488437,
                    5.641466636308367
                ]
            ],
            "static_value": 0.15709722835765852,
            "active_dims": [
                0,
                1,
                2
            ]
        },
        {
            "type": "Sinus",
            "amplitudes": [
                0.20890788876942115,
                0.2401388131706288,
                0.26496774448610716,
                0.11176454565607373,
                0.09214921527313644
            ],
            "frequencies": [
                0.5709425714808496,
                1.9940438693676974,
                0.10146993007317076,
                0.25666096167975805,
                1.873201643481954
            ],
            "weight_vectors": [
                [
                    0.09656625801034524,
                    0.4242217368667155
                ],
                [
                    0.5464156768500991,
                    0.47986241811361896
                ],
                [
                    0.36850457016242755,
                    0.36341197534108705
                ],
                [
                    0.6789362623592154,
                    0.43550109953719707
                ],
                [
                    0.5035517273050788,
                    0.2835031955769516
                ]
            ],
            "phases": [
                1.1826095453797676,
                5.942329251741823,
                1.4071638467856968,
                1.3124991232894043,
                3.627666513009287
            ],
            "offset": -0.15956530643416744,
            "bounds": [
                [
                    1.707709234580593,
                    8.411610177611815
                ],
                [
                    4.221536384864118,
                    8.77338291534679
                ]
            ],
            "minimum_value": 0.0,
            "active_dims": [
                0,
                1
            ]
        },
        {
            "type": "Gaussian",
            "mean": [
                0.9431868803894239
            ],
            "std_dev": [
                0.16793148963260515
            ],
            "max_amplitude": 0.15515073320767625,
            "active_dims": [
                0
            ]
        },
        {
            "type": "Sinus",
            "amplitudes": [
                0.1073721479646988,
                0.18200520423802874,
                0.281872613796486
            ],
            "frequencies": [
                1.2649789014638613,
                1.1858829289439712,
                1.103933994949858
            ],
            "weight_vectors": [
                [
                    0.36401963232697465,
                    0.5859001705310795,
                    0.3565284116203866
                ],
                [
                    0.39264907348225786,
                    0.8936340332724164,
                    0.9819436221143806
                ],
                [
                    0.6768665106604731,
                    0.7045300007568198,
                    0.8531394674865868
                ]
            ],
            "phases": [
                2.291403386449333,
                0.7636063925529689,
                1.1325020480097174
            ],
            "offset": 0.08736965771212123,
            "bounds": [
                [
                    3.073210982350958,
                    6.183294116303393
                ],
                [
                    5.419000582409407,
                    8.291450196409901
                ],
                [
                    3.1683493332075456,
                    7.974790427295961
                ]
            ],
            "minimum_value": 0.0,
            "active_dims": [
                0,
                1,
                2
            ]
        },
        {
            "type": "Gaussian",
            "mean": [
                2.9158272847383193,
                3.7775040562870856
            ],
            "std_dev": [
                1.4229633238388444,
                0.8426236601569991
            ],
            "max_amplitude": 0.3064811594633141,
            "active_dims": [
                0,
                1
            ]
        },
        {
            "type": "Ramp",
            "coeff": [
                0.17314165760153233
            ],
            "min_value": 0.0829770669609682,
            "max_value": 0.17410006130500377,