{
    "functions": [
        {
            "type": "StaticHypercube",
            "dimensions": [
                [
                    2.0549381625828094,
                    5.394938717055158
                ],
                [
                    1.2399843892859714,
                    3.0167599950536292
                ],
                [
                    0.5510894847992118,
                    6.4413172282155795
                ]
            ],
            "static_value": 0.11482817674250509,
            "active_dims": [
                0,
                1,
                2
            ]
        },
        {
            "type": "Sinus",
            "amplitudes": [
                0.19625971689239796,
                0.21260862937632444,
                0.2746546611200066
            ],
            "frequencies": [
                1.0242555309317538,
                1.208598876556078,
                0.270920893091093
            ],
            "weight_vectors": [
                [
                    0.766622981882637
                ],
                [
                    0.6048777294149132
                ],
                [
                    0.36617015853548307
                ]
            ],
            "phases": [
                5.1483907258065384,
                5.060375611594393,
                4.4528882915990415
            ],
            "offset": -0.15232729147970803,
            "bounds": [
                [
                    3.6902080502584624,
                    8.886111252195256
                ]
            ],
            "minimum_value": 0.0,
            "active_dims": [
                0
            ]
        },
        {
            "type": "Sinus",
            "amplitudes": [
                0.09876671933847399,
                0.2711236465446328,
                0.1866792727883666
            ],
            "frequencies": [
                1.0379965241968665,
                0.9829625130716428,
                0.5931576444266428
            ],
            "weight_vectors": [
                [
                    0.17461097691162708
                ],
                [
                    0.9601851634917892
                ],
                [
                    0.23638942615119918
                ]
            ],
            "phases": [
                2.759431290049012,
                2.877367144992095,
                1.4269178074745166
            ],
            "offset": 0.022658274576890194,
            "bounds": [
                [
                    1.0943353427189317,
                    3.3870036121490097
                ]
            ],
            "minimum_value": 0.0,
            "active_dims": [
                1
            ]
        },
        {
            "type": "Gaussian",
            "mean": [
                8.643330731701903
            ],
            "std_dev": [
                0.5803539697969721
            ],
            "max_amplitude": 0.23459002172169577,
            "active_dims": [
                2
            ]
        },
        {
            "type": "Sinus",
            "amplitudes": [
                0.5474627438686351,
                0.21685623187346623,
                0.3265735897577289,
                0.1749556947220767
            ],
            "frequencies": [
                0.6029251233853328,
                0.9460813831316358,
                0.36473764683319765,
                0.841427682200556
            ],
            "weight_vectors": [
                [
                    0.208584714226016
                ],
                [
                    0.6495301252899792
                ],
                [
                    0.4606962343697436
                ],
                [
                    0.0782815788608443
                ]
            ],
            "phases": [
                5.237529536633488,
                0.33765122296223976,
                5.01537668442245,
                3.400349066698197
            ],
            "offset": 0.1035975968277366,
            "bounds": [
                [
                    1.7747936672042002,
                    8.258987513395049
                ]
            ],
            "minimum_value": 0.0,
            "active_dims": [
                1
            ]
        },
        {
            "type": "StaticHypercube",
            "dimensions": [
                [
                    1.2378926107798005,
                    3.5817928504402916
                ],
                [
                    4.507527456241899,
                    8.19242921121634
                ]
            ],
            "static_value": 0.10979839869713398,
            "active_dims": [
                0,
                2
            ]
        },
        {
            "type": "Ramp",
            "coeff": [
                1.153252290666487,
                1.2903363486000985
            ],
            "min_value": 0.20945875700442143,
            "max_value": 0.3233925586316516,
            "bounds": [
                [
                    0.3486333273796557,
                    7.703948723025169
                ],
                [
                    1.9029082598046414,
                    5.9770834304534315
                ]
            ],
            "active_dims": [
                0,
                1
            ]
        },
        {
            "type": "Sinus",
            "amplitudes": [
                0.14118989442811353,
                0.11681255040677462,
                0.21800900634666087,
                0.08403606158267699,
                0.09943314591908706
            ],
            "frequencies": [
                0.5808358700680146,
                1.7716172656734739,
                1.8691171981780128,
                0.36878629410570873,
                0.24315967251832002
            ],
            "weight_vectors": [
                [
                    0.753200783749634,
                    0.45710174802523285,
                    0.4584001880180316
                ],
                [
                    0.7357123487288568,
                    0.8479962280193216,
                    0.27686268928097346
                ],
                [
                    0.6325711827374828,
                    0.9995542670679805,
                    0.33300523339594856
                ],
                [
                    0.9771602502125333,
                    0.0841732936238937,
                    0.08143752993907127
                ],
                [
                    0.8699562512960175,
                    0.231543321375557,
                    0.7260777976701394
                ]
            ],
            "phases": [
                4.58956711206106,
                1.8136316222752908,
                0.8192340102114708,
                1.3970897247736849,
                4.835105579119672
            ],
            "offset": -0.01631915265917316,
            "bounds": [
                [
                    7.1838788225278005,
                    9.088980999716648
                ],
                [
                    6.078357336624579,
                    8.253920979503958
                ],
                [
                    2.638092590717974,
                    3.4639269617090647
                ]
            ],
            "minimum_value": 0.0,
            "active_dims": [
                0,
                1,
                2
            ]
        },
        {
            "type": "StaticHypercube",
            "dimensions": [
                [
                    6.6332974785937795,
                    9.533590209474168
                ]
            ],
            "static_value": 0.11909384783512761,
            "active_dims": [
                2
            ]
        }
    ],
    "stats": {
        "energy": 302457603.8587495,
        "bandwidth": 55,
        "mean": 0.1977268327948364,
        "std": 0.18640356229160518,
        "pct_over_06": 0.0416875,