{
    "functions": [
        {
            "type": "Ramp",
            "coeff": [
                0.5742359607622987,
                0.44725441866324145,
                1.8914263328068843
            ],
            "min_value": 0.023216560955334725,
            "max_value": 0.12511776034147187,
            "bounds": [
                [
                    5.980294066047783,
                    8.514368793886918
                ],
                [
                    1.516879821082303,
                    4.35522726183463
                ],
                [
                    6.364247378229239,
                    8.489179122579811
                ]
            ],
            "active_dims": [
                0,
                1,
                2
            ]
        },
        {
            "type": "Gaussian",
            "mean": [
                9.614413944127305,
                8.952685177695786
            ],
            "std_dev": [
                3.3494259934984076,
                3.9038166732528836
            ],
            "max_amplitude": 0.11565045221629268,
            "active_dims": [
                0,
                1
            ]
        },
        {
            "type": "Sinus",
            "amplitudes": [
                0.16721861315058545,
                0.12905875920507692,
                0.2864905825827903
            ],
            "frequencies": [
                0.8837143499100433,
                0.9357384454070264,
                1.0679202408853061
            ],
            "weight_vectors": [
                [
                    0.6091761009104542,
                    0.2958714727032913,
                    0.5513730488191769
                ],
                [
                    0.08712157353816663,
                    0.47774525935794876,
                    0.3512853973881136
                ],
                [
                    0.1490575737821992,
                    0.8426735951873949,
                    0.9286650602558282
                ]
            ],
            "phases": [
                0.49202344398744563,
                4.303008586248591,
                4.79986427708667
            ],
            "offset": 0.12103658177294092,
            "bounds": [
                [
                    6.424694452140016,
                    7.832702301160222
                ],
                [
                    2.9329639876379043,
                    3.5209965805667363
                ],
                [
                    5.313453687460244,
                    9.71673479369067
                ]
            ],
            "minimum_value": 0.0,
            "active_dims": [
                0,
                1,
                2
            ]
        },
        {
            "type": "Ramp",
            "coeff": [
                0.6982878646828232,
                1.3260779610463953
            ],
            "min_value": 0.10707638042044114,
            "max_value": 0.3379308323782489,
            "bounds": [
                [
                    4.075299421289964,
                    9.13975431879518
                ],
                [
                    4.978019659011457,
                    7.2254694712025955
                ]
            ],
            "active_dims": [
                0,
                1
            ]
        },
        {
            "type": "StaticHypercube",
            "dimensions": [
                [
                    3.3839614259878448,
                    4.600689903762296
                ],
                [
                    1.957055224882869,
                    5.496389279212505
                ]
            ],
            "static_value": 0.1907282663501043,
            "active_dims": [
                1,
                2
            ]
        },
        {
            "type": "Ramp",
            "coeff": [
                0.6000222768017418,
                1.8111966892380613
            ],
            "min_value": 0.22615184385502074,
            "max_value": 0.3544895821830459,
            "bounds": [
                [
                    4.609373826347001,
                    6.097023357619229
                ],
                [
                    5.642785057912534,
                    7.052717646269946
                ]
            ],
            "active_dims": [
                0,
                1
            ]
        },
        {
            "type": "Gaussian",
            "mean": [
                7.3753346115325265,
                7.561514333486117,
                3.776973939233229
            ],
            "std_dev": [
                2.919853237239011,
                1.8828390044237777,
                0.13205826572762439
            ],
            "max_amplitude": 0.22558355291468515,
            "active_dims": [
                0,
                1,
                2
            ]
        },
        {
            "type": "Gaussian",
            "mean": [
                3.0935039639550133
            ],
            "std_dev": [
                2.3581577076632545
            ],
            "max_amplitude": 0.15553288699643414,
            "active_dims": [
                0
            ]
        },
        {
            "type": "Gaussian",
            "mean": [
                1.750208178603594
            ],
            "std_dev": [
                3.034110670931946
            ],
            "max_amplitude": 0.27935197398916284,
            "active_dims": [
                0
            ]
        }
    ],
    "stats": {
        "energy": 482763433.19203734,
        "bandwidth": 14,
        "mean": 0.3045008602509868,
        "std": 0.15856037466233094,
        "pct_over_06": 0.023171875,
        "pct_over_08": 0.008171875
    }
}