{
    "functions": [
        {
            "type": "Ramp",
            "coeff": [
                1.0382965690701704,
                1.3325134861878303,
                1.3324833641497416
            ],
            "min_value": 0.1442032361468855,
            "max_value": 0.1919545067663276,
            "bounds": [
                [
                    0.053875408445949506,
                    6.951600556748683
                ],
                [
                    5.102678656397641,
                    6.255578723784257
                ],
                [
                    0.2995658824769602,
                    7.196434365447668
                ]
            ],
            "active_dims": [
                0,
                1,
                2
            ]
        },
        {
            "type": "StaticHypercube",
            "dimensions": [
                [
                    6.36722887654939,
                    9.6937314091989
                ],
                [
                    4.3216322917897845,
                    9.384907342287544
                ]
            ],
            "static_value": 0.33013024480479597,
            "active_dims": [
                0,
                1
            ]
        },
        {
            "type": "StaticHypercube",
            "dimensions": [
                [
                    1.2453298078263526,
                    2.0907174061642424
                ],
                [
                    3.0090739045101045,
                    3.951119889931031
                ]
            ],
            "static_value": 0.10732111066847964,
            "active_dims": [
                0,
                1
            ]
        },
        {
            "type": "Sinus",
            "amplitudes": [
                0.381460402652018,
                0.18426049212134832
            ],
            "frequencies": [
                1.148991208384309,
                1.7304637273238879
            ],
            "weight_vectors": [
                [
                    0.06266553456327884
                ],
                [
                    0.061814497247349
                ]
            ],
            "phases": [
                2.4966322663736475,
                5.846124745447457
            ],
            "offset": -0.06896397735701394,
            "bounds": [
                [
                    6.455489312756563,
                    8.58421116282204
                ]
            ],
            "minimum_value": 0.0,
            "active_dims": [
                2
            ]
        },
        {
            "type": "Gaussian",
            "mean": [
                6.1517052338403175,
                4.68932112484422,
                4.914673788310273
            ],
            "std_dev": [
                3.747646890754404,
                0.6702248510311872,
                3.2504345136674475
            ],
            "max_amplitude": 0.1890341154305738,
            "active_dims": [
                0,
                1,
                2
            ]
        },
        {
            "type": "Sinus",
            "amplitudes": [
                0.23380124351535944,
                0.35095564880176444
            ],
            "frequencies": [
                0.740384723295921,
                1.4153116166921293
            ],
            "weight_vectors": [
                [
                    0.02549346735743019,
                    0.8323323573913014
                ],
                [
                    0.9106614679700221,
                    0.5388631320606859
                ]
            ],
            "phases": [
                4.4924124981324445,
                2.167938625349615
            ],
            "offset": 0.1520867364012766,
            "bounds": [
                [
                    0.2834379279465214,
                    6.454367794770786
                ],
                [
                    0.200625289646706,
                    3.215446358405429
                ]
            ],
            "minimum_value": 0.0,
            "active_dims": [
                0,
                2
            ]
        },
        {
            "type": "Ramp",
            "coeff": [
                1.6969357462491748,
                0.37652777022497275
            ],
            "min_value": 0.18018710728797782,
            "max_value": 0.19297995005796306,
            "bounds": [
                [
                    6.407161441458227,
                    8.126311119517734
                ],
                [
                    1.4228692201257573,
                    5.2979188957794925
                ]
            ],
            "active_dims": [
                1,
                2
            ]
        },
        {
            "type": "Ramp",
            "coeff": [
                1.7509250409117696,
                0.45704948534801937
            ],
            "min_value": 0.1797717602082585,
            "max_value": 0.3787532746234987,
            "bounds": [
                [
                    4.86640591715653,
                    8.41124769702503
                ],
                [
                    8.079369107013836,
                    9.354533273410622
                ]
            ],
            "active_dims": [
                0,
                1
            ]
        },
        {
            "type": "Gaussian",
            "mean": [
                7.991736832209947,
                7.515352399341422,
                0.9263290342431929
            ],
            "std_dev": [
                0.2699124803691816,
                3.3841763606393114,
                2.088139723502554
            ],
            "max_amplitude": 0.14077093741494898,
            "active_dims": [
                0,
                1,
                2
            ]
        }
    ],
    "stats": {
        "energy": 266290014.51048076,
        "bandwidth": 255,
        "mean": 0.15612584546131542,
        "std": 0.20158603858610175,
        "pct_over_06": 0.050265625,
        "pct_over_08": 0.0030625
    }
}