{
    "functions": [
        {
            "type": "Gaussian",
            "mean": [
                9.548414213855056,
                5.156847346486052
            ],
            "std_dev": [
                3.8786880222868647,
                0.5836219385544255
            ],
            "max_amplitude": 0.2137212239694857,
            "active_dims": [
                0,
                1
            ]
        },
        {
            "type": "Sinus",
            "amplitudes": [
                0.4023405678109167,
                0.272003099703563
            ],
            "frequencies": [
                1.50801010253486,
                0.4838340337638406
            ],
            "weight_vectors": [
                [
                    0.1870167196192809
                ],
                [
                    0.511186450021144
                ]
            ],
            "phases": [
                2.133741860436312,
                1.7418899226633204
            ],
            "offset": 0.08950657033752775,
            "bounds": [
                [
                    5.915066966664341,
                    7.580209280219024
                ]
            ],
            "minimum_value": 0.0,
            "active_dims": [
                2
            ]
        },
        {
            "type": "Sinus",
            "amplitudes": [
                0.37770284253184855,
                0.0726791345981446,
                0.08633496406084838
            ],
            "frequencies": [
                1.9157157149632869,
                1.2304670458014313,
                1.7163703791728682
            ],
            "weight_vectors": [
                [
                    0.96404797658202,
                    0.9986283719124394
                ],
                [
                    0.02389715431140349,
                    0.7579012337150649
                ],
                [
                    0.6311733168678145,
                    0.08405604657727062
                ]
            ],
            "phases": [
                2.0329559012524223,
                5.99105927739557,
                0.8674295822894462
            ],
            "offset": -0.050404039806682885,
            "bounds": [
                [
                    3.8417286557861363,
                    4.481194849611494
                ],
                [
                    3.808231864387494,
                    8.28142417327801
                ]
            ],
            "minimum_value": 0.0,
            "active_dims": [
                0,
                2
            ]
        },
        {
            "type": "Ramp",
            "coeff": [
                1.5982913732716675
            ],
            "min_value": 0.06117601671450283,
            "max_value": 0.06871877418537116,
            "bounds": [
                [
                    5.624800954113994,
                    6.688332232475162
                ]
            ],
            "active_dims": [
                2
            ]
        },
        {
            "type": "Ramp",
            "coeff": [
                1.3298750539979907
            ],
            "min_value": 0.11462489502912808,
            "max_value": 0.15024412820526895,
            "bounds": [
                [
                    7.570679030612639,
                    9.42785933265041
                ]
            ],
            "active_dims": [
                0
            ]
        },
        {
            "type": "Ramp",
            "coeff": [
                0.3527840741890076,
                1.6210970577198776
            ],
            "min_value": 0.21128605327677427,
            "max_value": 0.22191653245221787,
            "bounds": [
                [
                    3.3758413732771095,
                    3.902374758701743
                ],
                [
                    0.8296762977999285,
                    3.4291257516112683
                ]
            ],
            "active_dims": [
                1,
                2
            ]
        },
        {
            "type": "Gaussian",
            "mean": [
                9.727973962625057
            ],
            "std_dev": [
                0.9099434640031275
            ],
            "max_amplitude": 0.2927256349452648,
            "active_dims": [
                1
            ]
        },
        {
            "type": "Gaussian",
            "mean": [
                2.1320267618558244,
                5.88962467276707,
                7.343826797687212
            ],
            "std_dev": [
                2.4348966587379324,
                2.98739554493303,
                0.5741737709744268
            ],
            "max_amplitude": 0.2534102014073206,
            "active_dims": [
                0,
                1,
                2
            ]
        },
        {
            "type": "StaticHypercube",
            "dimensions": [
                [
                    6.90827517880298,
                    8.686095987661039
                ]
            ],
            "static_value": 0.06709937970806042,
            "active_dims": [
                1
            ]
        }
    ],
    "stats": {
        "energy": 205070750.6642565,
        "bandwidth": 170,
        "mean": 0.1488627207816154,
        "std": 0.16705086530121763,
        "pct_over_06": 0.029859375,
        "pct_over_08": 0.0065
    }
}