{
    "functions": [
        {
            "type": "StaticHypercube",
            "dimensions": [
                [
                    7.559512973062921,
                    9.752678530428083
                ],
                [
                    3.4901354356051204,
                    8.66611199312931
                ]
            ],
            "static_value": 0.3011719478179126,
            "active_dims": [
                1,
                2
            ]
        },
        {
            "type": "Ramp",
            "coeff": [
                0.9001210985974362,
                1.486467021372349
            ],
            "min_value": 0.175985739364593,
            "max_value": 0.4952005772133026,
            "bounds": [
                [
                    0.3835065510044335,
                    2.5208211705954913
                ],
                [
                    3.349967119033228,
                    6.277589602405967
                ]
            ],
            "active_dims": [
                1,
                2
            ]
        },
        {
            "type": "Gaussian",
            "mean": [
                8.886075020378494,
                5.652417199946389
            ],
            "std_dev": [
                1.4442380664996732,
                1.8691726265658677
            ],
            "max_amplitude": 0.35844778281314754,
            "active_dims": [
                0,
                2
            ]
        },
        {
            "type": "Sinus",
            "amplitudes": [
                0.19668023884297073,
                0.33911153107621006
            ],
            "frequencies": [
                1.7484126667075672,
                1.38854378547659
            ],
            "weight_vectors": [
                [
                    0.36240878057562,
                    0.25495846384706566
                ],
                [
                    0.09890831601377925,
                    0.049470390546895504
                ]
            ],
            "phases": [
                1.1215043492788443,
                4.7870091126190495
            ],
            "offset": -0.028183100864715076,
            "bounds": [
                [
                    9.195453661055504,
                    9.705980238426735
                ],
                [
                    6.08948064941455,
                    9.970460277118143
                ]
            ],
            "minimum_value": 0.0,
            "active_dims": [
                0,
                1
            ]
        },
        {
            "type": "Gaussian",
            "mean": [
                5.281249809785362
            ],
            "std_dev": [
                1.2029039178405763
            ],
            "max_amplitude": 0.06433974477703144,
            "active_dims": [
                1
            ]
        },
        {
            "type": "Gaussian",
            "mean": [
                0.9921604930649675
            ],
            "std_dev": [
                2.2843565749206527
            ],
            "max_amplitude": 0.17000240087668445,
            "active_dims": [
                2
            ]
        },
        {
            "type": "Gaussian",
            "mean": [
                6.058446254641941,
                5.627392826277538
            ],
            "std_dev": [
                2.118557581049599,
                3.8128420950037007
            ],
            "max_amplitude": 0.26437856013858446,
            "active_dims": [
                1,
                2
            ]
        },
        {
            "type": "Gaussian",
            "mean": [
                8.478091842831954,
                7.254722355409867,
                8.470966932370517
            ],
            "std_dev": [
                3.3493720092808466,
                0.7698948108409753,
                0.18839808169192812
            ],
            "max_amplitude": 0.2878975908428885,
            "active_dims": [
                0,
                1,
                2
            ]
        },
        {
            "type": "Gaussian",
            "mean": [
                6.12321679594495,
                0.17364894935538389
            ],
            "std_dev": [
                1.8628286480958638,
                2.3941201856820884
            ],
            "max_amplitude": 0.25089392160824686,
            "active_dims": [
                0,
                1
            ]
        }
    ],
    "stats": {
        "energy": 585271474.796922,
        "bandwidth": 31,
        "mean": 0.32099506443763187,
        "std": 0.19962643176261213,
        "pct_over_06": 0.116390625,
        "pct_over_08": 0.041921875
    }
}