{
    "functions": [
        {
            "type": "Sinus",
            "amplitudes": [
                0.128940978180863
            ],
            "frequencies": [
                0.9832531232825564
            ],
            "weight_vectors": [
                [
                    0.10553347895873011
                ]
            ],
            "phases": [
                4.306987177817951
            ],
            "offset": 0.1055623620783818,
            "bounds": [
                [
                    4.009946561012733,
                    7.63400723066713
                ]
            ],
            "minimum_value": 0.0,
            "active_dims": [
                2
            ]
        },
        {
            "type": "Sinus",
            "amplitudes": [
                0.07789280135905764,
                0.13601861867538986,
                0.1716474817671766,
                0.10601454593917191
            ],
            "frequencies": [
                1.1389480156556957,
                0.8506662746818963,
                1.2113332685961378,
                1.16444229705135
            ],
            "weight_vectors": [
                [
                    0.964234674906005,
                    0.7042490311650385
                ],
                [
                    0.026051551038449028,
                    0.7511216927606109
                ],
                [
                    0.11415994546125963,
                    0.3458860204451064
                ],
                [
                    0.9870537144892688,
                    0.9720821580296783
                ]
            ],
            "phases": [
                2.0780207774328834,
                2.2252748642644216,
                1.0531166282710855,
                3.644871873612528
            ],
            "offset": 0.1158784280425132,
            "bounds": [
                [
                    3.009758093782999,
                    8.496659649995708
                ],
                [
                    3.4639095537561264,
                    7.22031669506064
                ]
            ],
            "minimum_value": 0.0,
            "active_dims": [
                0,
                1
            ]
        },
        {
            "type": "Gaussian",
            "mean": [
                7.883430835365209
            ],
            "std_dev": [
                0.731166918101535
            ],
            "max_amplitude": 0.15881506766458292,
            "active_dims": [
                2
            ]
        },
        {
            "type": "Gaussian",
            "mean": [
                6.382467224584324,
                2.9308562410506633,
                0.44691547369784534
            ],
            "std_dev": [
                2.7736039173385465,
                1.4745591395525404,
                0.8292646421278116
            ],
            "max_amplitude": 0.18852322604724236,
            "active_dims": [
                0,
                1,
                2
            ]
        },
        {
            "type": "Sinus",
            "amplitudes": [
                0.13781871098135198,
                0.13089890813326244,
                0.3384501661649308,
                0.23419405891225337,
                0.08502130550314252
            ],
            "frequencies": [
                1.5899675327858216,
                1.456673794712714,
                1.8648629753769097,
                0.5433444981587631,
                0.25490362250228177
            ],
            "weight_vectors": [
                [
                    0.5881966162929063,
                    0.060022597156980884
                ],
                [
                    0.09183634269114005,
                    0.8896283669083696
                ],
                [
                    0.7252916187487837,
                    0.523350435737634
                ],
                [
                    0.9352286012826014,
                    0.322887210516573
                ],
                [
                    0.054817053385920134,
                    0.47481597131135833
                ]
            ],
            "phases": [
                5.073209886368672,
                1.3510311097413619,
                6.161564486834099,
                0.534681975822094,
                0.4625051437353625
            ],
            "offset": 0.0652875628423856,
            "bounds": [
                [
                    1.2024150834958287,
                    3.9902836556309285
                ],
                [
                    2.798656193062774,
                    6.900911022076616
                ]
            ],
            "minimum_value": 0.0,
            "active_dims": [
                0,
                1
            ]
        },
        {
            "type": "Gaussian",
            "mean": [
                0.011053345000396897,
                2.9779571972896934
            ],
            "std_dev": [
                0.6268668239324898,
                3.842706939407028
            ],
            "max_amplitude": 0.13004990884532786,
            "active_dims": [
                0,
                1
            ]
        },
        {
            "type": "StaticHypercube",
            "dimensions": [
                [
                    7.754159268620597,
                    9.652804759735695
                ]
            ],
            "static_value": 0.04798807036871366,
            "active_dims": [
                0
            ]
        },
        {
            "type": "Gaussian",
            "mean": [
                7.889425310883875,
                1.2039685149014956,
                2.1223707178683893
            ],
            "std_dev": [
                3.2998914481384682,
                3.003896860847374,
                1.5597964616091098
            ],
            "max_amplitude": 0.15450832612950152,
            "active_dims": [
                0,
                1,
                2
            ]
        },
        {
            "type": "Gaussian",
            "mean": [
                5.306001034247308,
                0.7624499846865651
            ],
            "std_dev": [
                0.7319684486634539,
                2.014515091028282
            ],
            "max_amplitude": 0.214219199773267,
            "active_dims": [
                0,
                2
            ]
        }
    ],
    "stats": {
        "energy": 195910740.67396963,
        "bandwidth": 89,
        "mean": 0.13201193645259005,
        "std": 0.1743634689560666,
        "pct_over_06": 0.049578125,
        "pct_over_08": 0.017609375
    }
}