{
    "functions": [
        {
            "type": "Sinus",
            "amplitudes": [
                0.1661171548334752,
                0.4501926954364196,
                0.23356563709699238,
                0.38277484585168325
            ],
            "frequencies": [
                1.9586805922307866,
                0.22595902819256924,
                1.9047623233880466,
                1.0336125885190546
            ],
            "weight_vectors": [
                [
                    0.06373992287694019,
                    0.18658465179947636,
                    0.7420312841721346
                ],
                [
                    0.7434080130323092,
                    0.9278694732101783,
                    0.07791750083817628
                ],
                [
                    0.08082297634087132,
                    0.7539776484915885,
                    0.5262641092917435
                ],
                [
                    0.0509006120108485,
                    0.7269307947600863,
                    0.6239709438744806
                ]
            ],
            "phases": [
                3.256016958288853,
                3.5212826785791203,
                3.066071053015893,
                2.9199179169973175
            ],
            "offset": 0.21475476117407444,
            "bounds": [
                [
                    4.791869948628612,
                    5.66116440565004
                ],
                [
                    2.6687485035997223,
                    7.431721920319873
                ],
                [
                    1.403661128495387,
                    2.4326791061822943
                ]
            ],
            "minimum_value": 0.0,
            "active_dims": [
                0,
                1,
                2
            ]
        },
        {
            "type": "Ramp",
            "coeff": [
                1.6538601769062546
            ],
            "min_value": 0.09165590021284074,
            "max_value": 0.43381869870128287,
            "bounds": [
                [
                    7.525827513157684,
                    8.83514800838798
                ]
            ],
            "active_dims": [
                2
            ]
        },
        {
            "type": "Ramp",
            "coeff": [
                1.1165770108670423,
                0.12424569263186092
            ],
            "min_value": 0.013304619675776862,
            "max_value": 0.13418456905430592,
            "bounds": [
                [
                    0.2354361555738755,
                    1.5102697004006769
                ],
                [
                    2.0447351616866967,
                    7.840431220009966
                ]
            ],
            "active_dims": [
                1,
                2
            ]
        },
        {
            "type": "Sinus",
            "amplitudes": [
                0.1318640716668229,
                0.18153912145285145,
                0.28685718838356694,
                0.204172371711421,
                0.3208036948639556
            ],
            "frequencies": [
                1.2570325724825884,
                0.26529561656996403,
                1.8878431753309974,
                1.9551016137338129,
                0.2642111796565526
            ],
            "weight_vectors": [
                [
                    0.8808310581239995,
                    0.8232924377095734
                ],
                [
                    0.7492304296905055,
                    0.5790984194730864
                ],
                [
                    0.17326120004902723,
                    0.8321438297029654
                ],
                [
                    0.4112829408660228,
                    0.018747149670046204
                ],
                [
                    0.32920457191219366,
                    0.23904604954246955
                ]
            ],
            "phases": [
                3.361176547358744,
                0.5494245378883776,
                3.563690058998523,
                4.230373707858679,
                0.11132755900642023
            ],
            "offset": -0.1597750341153389,
            "bounds": [
                [
                    2.4391525500855447,
                    5.039848067698976
                ],
                [
                    4.594391201612955,
                    6.224358445979165
                ]
            ],
            "minimum_value": 0.0,
            "active_dims": [
                0,
                2
            ]
        },
        {
            "type": "Gaussian",
            "mean": [
                3.822471682945756,
                3.668209210108758,
                7.082545912785098
            ],
            "std_dev": [
                2.0372354127340007,
                3.4708108858191373,
                3.4593157051820267
            ],
            "max_amplitude": 0.15095563071079882,
            "active_dims": [
                0,
                1,
                2
            ]
        },
        {
            "type": "Sinus",
            "amplitudes": [
                0.15020754622706975,
                0.29284352475574144,
                0.4401166368174853
            ],
            "frequencies": [
                0.1553299398083536,
                0.7978175338392351,
                0.6202386354450692
            ],
            "weight_vectors": [
                [
                    0.22719935638467248,
                    0.42374761487562573
                ],
                [
                    0.4561443088264492,
                    0.38965332562421184
                ],
                [
                    0.006994918287504759,
                    0.05512888346429312
                ]
            ],
            "phases": [
                2.0562802844734613,
                2.1532172370984815,
                0.9995178393376059
            ],
            "offset": -0.10767856461880257,
            "bounds": [
                [
                    3.2972412928560604,
                    5.733723068575561
                ],
                [
                    4.21970001952859,
                    4.5862099059878565
                ]
            ],
            "minimum_value": 0.0,
            "active_dims": [
                0,
                2
            ]
        },
        {
            "type": "Gaussian",
            "mean": [
                2.243918689053519,
                1.7871491011030005
            ],
            "std_dev": [
                2.730836971850837,
                1.148436885964641
            ],
            "max_amplitude": 0.30536809455798297,
            "active_dims": [
                0,
                1
            ]
        },
        {
            "type": "Ramp",
            "coeff": [
                0.15490191966277544,
                1.1181051458804678
            ],
            "min_value": 0.1492272343087446,
            "max_value": 0.3369668412001127,
            "bounds": [
                [
                    8.195970563588697,
                    9.19534459991527
                ],
                [
                    2.809102663993055,
                    7.953867076119298
                ]
            ],
            "active_dims": [
                0,
                1
            ]
        },
        {
            "type": "StaticHypercube",
            "dimensions": [
                [
                    0.3479936896493867,
                    3.200969141134659
                ]
            ],
            "static_value": 0.19257757481247603,
            "active_dims": [
                0
            ]
        }
    ],
    "stats": {
        "energy": 323272529.1245966,
        "bandwidth": 144,
        "mean": 0.20063574428300932,
        "std": 0.19664499846630382,
        "pct_over_06": 0.045125,