{
    "functions": [
        {
            "type": "Sinus",
            "amplitudes": [
                0.3254344958081884,
                0.1328721169724332
            ],
            "frequencies": [
                1.7485051890463492,
                0.41621170674592434
            ],
            "weight_vectors": [
                [
                    0.49852250512295826,
                    0.1110702216378584
                ],
                [
                    0.5499574719701954,
                    0.48873514959084785
                ]
            ],
            "phases": [
                2.465560279510107,
                2.5476971276433904
            ],
            "offset": -0.12127009476590683,
            "bounds": [
                [
                    3.2547871515608584,
                    7.551476563619261
                ],
                [
                    6.274687663220949,
                    8.81558632824233
                ]
            ],
            "minimum_value": 0.0,
            "active_dims": [
                0,
                1
            ]
        },
        {
            "type": "Gaussian",
            "mean": [
                5.481283706266007,
                0.6594513180617223,
                5.468778700949548
            ],
            "std_dev": [
                3.4470051381951414,
                2.103330168663497,
                0.7174372275806444
            ],
            "max_amplitude": 0.21321740869300276,
            "active_dims": [
                0,
                1,
                2
            ]
        },
        {
            "type": "StaticHypercube",
            "dimensions": [
                [
                    3.2925631809138234,
                    5.6039106000228385
                ]
            ],
            "static_value": 0.06681018682459933,
            "active_dims": [
                2
            ]
        },
        {
            "type": "Sinus",
            "amplitudes": [
                0.20197759063393048
            ],
            "frequencies": [
                0.3272601622021146
            ],
            "weight_vectors": [
                [
                    0.7889765195262664
                ]
            ],
            "phases": [
                2.03705530732714
            ],
            "offset": 0.1608062470067764,
            "bounds": [
                [
                    8.585567820372779,
                    8.94732578047992
                ]
            ],
            "minimum_value": 0.0,
            "active_dims": [
                1
            ]
        },
        {
            "type": "Gaussian",
            "mean": [
                2.4954074949463045
            ],
            "std_dev": [
                3.879701917850454
            ],
            "max_amplitude": 0.1999957938870337,
            "active_dims": [
                0
            ]
        },
        {
            "type": "Gaussian",
            "mean": [
                0.885788430125658,
                6.61426789629502,
                9.259739526955537
            ],
            "std_dev": [
                1.003607537591171,
                1.0891159705300189,
                0.5280914300470186
            ],
            "max_amplitude": 0.14294270809414084,
            "active_dims": [
                0,
                1,
                2
            ]
        },
        {
            "type": "Gaussian",
            "mean": [
                5.2762093915021495,
                2.9524370640785125
            ],
            "std_dev": [
                1.8973461806068093,
                0.40023154159154206
            ],
            "max_amplitude": 0.15591723253284534,
            "active_dims": [
                0,
                2
            ]
        },
        {
            "type": "Sinus",
            "amplitudes": [
                0.3623539757340523,
                0.15916073247428328
            ],
            "frequencies": [
                0.9323598589370001,
                0.8189557449677777
            ],
            "weight_vectors": [
                [
                    0.09514753791558439
                ],
                [
                    0.3296764969680128
                ]
            ],
            "phases": [
                1.3819606679889964,
                6.140215777216039
            ],
            "offset": 0.051501649129206,
            "bounds": [
                [
                    5.559395568638918,
                    5.9547496353776355
                ]
            ],
            "minimum_value": 0.0,
            "active_dims": [
                2
            ]
        },
        {
            "type": "Gaussian",
            "mean": [
                6.788702604628567
            ],
            "std_dev": [
                1.040981249230965
            ],
            "max_amplitude": 0.1656337979064094,
            "active_dims": [
                0
            ]
        }
    ],
    "stats": {
        "energy": 331520409.2683094,
        "bandwidth": 18,
        "mean": 0.24220149347220782,
        "std": 0.14925158786040743,
        "pct_over_06": 0.05,
        "pct_over_08": 0.0154375
    }
}