{
    "functions": [
        {
            "type": "Sinus",
            "amplitudes": [
                0.16769677216289505,
                0.15265208154504215,
                0.2106321711830858,
                0.14818559354283656,
                0.15324689594542432
            ],
            "frequencies": [
                1.414137994389595,
                0.3520551880276175,
                0.494253363132101,
                0.2823894505120068,
                1.148665805652865
            ],
            "weight_vectors": [
                [
                    0.14556731209648333,
                    0.25245787759190264,
                    0.7146472048233724
                ],
                [
                    0.07636277399017877,
                    0.09116937487455168,
                    0.49289338458660403
                ],
                [
                    0.48320278065884126,
                    0.048257945996866725,
                    0.6009931986086141
                ],
                [
                    0.45175884976436076,
                    0.17704444466001368,
                    0.14192855942481575
                ],
                [
                    0.1756585067354578,
                    0.14746888531313584,
                    0.795554720018125
                ]
            ],
            "phases": [
                4.292160093897442,
                2.101404417206594,
                3.439883956296638,
                6.216622580664015,
                5.975675602100329
            ],
            "offset": -0.01164896890478607,
            "bounds": [
                [
                    9.400530172610221,
                    9.72913949905455
                ],
                [
                    5.423930611630264,
                    9.419474963828417
                ],
                [
                    2.531954829723296,
                    5.776424370112433
                ]
            ],
            "minimum_value": 0.0,
            "active_dims": [
                0,
                1,
                2
            ]
        },
        {
            "type": "Gaussian",
            "mean": [
                8.316614383044834,
                5.374442309523877,
                0.9772607535931688
            ],
            "std_dev": [
                0.4155694055420087,
                2.3730354431994307,
                2.3055212614351737
            ],
            "max_amplitude": 0.12003686528703363,
            "active_dims": [
                0,
                1,
                2
            ]
        },
        {
            "type": "Sinus",
            "amplitudes": [
                0.08027624975127469
            ],
            "frequencies": [
                1.4321052488991783
            ],
            "weight_vectors": [
                [
                    0.7745481516377571,
                    0.062497158875073455,
                    0.5922188383759514
                ]
            ],
            "phases": [
                2.525245366961926
            ],
            "offset": 0.1103812444141281,
            "bounds": [
                [
                    3.658239020068694,
                    7.93887726370148
                ],
                [
                    3.0425923498961938,
                    7.4734412280961875
                ],
                [
                    3.677281227814135,
                    8.804379646039362
                ]
            ],
            "minimum_value": 0.0,
            "active_dims": [
                0,
                1,
                2
            ]
        },
        {
            "type": "Sinus",
            "amplitudes": [
                0.10633903472280415
            ],
            "frequencies": [
                1.2139740405771309
            ],
            "weight_vectors": [
                [
                    0.13895551798561034,
                    0.22083941530743845,
                    0.31981885433883395
                ]
            ],
            "phases": [
                5.6723763810512855
            ],
            "offset": -0.0029848291891102765,
            "bounds": [
                [
                    7.271588473635735,
                    7.635700428124625
                ],
                [
                    1.7544111727287124,
                    7.580185393915695
                ],
                [
                    3.5003073559821116,
                    8.340462683801043
                ]
            ],
            "minimum_value": 0.0,
            "active_dims": [
                0,
                1,
                2
            ]
        },
        {
            "type": "Gaussian",
            "mean": [
                4.419158389609922,
                2.347237618079588
            ],
            "std_dev": [
                1.6375471428221198,
                1.9110577480934503
            ],
            "max_amplitude": 0.11766031754084008,
            "active_dims": [
                0,
                1
            ]
        },
        {
            "type": "Sinus",
            "amplitudes": [
                0.12596540490307157,
                0.19189193307258257,
                0.11057244399159277,
                0.10699050183344642,
                0.18036872423924408
            ],
            "frequencies": [
                1.0761760884340643,
                0.4808066886707789,
                0.19916293853710418,
                0.3153486932569203,
                0.5892203024494345
            ],
            "weight_vectors": [
                [
                    0.47791685730314326,
                    0.029357444064214144,
                    0.08058850845793719
                ],
                [
                    0.3808128189718556,
                    0.09194565969442792,
                    0.13182219408974116
                ],
                [
                    0.6566070525474692,
                    0.986994309862591,
                    0.5116402041829641
                ],
                [
                    0.8979247083378251,
                    0.9983193048649195,
                    0.7149416785918901
                ],
                [
                    0.3864433190651966,
                    0.04766783173882072,
                    0.9611854252516621
                ]
            ],
            "phases": [
                5.592968310170877,
                4.526761999205487,
                0.3966397369155278,
                0.949876561368238,
                3.6589514381907757
            ],
            "offset": 0.12149849514699548,
            "bounds": [
                [
                    0.9223841832482936,
                    4.949624937124828
                ],
                [
                    5.38304153835726,
                    6.020866979637951
                ],
                [
                    1.1577974239956956,
                    3.2121094708549442
                ]
            ],
            "minimum_value": 0.0,
            "active_dims": [
                0,
                1,
                2
            ]
        },
        {
            "type": "Ramp",
            "coeff": [
                0.6488580287467998,
                0.5871090470403679
            ],
            "min_value": 0.15388393880294876,
            "max_value": 0.3387369528174584,
            "bounds": [
                [
                    2.7904085771011333,
                    7.76169776632814
                ],
                [
                    3.8510576283455955,
                    9.246832070629816
                ]
            ],
            "active_dims": [
                1,
                2
            ]
        },
        {
            "type": "Gaussian",
            "mean": [
                1.9889886255857903,
                2.325472067408403
            ],