{
    "functions": [
        {
            "type": "Gaussian",
            "mean": [
                0.621765014279847,
                3.389606135555976
            ],
            "std_dev": [
                2.564449628062134,
                3.854932814874786
            ],
            "max_amplitude": 0.28005660588480596,
            "active_dims": [
                1,
                2
            ]
        },
        {
            "type": "Sinus",
            "amplitudes": [
                0.1025235128960513,
                0.2242746176667514,
                0.17823162195766534,
                0.19301218703241527,
                0.19641948601443646
            ],
            "frequencies": [
                1.1563477559261977,
                1.080713222822328,
                1.9934708205095248,
                0.9014129155546169,
                0.47091046854240304
            ],
            "weight_vectors": [
                [
                    0.3782485126505468,
                    0.7144256940179758
                ],
                [
                    0.9269471252081389,
                    0.9357264533190454
                ],
                [
                    0.589565249239117,
                    0.3840853587644769
                ],
                [
                    0.2631368263422492,
                    0.2838032266139424
                ],
                [
                    0.03553751623462087,
                    0.8385673497080154
                ]
            ],
            "phases": [
                0.5773488859190922,
                3.5225438913331093,
                2.5824502276508134,
                1.1542540360818605,
                5.906407958875206
            ],
            "offset": -0.175741402417145,
            "bounds": [
                [
                    4.1075069469391785,
                    8.617612801598561
                ],
                [
                    3.8115573709929382,
                    5.531114128695242
                ]
            ],
            "minimum_value": 0.0,
            "active_dims": [
                0,
                1
            ]
        },
        {
            "type": "StaticHypercube",
            "dimensions": [
                [
                    0.5468542438904835,
                    4.669397271917481
                ],
                [
                    0.1386754753549463,
                    4.108768087996286
                ]
            ],
            "static_value": 0.1617824295383169,
            "active_dims": [
                0,
                2
            ]
        },
        {
            "type": "Gaussian",
            "mean": [
                1.8084762192047366,
                4.199247610403142
            ],
            "std_dev": [
                2.981331124975775,
                3.986213484709916
            ],
            "max_amplitude": 0.16300526710991406,
            "active_dims": [
                1,
                2
            ]
        },
        {
            "type": "Gaussian",
            "mean": [
                2.900426767407547,
                2.8143105983542247
            ],
            "std_dev": [
                3.5034110256329627,
                1.1586939901824924
            ],
            "max_amplitude": 0.16515471222272718,
            "active_dims": [
                1,
                2
            ]
        },
        {
            "type": "Gaussian",
            "mean": [
                7.430616588415278
            ],
            "std_dev": [
                2.993890857866778
            ],
            "max_amplitude": 0.2036451727940207,
            "active_dims": [
                2
            ]
        },
        {
            "type": "Sinus",
            "amplitudes": [
                0.33586385314328937,
                0.13117624391822963,
                0.191253261223447
            ],
            "frequencies": [
                1.8563181096813057,
                1.3790943473524764,
                0.5705147366487096
            ],
            "weight_vectors": [
                [
                    0.40261936371176765,
                    0.8978066733836493
                ],
                [
                    0.6771702776954169,
                    0.32972876279281527
                ],
                [
                    0.8699832405705992,
                    0.11121286046476997
                ]
            ],
            "phases": [
                6.008728239475153,
                0.4588954636298136,
                0.21318470629363034
            ],
            "offset": 0.19882799490179348,
            "bounds": [
                [
                    2.618108694981708,
                    6.520524202653068
                ],
                [
                    6.74830470294315,
                    9.344338597830808
                ]
            ],
            "minimum_value": 0.0,
            "active_dims": [
                0,
                1
            ]
        },
        {
            "type": "Gaussian",
            "mean": [
                8.762108303456484
            ],
            "std_dev": [
                0.7892979860326833
            ],
            "max_amplitude": 0.2009475215482449,
            "active_dims": [
                1
            ]
        },
        {
            "type": "Gaussian",
            "mean": [
                9.337842309342548,
                4.7615516924755505,
                9.647256147197059
            ],
            "std_dev": [
                0.6016414863860884,
                2.311345607440242,
                3.9224782985101663
            ],
            "max_amplitude": 0.32514203118903084,
            "active_dims": [
                0,
                1,
                2
            ]
        }
    ],
    "stats": {
        "energy": 807508238.5708749,
        "bandwidth": 27,
        "mean": 0.40635128073297755,
        "std": 0.17895307402783395,
        "pct_over_06": 0.156421875,
        "pct_over_08": 0.01734375
    }
}