{
    "functions": [
        {
            "type": "Sinus",
            "amplitudes": [
                0.14864010732512573,
                0.19473870735509285,
                0.1705215469980038
            ],
            "frequencies": [
                0.2900056421080418,
                0.56187290145502,
                1.756632333879862
            ],
            "weight_vectors": [
                [
                    0.8267121940823355,
                    0.19825038804219164
                ],
                [
                    0.4747768738729621,
                    0.04651121584036366
                ],
                [
                    0.20805141716233289,
                    0.6599657874132855
                ]
            ],
            "phases": [
                0.8959852266084547,
                1.4004470844031038,
                3.1513202799199793
            ],
            "offset": -0.032724434025323115,
            "bounds": [
                [
                    1.306528105575084,
                    4.342077319326762
                ],
                [
                    3.5898361576331212,
                    9.623183857583527
                ]
            ],
            "minimum_value": 0.0,
            "active_dims": [
                0,
                1
            ]
        },
        {
            "type": "Gaussian",
            "mean": [
                8.989880162250172
            ],
            "std_dev": [
                1.1306413698139197
            ],
            "max_amplitude": 0.12979375298695747,
            "active_dims": [
                1
            ]
        },
        {
            "type": "Gaussian",
            "mean": [
                0.10516086098242394,
                9.29743362770058
            ],
            "std_dev": [
                3.9209270637063782,
                2.009402672814058
            ],
            "max_amplitude": 0.08818830296146075,
            "active_dims": [
                0,
                1
            ]
        },
        {
            "type": "Sinus",
            "amplitudes": [
                0.08055716056401703,
                0.12235406295145405,
                0.16742727294325876
            ],
            "frequencies": [
                1.66917926416522,
                0.27995605149544944,
                1.2010908643451055
            ],
            "weight_vectors": [
                [
                    0.8364368552012592,
                    0.31759157359182
                ],
                [
                    0.8010884781224599,
                    0.4561585926058219
                ],
                [
                    0.3423581015035867,
                    0.994914417842115
                ]
            ],
            "phases": [
                4.017135539222731,
                4.662433358384133,
                2.4304112665956956
            ],
            "offset": -0.03844088270240265,
            "bounds": [
                [
                    6.80303972339847,
                    9.132536870973075
                ],
                [
                    1.7442547641997537,
                    6.148255729992312
                ]
            ],
            "minimum_value": 0.0,
            "active_dims": [
                0,
                2
            ]
        },
        {
            "type": "Ramp",
            "coeff": [
                0.5580784445437059,
                0.5862833394531537
            ],
            "min_value": 0.08843208466716858,
            "max_value": 0.09448712027033726,
            "bounds": [
                [
                    8.374760305248504,
                    9.249668819908727
                ],
                [
                    1.2071780440069024,
                    6.297702211891135
                ]
            ],
            "active_dims": [
                0,
                1
            ]
        },
        {
            "type": "Ramp",
            "coeff": [
                1.0902368394485271,
                0.9744400447715402
            ],
            "min_value": 0.04450443222626312,
            "max_value": 0.08793616378209188,
            "bounds": [
                [
                    1.1065999137914273,
                    6.1025751586644725
                ],
                [
                    0.4756007584126831,
                    3.8369468253790364
                ]
            ],
            "active_dims": [
                1,
                2
            ]
        },
        {
            "type": "Sinus",
            "amplitudes": [
                0.07468790329831933,
                0.14357728293295263,
                0.11373664330651197
            ],
            "frequencies": [
                1.2644145174708825,
                1.0523311873692858,
                1.7584151846931273
            ],
            "weight_vectors": [
                [
                    0.722516635652426
                ],
                [
                    0.9732111275719494
                ],
                [
                    0.6470772349926501
                ]
            ],
            "phases": [
                2.491539681257765,
                2.6925522855055815,
                3.5016327842178616
            ],
            "offset": -0.06797246183244429,
            "bounds": [
                [
                    2.7731503337394607,
                    4.982714636307368
                ]
            ],
            "minimum_value": 0.0,
            "active_dims": [
                1
            ]
        },
        {
            "type": "Sinus",
            "amplitudes": [
                0.13447512324386296,
                0.18029118099655145,
                0.21516958581961038,
                0.07128922311509668,
                0.05648368756703302
            ],
            "frequencies": [
                1.8459891982248544,
                0.7483910622715055,
                0.14613033666996023,
                1.7272524501956963,
                0.34938062778807966
            ],
            "weight_vectors": [
                [
                    0.48453075199435325,
                    0.6115870488049635,
                    0.3027830159200021
                ],
                [
                    0.52824404907411,
                    0.6311294312338194,
                    0.6465671454915519
                ],
                [
                    0.24792697067602787,
                    0.5302525511886302,
                    0.11509291151307188
                ],
                [
                    0.858788032482661,
                    0.44748862592641636,
                    0.9216187957331284
                ],
                [
                    0.8531019439647136,
                    0.29710146646015534,
                    0.4813899837149531
                ]
            ],
            "phases": [
                4.831107932280197,
                6.055729488905904,
                2.1645839065590824,
                5.694363389636263,
                2.3716785595435153
            ],
            "offset": 0.0962481292018495,
            "bounds": [
                [
                    3.3680746359607436,
                    5.638384229877608
                ],
                [
                    5.1275395609739824,
                    9.715612762705172
                ],
                [
                    5.771199184238306,
                    6.4392331212352865
                ]
            ],
            "minimum_value": 0.0,
            "active_dims": [
                0,
                1,
                2
            ]
        },
        {
            "type": "StaticHypercube",
            "dimensions": [
                [
                    1.884652264978957,
                    7.649302643540145
                ]
            ],
            "static_value": 0.05771151263560801,