{
    "functions": [
        {
            "type": "Ramp",
            "coeff": [
                0.27862166875544214
            ],
            "min_value": 0.08051961664801054,
            "max_value": 0.10984092077389501,
            "bounds": [
                [
                    1.2892998984015591,
                    2.465140733416754
                ]
            ],
            "active_dims": [
                0
            ]
        },
        {
            "type": "Sinus",
            "amplitudes": [
                0.20739089933855126,
                0.0333235878740409,
                0.0584317087869377,
                0.23608630444991796,
                0.10774381792399074
            ],
            "frequencies": [
                1.2412455385538335,
                1.2318466301530009,
                0.5994903917141428,
                1.5203658172508003,
                0.6316880084237827
            ],
            "weight_vectors": [
                [
                    0.9195255141379358
                ],
                [
                    0.5674137157096746
                ],
                [
                    0.19071948093429658
                ],
                [
                    0.38128175688613153
                ],
                [
                    0.3862678363275379
                ]
            ],
            "phases": [
                1.1787431696472657,
                3.07757540688733,
                1.042345830412987,
                3.6464505333392934,
                3.2198447857344514
            ],
            "offset": -0.00332766664294155,
            "bounds": [
                [
                    0.7757405843431056,
                    6.877244052486774
                ]
            ],
            "minimum_value": 0.0,
            "active_dims": [
                0
            ]
        },
        {
            "type": "Gaussian",
            "mean": [
                1.4876759388712102,
                4.526874829668652
            ],
            "std_dev": [
                3.5845122698848058,
                3.759906489967309
            ],
            "max_amplitude": 0.053136686966227885,
            "active_dims": [
                0,
                2
            ]
        },
        {
            "type": "Gaussian",
            "mean": [
                6.150483602516326,
                7.790820219393054
            ],
            "std_dev": [
                1.6812851853084407,
                2.8562362914600175
            ],
            "max_amplitude": 0.17105323415409315,
            "active_dims": [
                0,
                2
            ]
        },
        {
            "type": "Gaussian",
            "mean": [
                3.4070359053054355
            ],
            "std_dev": [
                2.669600361803023
            ],
            "max_amplitude": 0.11361874376692212,
            "active_dims": [
                0
            ]
        },
        {
            "type": "Ramp",
            "coeff": [
                0.6031193669758306,
                1.4502554689298501
            ],
            "min_value": 0.14278826820409093,
            "max_value": 0.20256123627859993,
            "bounds": [
                [
                    1.4134133481614413,
                    7.384165800226416
                ],
                [
                    4.940869647777998,
                    7.257531023884864
                ]
            ],
            "active_dims": [
                0,
                2
            ]
        },
        {
            "type": "StaticHypercube",
            "dimensions": [
                [
                    2.451462101010226,
                    6.760824176803837
                ],
                [
                    3.4636856516447323,
                    4.787521008356959
                ],
                [
                    5.030641255333537,
                    7.331889422227356
                ]
            ],
            "static_value": 0.19731607603530266,
            "active_dims": [
                0,
                1,
                2
            ]
        },
        {
            "type": "Gaussian",
            "mean": [
                2.5333810145749935,
                7.6823832480455,
                1.9579638619384698
            ],
            "std_dev": [
                2.9454776706254164,
                1.652530920124094,
                1.7229888654948626
            ],
            "max_amplitude": 0.13969535607336325,
            "active_dims": [
                0,
                1,
                2
            ]
        },
        {
            "type": "Gaussian",
            "mean": [
                1.775812563926178
            ],
            "std_dev": [
                0.14499624014358217
            ],
            "max_amplitude": 0.13280730325464504,
            "active_dims": [
                2
            ]
        }
    ],
    "stats": {
        "energy": 369948594.8267341,
        "bandwidth": 15,
        "mean": 0.234930503762318,
        "std": 0.18742235608607116,
        "pct_over_06": 0.0461875,
        "pct_over_08": 0.005625
    }
}