{
    "functions": [
        {
            "type": "Sinus",
            "amplitudes": [
                0.23117951003216974,
                0.27058690542343633,
                0.23694624392949254
            ],
            "frequencies": [
                0.6514306354615438,
                0.6985059034228237,
                0.22609643228061846
            ],
            "weight_vectors": [
                [
                    0.1756626147684478,
                    0.5438645606677368,
                    0.20451953749257934
                ],
                [
                    0.2027770089416816,
                    0.37703290923378974,
                    0.12493152753083325
                ],
                [
                    0.11435670882446558,
                    0.7208535757476459,
                    0.09932422333102031
                ]
            ],
            "phases": [
                0.057957869012729216,
                5.319645882385572,
                5.241440116833257
            ],
            "offset": 0.060481411317323146,
            "bounds": [
                [
                    3.206478456609163,
                    6.5491444570989295
                ],
                [
                    6.555674129367803,
                    8.319522417759302
                ],
                [
                    6.800890200184889,
                    7.450872518465213
                ]
            ],
            "minimum_value": 0.0,
            "active_dims": [
                0,
                1,
                2
            ]
        },
        {
            "type": "Gaussian",
            "mean": [
                5.919014976333102
            ],
            "std_dev": [
                0.9501100539680547
            ],
            "max_amplitude": 0.2500711803335127,
            "active_dims": [
                0
            ]
        },
        {
            "type": "Gaussian",
            "mean": [
                8.090902224864912,
                9.674654995021912,
                1.0135306286845835
            ],
            "std_dev": [
                3.9278875355850484,
                2.309165262846948,
                2.614471909286263
            ],
            "max_amplitude": 0.11319293529977194,
            "active_dims": [
                0,
                1,
                2
            ]
        },
        {
            "type": "Sinus",
            "amplitudes": [
                0.0711136585237314,
                0.20046091081916495
            ],
            "frequencies": [
                0.8219830858212281,
                1.795235378186821
            ],
            "weight_vectors": [
                [
                    0.44075735351475165
                ],
                [
                    0.4866743572173845
                ]
            ],
            "phases": [
                0.5337464027550473,
                3.683048379665862
            ],
            "offset": -0.01105357829135541,
            "bounds": [
                [
                    3.2533874269473806,
                    9.096890888774702
                ]
            ],
            "minimum_value": 0.0,
            "active_dims": [
                2
            ]
        },
        {
            "type": "StaticHypercube",
            "dimensions": [
                [
                    6.498801988577452,
                    9.777361477675163
                ],
                [
                    1.9059768174672747,
                    3.650284880759957
                ]
            ],
            "static_value": 0.21578122891591225,
            "active_dims": [
                0,
                1
            ]
        },
        {
            "type": "Gaussian",
            "mean": [
                2.4120035247362615,
                5.0127828244388635
            ],
            "std_dev": [
                3.481802150419754,
                2.8471602790109314
            ],
            "max_amplitude": 0.23526332542995848,
            "active_dims": [
                1,
                2
            ]
        },
        {
            "type": "Gaussian",
            "mean": [
                3.3637353544509763,
                1.9256919144658102
            ],
            "std_dev": [
                1.8690005078237468,
                2.554541230223092
            ],
            "max_amplitude": 0.18722512472035524,
            "active_dims": [
                1,
                2
            ]
        },
        {
            "type": "Ramp",
            "coeff": [
                1.4837519348579828,
                0.08476485125856126
            ],
            "min_value": 0.11244523411416021,
            "max_value": 0.266089917826898,
            "bounds": [
                [
                    1.260401049010304,
                    3.1829590100665177
                ],
                [
                    1.3616569916001808,
                    3.6329968007293605
                ]
            ],
            "active_dims": [
                0,
                1
            ]
        },
        {
            "type": "Sinus",
            "amplitudes": [
                0.08382489757228338,
                0.18139184336585984,
                0.2736656289252807
            ],
            "frequencies": [
                0.4389669643298326,
                1.3378548964098125,
                1.199823385221947
            ],
            "weight_vectors": [
                [
                    0.5252751667924435
                ],
                [
                    0.4419813607223201
                ],
                [
                    0.3296599240574516
                ]
            ],
            "phases": [
                3.768246522727259,
                2.595665552048483,
                5.743429280221749
            ],
            "offset": -0.08581219747658832,
            "bounds": [
                [
                    3.196185173538285,
                    4.589492552893869
                ]
            ],
            "minimum_value": 0.0,
            "active_dims": [
                1
            ]
        }
    ],
    "stats": {
        "energy": 431281021.9578078,
        "bandwidth": 17,
        "mean": 0.26786875150916134,
        "std": 0.18313806326468862,
        "pct_over_06": 0.052078125,
        "pct_over_08": 0.006390625
    }
}