{
    "functions": [
        {
            "type": "Ramp",
            "coeff": [
                0.1397708236110411,
                0.8465686431523196,
                0.020878969235594402
            ],
            "min_value": 0.11758186796228777,
            "max_value": 0.24990552592874526,
            "bounds": [
                [
                    0.06917608479780141,
                    1.8520425883625893
                ],
                [
                    5.896898663240026,
                    6.923691032320503
                ],
                [
                    1.006342003949638,
                    8.329813513336475
                ]
            ],
            "active_dims": [
                0,
                1,
                2
            ]
        },
        {
            "type": "Sinus",
            "amplitudes": [
                0.10140348665373863,
                0.3461215706929606
            ],
            "frequencies": [
                1.8236199854806943,
                1.2648623290047627
            ],
            "weight_vectors": [
                [
                    0.3799087761461669,
                    0.999112643742047,
                    0.618680206953592
                ],
                [
                    0.8416704833747616,
                    0.21887210408402547,
                    0.974088845001137
                ]
            ],
            "phases": [
                4.968205276249509,
                2.124709826879912
            ],
            "offset": 0.16345896447182826,
            "bounds": [
                [
                    1.613519637995244,
                    5.277223887902089
                ],
                [
                    7.796183598453205,
                    9.848865594466858
                ],
                [
                    7.3590416715529905,
                    9.571607923433966
                ]
            ],
            "minimum_value": 0.0,
            "active_dims": [
                0,
                1,
                2
            ]
        },
        {
            "type": "Gaussian",
            "mean": [
                7.398641708107841
            ],
            "std_dev": [
                0.6446412515108717
            ],
            "max_amplitude": 0.326077431462284,
            "active_dims": [
                0
            ]
        },
        {
            "type": "Sinus",
            "amplitudes": [
                0.195224103239425
            ],
            "frequencies": [
                0.2653971450038506
            ],
            "weight_vectors": [
                [
                    0.9385717982904482
                ]
            ],
            "phases": [
                1.2349367737570056
            ],
            "offset": 0.18873429481462284,
            "bounds": [
                [
                    5.820401963196573,
                    8.66000031678794
                ]
            ],
            "minimum_value": 0.0,
            "active_dims": [
                0
            ]
        },
        {
            "type": "Sinus",
            "amplitudes": [
                0.2574311469461527,
                0.1883213281141666
            ],
            "frequencies": [
                1.9778451626289748,
                0.8965878474660884
            ],
            "weight_vectors": [
                [
                    0.9260141527149351,
                    0.9994976046582256
                ],
                [
                    0.09979185555337511,
                    0.0758946457683588
                ]
            ],
            "phases": [
                5.634814619436035,
                0.7013409534881759
            ],
            "offset": 0.03258647835013707,
            "bounds": [
                [
                    5.985732348615987,
                    7.346193226563925
                ],
                [
                    0.6317595320810026,
                    5.093766394166238
                ]
            ],
            "minimum_value": 0.0,
            "active_dims": [
                1,
                2
            ]
        },
        {
            "type": "Sinus",
            "amplitudes": [
                0.26473345266720927
            ],
            "frequencies": [
                0.46212827746817975
            ],
            "weight_vectors": [
                [
                    0.12786173501958586
                ]
            ],
            "phases": [
                4.390595761127709
            ],
            "offset": -0.2002571184917025,
            "bounds": [
                [
                    0.45029171734390067,
                    3.7653514114943447
                ]
            ],
            "minimum_value": 0.0,
            "active_dims": [
                0
            ]
        },
        {
            "type": "StaticHypercube",
            "dimensions": [
                [
                    4.996192718959615,
                    6.276379583564518
                ],
                [
                    1.0317826612580683,
                    3.127205556654948
                ]
            ],
            "static_value": 0.2059616111749039,
            "active_dims": [
                1,
                2
            ]
        },
        {
            "type": "Sinus",
            "amplitudes": [
                0.2724620629498927
            ],
            "frequencies": [
                0.6310505835127957
            ],
            "weight_vectors": [
                [
                    0.4176796613588283,
                    0.010759226763741192
                ]
            ],
            "phases": [
                1.9297011830483644
            ],
            "offset": 0.11489636226965105,
            "bounds": [
                [
                    5.515519408642229,
                    5.884947551958512
                ],
                [
                    5.058204380068957,
                    7.860555082026799
                ]
            ],
            "minimum_value": 0.0,
            "active_dims": [
                0,
                2
            ]
        },
        {
            "type": "Sinus",
            "amplitudes": [
                0.19399255623793377
            ],
            "frequencies": [
                1.7716498692834408
            ],
            "weight_vectors": [
                [
                    0.24639445939303717
                ]
            ],
            "phases": [
                4.272177015572232
            ],
            "offset": -0.020159053180521736,
            "bounds": [
                [
                    4.413284454431938,
                    8.163512109286778
                ]
            ],
            "minimum_value": 0.0,
            "active_dims": [
                1
            ]
        }
    ],
    "stats": {
        "energy": 323627888.0731,
        "bandwidth": 64,
        "mean": 0.15528906800407316,
        "std": 0.23429899747976515,
        "pct_over_06": 0.06871875,
        "pct_over_08": 0.01396875
    }
}