{
    "functions": [
        {
            "type": "Sinus",
            "amplitudes": [
                0.14088313647983658,
                0.16616372055399958,
                0.16838302602900324,
                0.4291485541467981,
                0.3954487319493332
            ],
            "frequencies": [
                1.4286574154433107,
                1.2740749808232696,
                0.4417120495093775,
                0.7440139375998771,
                1.534015665987529
            ],
            "weight_vectors": [
                [
                    0.919637506077388,
                    0.48695174104156325,
                    0.7244703757514906
                ],
                [
                    0.5525142637866063,
                    0.7800917079536446,
                    0.6833188807068943
                ],
                [
                    0.7114528550550132,
                    0.6985230827935681,
                    0.47823926337978706
                ],
                [
                    0.475558860184792,
                    0.37628399338974605,
                    0.5008652987799277
                ],
                [
                    0.05016747018798584,
                    0.8866057244854303,
                    0.5652177652499837
                ]
            ],
            "phases": [
                1.9446159347724359,
                2.127294723996968,
                4.649397619784173,
                5.501400227976857,
                1.8463990035771967
            ],
            "offset": 0.1163334226727637,
            "bounds": [
                [
                    4.700146461597354,
                    8.05092269422075
                ],
                [
                    4.021506602445383,
                    9.369732186623871
                ],
                [
                    3.4711577242482585,
                    4.047263591157192
                ]
            ],
            "minimum_value": 0.0,
            "active_dims": [
                0,
                1,
                2
            ]
        },
        {
            "type": "StaticHypercube",
            "dimensions": [
                [
                    2.1348032060025006,
                    6.093335127388635
                ],
                [
                    7.033097877917821,
                    8.086403391520912
                ]
            ],
            "static_value": 0.3740090552411836,
            "active_dims": [
                1,
                2
            ]
        },
        {
            "type": "Gaussian",
            "mean": [
                9.435424211290242,
                5.215355614049711
            ],
            "std_dev": [
                0.5762990202863225,
                2.2226485643090212
            ],
            "max_amplitude": 0.3070593519287518,
            "active_dims": [
                0,
                2
            ]
        },
        {
            "type": "StaticHypercube",
            "dimensions": [
                [
                    0.7902222818434317,
                    2.645213794440216
                ],
                [
                    1.0945620002749639,
                    1.9517463552583405
                ]
            ],
            "static_value": 0.4621660468812281,
            "active_dims": [
                0,
                1
            ]
        },
        {
            "type": "Ramp",
            "coeff": [
                0.4470121108381149,
                1.7151708907240117,
                1.238927027789373
            ],
            "min_value": 0.12303533969518764,
            "max_value": 0.2239668901750193,
            "bounds": [
                [
                    2.128583609223553,
                    5.462459561241763
                ],
                [
                    4.731457456254954,
                    7.713497541979137
                ],
                [
                    3.9757115384606156,
                    7.9291935500667865
                ]
            ],
            "active_dims": [
                0,
                1,
                2
            ]
        },
        {
            "type": "StaticHypercube",
            "dimensions": [
                [
                    1.9385368854314684,
                    4.1354044896842925
                ]
            ],
            "static_value": 0.41514716684031866,
            "active_dims": [
                0
            ]
        },
        {
            "type": "StaticHypercube",
            "dimensions": [
                [
                    4.859184804515169,
                    8.646482827349667
                ]
            ],
            "static_value": 0.21079325600450421,
            "active_dims": [
                1
            ]
        },
        {
            "type": "Sinus",
            "amplitudes": [
                0.5924449708216842,
                0.39976975767704787
            ],
            "frequencies": [
                0.9908361476543711,
                0.20977732553201806
            ],
            "weight_vectors": [
                [
                    0.6654470971250851,
                    0.9107866569183773
                ],
                [
                    0.23664302228118805,
                    0.4617870657909722
                ]
            ],
            "phases": [
                1.1698135324884933,
                5.7301019847348815
            ],
            "offset": -0.325475193283387,
            "bounds": [
                [
                    5.6294691027799,
                    8.127213612671738
                ],
                [
                    6.0817461858273205,
                    9.121471328802286
                ]
            ],
            "minimum_value": 0.0,
            "active_dims": [
                0,
                1
            ]
        },
        {
            "type": "StaticHypercube",
            "dimensions": [
                [
                    4.721937030765945,
                    5.240304991296786
                ],
                [
                    1.5886362518544033,
                    4.8077021992751625
                ]
            ],
            "static_value": 0.20748762787072333,
            "active_dims": [
                1,
                2
            ]
        }
    ],
    "stats": {
        "energy": 383134796.88355386,
        "bandwidth": 83,
        "mean": 0.23145608245055985,
        "std": 0.19991710949050484,
        "pct_over_06": 0.041140625,
        "pct_over_08": 0.011375
    }
}