{
    "functions": [
        {
            "type": "Sinus",
            "amplitudes": [
                0.20166441768072838,
                0.19972042832468254,
                0.1944960927227791,
                0.3376802437151506
            ],
            "frequencies": [
                1.2734845242697634,
                1.8306111830734255,
                1.0612144287419412,
                1.0678321881934583
            ],
            "weight_vectors": [
                [
                    0.1853431415249407,
                    0.03521453880677938
                ],
                [
                    0.1310049417397564,
                    0.5667771785381479
                ],
                [
                    0.005031840023939416,
                    0.9650738986252089
                ],
                [
                    0.4346649821855135,
                    0.7526139778397789
                ]
            ],
            "phases": [
                4.748565524038718,
                3.285082031516224,
                0.6868450298343814,
                0.7628859180870073
            ],
            "offset": -0.1475089684210089,
            "bounds": [
                [
                    5.647443741512998,
                    8.91540068602535
                ],
                [
                    5.0462128117062885,
                    7.107894033188476
                ]
            ],
            "minimum_value": 0.0,
            "active_dims": [
                0,
                1
            ]
        },
        {
            "type": "Gaussian",
            "mean": [
                5.390369757070229,
                7.894380214225679,
                7.964060953368652
            ],
            "std_dev": [
                0.29539832337163285,
                2.458362169914081,
                3.296464809914294
            ],
            "max_amplitude": 0.14779646362593526,
            "active_dims": [
                0,
                1,
                2
            ]
        },
        {
            "type": "Gaussian",
            "mean": [
                3.356746663330062,
                9.699766975262998
            ],
            "std_dev": [
                1.1184558513739264,
                3.736257398151928
            ],
            "max_amplitude": 0.1379977982753304,
            "active_dims": [
                1,
                2
            ]
        },
        {
            "type": "Gaussian",
            "mean": [
                3.106530602199248
            ],
            "std_dev": [
                2.1177952757037133
            ],
            "max_amplitude": 0.2353707159239589,
            "active_dims": [
                2
            ]
        },
        {
            "type": "Gaussian",
            "mean": [
                5.047754998708288,
                7.707524978450664
            ],
            "std_dev": [
                2.5988192876233938,
                0.6465998644547818
            ],
            "max_amplitude": 0.24818406220853967,
            "active_dims": [
                1,
                2
            ]
        },
        {
            "type": "Gaussian",
            "mean": [
                3.449853185647326
            ],
            "std_dev": [
                1.7214184011834852
            ],
            "max_amplitude": 0.280367654489331,
            "active_dims": [
                1
            ]
        },
        {
            "type": "Ramp",
            "coeff": [
                1.5832317417507946,
                0.8350749150251937
            ],
            "min_value": 0.048251309162461495,
            "max_value": 0.17934152150993912,
            "bounds": [
                [
                    3.236981980582701,
                    7.903574093477252
                ],
                [
                    1.0048740533594098,
                    1.5790453650037342
                ]
            ],
            "active_dims": [
                1,
                2
            ]
        },
        {
            "type": "Gaussian",
            "mean": [
                1.3128576003445813,
                2.914056133867801
            ],
            "std_dev": [
                0.7593335319944466,
                2.3847795349720164
            ],
            "max_amplitude": 0.2521685822505847,
            "active_dims": [
                0,
                2
            ]
        },
        {
            "type": "Sinus",
            "amplitudes": [
                0.4109330786731732,
                0.190694497450989,
                0.2463863224808184,
                0.1532881020432015,
                0.2827549374120068
            ],
            "frequencies": [
                1.197256876605947,
                0.8683673729959666,
                1.4100408786942003,
                1.3686470222340534,
                1.8868627629839252
            ],
            "weight_vectors": [
                [
                    0.223733535529818,
                    0.38416345017184583
                ],
                [
                    0.7731158666921514,
                    0.024788886028859536
                ],
                [
                    0.3303373839846696,
                    0.5204433334599725
                ],
                [
                    0.9977674141737236,
                    0.5437841040352115
                ],
                [
                    0.9789359658159552,
                    0.7344674883123087
                ]
            ],
            "phases": [
                1.524799840773254,
                5.902088881088049,
                0.16030191812793118,
                6.114592229739631,
                3.7193002276259377
            ],
            "offset": 0.1668539713695153,
            "bounds": [
                [
                    6.83155170113451,
                    7.6252939078129875
                ],
                [
                    3.9798991504555277,
                    6.1966714105428835
                ]
            ],
            "minimum_value": 0.0,
            "active_dims": [
                0,
                1
            ]
        }
    ],
    "stats": {
        "energy": 490745986.2805758,
        "bandwidth": 6,
        "mean": 0.30575785612161654,
        "std": 0.16224415313561846,
        "pct_over_06": 0.033875,
        "pct_over_08": 0.00075
    }
}