{
    "functions": [
        {
            "type": "Sinus",
            "amplitudes": [
                0.3540049610209301,
                0.34638840113139535,
                0.08842121234212877,
                0.23545860737489033
            ],
            "frequencies": [
                1.4508526596434275,
                1.2205342960777377,
                0.6009487132109076,
                1.8423051375454498
            ],
            "weight_vectors": [
                [
                    0.26596690991536365,
                    0.41204464293255094,
                    0.704006202815251
                ],
                [
                    0.055682680706792054,
                    0.18883099438065043,
                    0.3172312230043054
                ],
                [
                    0.9897161348810793,
                    0.8763483671635548,
                    0.9604690919992624
                ],
                [
                    0.561654386424748,
                    0.13421846043917662,
                    0.31810848802160274
                ]
            ],
            "phases": [
                5.528311155150648,
                1.5584741219385814,
                3.244938606057088,
                4.0528502529758015
            ],
            "offset": 0.01384528952636631,
            "bounds": [
                [
                    2.169643863280942,
                    5.679441619073903
                ],
                [
                    5.577881485683194,
                    8.33292727112332
                ],
                [
                    5.114128094461906,
                    7.292632552747543
                ]
            ],
            "minimum_value": 0.0,
            "active_dims": [
                0,
                1,
                2
            ]
        },
        {
            "type": "Gaussian",
            "mean": [
                4.892729846958861,
                9.48894789729,
                2.444858529067584
            ],
            "std_dev": [
                2.7905035393308326,
                1.604203458552441,
                0.2958912068392924
            ],
            "max_amplitude": 0.030424608797723223,
            "active_dims": [
                0,
                1,
                2
            ]
        },
        {
            "type": "Sinus",
            "amplitudes": [
                0.17427685190667302,
                0.49237535845217806
            ],
            "frequencies": [
                1.6596223652091076,
                0.4429518982982851
            ],
            "weight_vectors": [
                [
                    0.6677289992606932
                ],
                [
                    0.8301421456573012
                ]
            ],
            "phases": [
                0.37925147994375513,
                3.8208788226709736
            ],
            "offset": -0.020647642940217096,
            "bounds": [
                [
                    2.3846158046589823,
                    4.571029701921831
                ]
            ],
            "minimum_value": 0.0,
            "active_dims": [
                0
            ]
        },
        {
            "type": "Sinus",
            "amplitudes": [
                0.14255818404314669,
                0.3726061248827626,
                0.08731207985200706,
                0.3091025166339188
            ],
            "frequencies": [
                0.3757014998290322,
                1.6873110564419374,
                1.7792376467264677,
                0.6666392157592481
            ],
            "weight_vectors": [
                [
                    0.7651496676998799
                ],
                [
                    0.7995053856578357
                ],
                [
                    0.9061116321605932
                ],
                [
                    0.9079031861809302
                ]
            ],
            "phases": [
                1.7799532473619801,
                5.945700683883464,
                1.3301123316790544,
                5.358622364926203
            ],
            "offset": 0.10154065994221022,
            "bounds": [
                [
                    2.3456412996561347,
                    5.851932653130028
                ]
            ],
            "minimum_value": 0.0,
            "active_dims": [
                0
            ]
        },
        {
            "type": "Gaussian",
            "mean": [
                7.3816926575891735
            ],
            "std_dev": [
                0.8768308137283862
            ],
            "max_amplitude": 0.2829975084235634,
            "active_dims": [
                0
            ]
        },
        {
            "type": "Sinus",
            "amplitudes": [
                0.23674465558962163,
                0.4432818514625943
            ],
            "frequencies": [
                1.5511921301783125,
                1.1792733187732087
            ],
            "weight_vectors": [
                [
                    0.4345546688310671,
                    0.3337578435011104,
                    0.9862287399542032
                ],
                [
                    0.3973228705485613,
                    0.9527515816089535,
                    0.5763436256899109
                ]
            ],
            "phases": [
                3.787655555283386,
                5.43531598118694
            ],
            "offset": -0.18463577053653277,
            "bounds": [
                [
                    2.162589054705445,
                    3.321707046092925
                ],
                [
                    3.804361025313945,
                    5.541982048658315
                ],
                [
                    3.352208375605384,
                    8.475998192455155
                ]
            ],
            "minimum_value": 0.0,
            "active_dims": [
                0,
                1,
                2
            ]
        },
        {
            "type": "Sinus",
            "amplitudes": [
                0.10217812841667952,
                0.3806919130748254,
                0.23541003891503143
            ],
            "frequencies": [
                0.8107548697805327,
                0.45069698103803324,
                1.4713087119308335
            ],
            "weight_vectors": [
                [
                    0.5943187577733473
                ],
                [
                    0.8607867652154473
                ],
                [
                    0.30043718822990984
                ]
            ],
            "phases": [
                5.688839990791908,
                2.7548919266177094,
                5.554745273988267
            ],
            "offset": -0.14058353898059056,
            "bounds": [
                [
                    4.237618229888261,
                    8.940546068608743
                ]
            ],
            "minimum_value": 0.0,
            "active_dims": [
                0
            ]
        },
        {
            "type": "Gaussian",
            "mean": [
                5.022065820086734,
                4.824159646547981,
                1.9643997719516104
            ],
            "std_dev": [
                3.213865600574972,
                2.411020625996613,
                2.2041723463107146
            ],
            "max_amplitude": 0.1547164060689999,
            "active_dims": [
                0,
                1,
                2
            ]
        },
        {
            "type": "Gaussian",
            "mean": [
                7.762509941474422
            ],
            "std_dev": [
                2.7985470918137354
            ],
            "max_amplitude": 0.16387664182422912,
            "active_dims": [
                2
            ]
        }
    ],