{
    "functions": [
        {
            "type": "Sinus",
            "amplitudes": [
                0.06729476922278257,
                0.12325543776524404,
                0.08657963745016055
            ],
            "frequencies": [
                1.6058965059269337,
                1.956228976908693,
                0.5899378457141176
            ],
            "weight_vectors": [
                [
                    0.01714027863175105,
                    0.4721801257722962
                ],
                [
                    0.391136076863834,
                    0.1149760855676063
                ],
                [
                    0.03398238058627967,
                    0.010727015352060887
                ]
            ],
            "phases": [
                1.6966136836061874,
                5.717593246677488,
                1.3786266223024481
            ],
            "offset": -0.09976658954647777,
            "bounds": [
                [
                    3.861735047043452,
                    9.909170159114655
                ],
                [
                    5.623655251815676,
                    8.413224508824076
                ]
            ],
            "minimum_value": 0.0,
            "active_dims": [
                1,
                2
            ]
        },
        {
            "type": "StaticHypercube",
            "dimensions": [
                [
                    4.153927471362741,
                    5.662824308774996
                ]
            ],
            "static_value": 0.08065783165957698,
            "active_dims": [
                2
            ]
        },
        {
            "type": "Ramp",
            "coeff": [
                0.06033061863806011,
                0.5521402097574593,
                0.30538694610649997
            ],
            "min_value": 0.022687863225640797,
            "max_value": 0.09303779990131286,
            "bounds": [
                [
                    0.38008383390453765,
                    2.6715994109557344
                ],
                [
                    1.058730625244829,
                    6.895533617011893
                ],
                [
                    1.5504275609805849,
                    4.358580823854853
                ]
            ],
            "active_dims": [
                0,
                1,
                2
            ]
        },
        {
            "type": "Sinus",
            "amplitudes": [
                0.31341611734455943,
                0.0977969401984757,
                0.1392563962226913,
                0.10909358279258749,
                0.18503924894433654
            ],
            "frequencies": [
                1.744376560483972,
                0.38804568301113007,
                1.193606687176047,
                0.3412785926264159,
                1.2963849783520536
            ],
            "weight_vectors": [
                [
                    0.4752714975975495
                ],
                [
                    0.16158502137103337
                ],
                [
                    0.9625270589934843
                ],
                [
                    0.0373411955030557
                ],
                [
                    0.6617731877062505
                ]
            ],
            "phases": [
                5.967341717279945,
                1.2874765435134725,
                6.193053864781424,
                4.520412078692647,
                5.326696334763448
            ],
            "offset": 0.11160241172045812,
            "bounds": [
                [
                    2.471439265131566,
                    3.7728840492404423
                ]
            ],
            "minimum_value": 0.0,
            "active_dims": [
                0
            ]
        },
        {
            "type": "Sinus",
            "amplitudes": [
                0.18307696020412378,
                0.12326025203970406,
                0.07957785127103251
            ],
            "frequencies": [
                0.9191992059752107,
                1.6810501627575758,
                1.0184878118554945
            ],
            "weight_vectors": [
                [
                    0.4880571409095563,
                    0.5729960854407175
                ],
                [
                    0.6324230396894669,
                    0.05953895562096467
                ],
                [
                    0.05072578008017814,
                    0.023532787684724
                ]
            ],
            "phases": [
                2.019427538211084,
                1.6900234845995785,
                4.4235202325615655
            ],
            "offset": 0.016966981671398276,
            "bounds": [
                [
                    3.295331384158244,
                    5.699313020989782
                ],
                [
                    2.835312454242788,
                    7.988384485016228
                ]
            ],
            "minimum_value": 0.0,
            "active_dims": [
                0,
                1
            ]
        },
        {
            "type": "Gaussian",
            "mean": [
                0.575360870297843,
                7.247091641531821
            ],
            "std_dev": [
                2.6056119643552687,
                1.0136252064755533
            ],
            "max_amplitude": 0.12635226581776254,
            "active_dims": [
                0,
                2
            ]
        },
        {
            "type": "Ramp",
            "coeff": [
                1.401304436897653,
                1.5678277820645852
            ],
            "min_value": 0.1002057532362312,
            "max_value": 0.17879213780253222,
            "bounds": [
                [
                    0.9942622347547172,
                    4.12251974180685
                ],
                [
                    1.6454683069086418,
                    7.451192681532789
                ]
            ],
            "active_dims": [
                1,
                2
            ]
        },
        {
            "type": "Gaussian",
            "mean": [
                2.712028585716244,
                9.11524481936466
            ],
            "std_dev": [
                0.9892998457522552,
                0.2458048280443188
            ],
            "max_amplitude": 0.07076820563138958,
            "active_dims": [
                1,
                2
            ]
        },
        {
            "type": "StaticHypercube",
            "dimensions": [
                [
                    1.2246499744514894,
                    3.32599444043802
                ],
                [
                    0.6999063751270873,
                    4.547821405762237
                ]
            ],
            "static_value": 0.1294775976352976,
            "active_dims": [
                0,
                1
            ]
        }
    ],
    "stats": {
        "energy": 232098953.2851604,
        "bandwidth": 48,
        "mean": 0.13969763655527612,
        "std": 0.19274167649409615,
        "pct_over_06": 0.049046875,
        "pct_over_08": 0.012078125
    }
}