{
    "functions": [
        {
            "type": "Gaussian",
            "mean": [
                8.482704433837457
            ],
            "std_dev": [
                2.6703010217898107
            ],
            "max_amplitude": 0.12753825869241664,
            "active_dims": [
                2
            ]
        },
        {
            "type": "Gaussian",
            "mean": [
                7.429350808373027
            ],
            "std_dev": [
                0.7907901757768082
            ],
            "max_amplitude": 0.0740424193191232,
            "active_dims": [
                0
            ]
        },
        {
            "type": "Sinus",
            "amplitudes": [
                0.2621726542226722,
                0.1863673975004578,
                0.2435654469168691,
                0.23523781729294835,
                0.10741837122814989
            ],
            "frequencies": [
                0.8954226127065112,
                1.5188628855837445,
                0.4857281842653677,
                1.4656798556771296,
                0.2576255857121116
            ],
            "weight_vectors": [
                [
                    0.34349422363985627,
                    0.3569138668309729
                ],
                [
                    0.43990405518821574,
                    0.9102665901480599
                ],
                [
                    0.184544616363865,
                    0.86280805152293
                ],
                [
                    0.4758024030180179,
                    0.8055323320350026
                ],
                [
                    0.03838374263096911,
                    0.6140710884612488
                ]
            ],
            "phases": [
                5.643490865380071,
                2.5148973577591542,
                0.013809662015882395,
                0.7290413060249968,
                3.3608065300389938
            ],
            "offset": -0.0956546662354281,
            "bounds": [
                [
                    1.8791291821635503,
                    5.473139635532742
                ],
                [
                    4.800721266530127,
                    7.812254614927501
                ]
            ],
            "minimum_value": 0.0,
            "active_dims": [
                0,
                2
            ]
        },
        {
            "type": "Gaussian",
            "mean": [
                6.042309895512758
            ],
            "std_dev": [
                3.054958911268949
            ],
            "max_amplitude": 0.18255646106583687,
            "active_dims": [
                2
            ]
        },
        {
            "type": "Ramp",
            "coeff": [
                1.7794285452637797,
                0.8123692055666725
            ],
            "min_value": 0.14757282950135836,
            "max_value": 0.3312557109509283,
            "bounds": [
                [
                    4.051916000812746,
                    7.967672872925718
                ],
                [
                    0.2968170292650086,
                    0.9609143446132646
                ]
            ],
            "active_dims": [
                0,
                1
            ]
        },
        {
            "type": "Gaussian",
            "mean": [
                8.505989782149335,
                7.789478888003639
            ],
            "std_dev": [
                2.1143258775926754,
                2.652867914744246
            ],
            "max_amplitude": 0.1932883920444743,
            "active_dims": [
                0,
                1
            ]
        },
        {
            "type": "StaticHypercube",
            "dimensions": [
                [
                    2.309291283687231,
                    4.92736285662375
                ]
            ],
            "static_value": 0.06515469562888458,
            "active_dims": [
                1
            ]
        },
        {
            "type": "StaticHypercube",
            "dimensions": [
                [
                    3.9531561448512966,
                    7.147699178563622
                ]
            ],
            "static_value": 0.21397852203552184,
            "active_dims": [
                1
            ]
        },
        {
            "type": "Gaussian",
            "mean": [
                6.4459682112102055
            ],
            "std_dev": [
                0.8585405840170663
            ],
            "max_amplitude": 0.12262424934849898,
            "active_dims": [
                0
            ]
        }
    ],
    "stats": {
        "energy": 685749500.2657852,
        "bandwidth": 9,
        "mean": 0.3618983350461383,
        "std": 0.1909159675856356,
        "pct_over_06": 0.12003125,
        "pct_over_08": 0.013265625
    }
}