{
    "functions": [
        {
            "type": "Sinus",
            "amplitudes": [
                0.144711773343371,
                0.19303423414885773,
                0.16389924919872767
            ],
            "frequencies": [
                1.712238500414347,
                1.8009315201432394,
                0.7876226247100885
            ],
            "weight_vectors": [
                [
                    0.17583430760947194
                ],
                [
                    0.18741878336281592
                ],
                [
                    0.9739983485233376
                ]
            ],
            "phases": [
                5.863329993240154,
                1.0949170002108173,
                0.19377395965788474
            ],
            "offset": 0.008756691428232646,
            "bounds": [
                [
                    4.448075266448386,
                    7.054070757596267
                ]
            ],
            "minimum_value": 0.0,
            "active_dims": [
                2
            ]
        },
        {
            "type": "Ramp",
            "coeff": [
                0.5324312878237831
            ],
            "min_value": 0.027772286968468923,
            "max_value": 0.16368692593997006,
            "bounds": [
                [
                    1.8477566518337991,
                    5.676025064946262
                ]
            ],
            "active_dims": [
                2
            ]
        },
        {
            "type": "Sinus",
            "amplitudes": [
                0.20310773958547088,
                0.18843529244552162,
                0.11746438621327042,
                0.06983006553523279
            ],
            "frequencies": [
                1.4378545834864065,
                1.1927850218037523,
                0.1323693869051597,
                1.9888103563691208
            ],
            "weight_vectors": [
                [
                    0.1350670237253242,
                    0.2205248412008909
                ],
                [
                    0.7302354681131027,
                    0.8982850314985608
                ],
                [
                    0.65369676042968,
                    0.7809340529544178
                ],
                [
                    0.7487914939617075,
                    0.5528189820153492
                ]
            ],
            "phases": [
                4.957751000523946,
                0.4054555732394874,
                0.04216594563020086,
                4.325331038166076
            ],
            "offset": -0.016675323232728308,
            "bounds": [
                [
                    5.307587806745769,
                    6.2744130834803915
                ],
                [
                    1.8197524900160382,
                    5.60412276192757
                ]
            ],
            "minimum_value": 0.0,
            "active_dims": [
                0,
                2
            ]
        },
        {
            "type": "Gaussian",
            "mean": [
                5.425450616627449,
                5.9029287928960175
            ],
            "std_dev": [
                1.7572851204662447,
                1.8952411886584442
            ],
            "max_amplitude": 0.16920357985401305,
            "active_dims": [
                0,
                2
            ]
        },
        {
            "type": "Sinus",
            "amplitudes": [
                0.11879281549842419,
                0.17867320444858956,
                0.11259391384924214
            ],
            "frequencies": [
                1.3212778007709178,
                0.8899173860282931,
                1.8641036467127972
            ],
            "weight_vectors": [
                [
                    0.5043528773587939,
                    0.9751146571563264,
                    0.9315858241507321
                ],
                [
                    0.08430339212307159,
                    0.5085340855935174,
                    0.5105997093186884
                ],
                [
                    0.44809944194051254,
                    0.7546778491464193,
                    0.9403133641174999
                ]
            ],
            "phases": [
                0.035918855682069456,
                2.520875293826403,
                4.690507200030883
            ],
            "offset": -0.11897534033595383,
            "bounds": [
                [
                    5.236639433742126,
                    7.939021852308681
                ],
                [
                    3.1018435336577324,
                    5.508339331818014
                ],
                [
                    2.9549019159086787,
                    3.8104463003366775
                ]
            ],
            "minimum_value": 0.0,
            "active_dims": [
                0,
                1,
                2
            ]
        },
        {
            "type": "Gaussian",
            "mean": [
                2.3453855046141925,
                5.552490867885879
            ],
            "std_dev": [
                1.3652903779802779,
                2.8387429192317777
            ],
            "max_amplitude": 0.14704605005380883,
            "active_dims": [
                1,
                2
            ]
        },
        {
            "type": "Gaussian",
            "mean": [
                2.61842325627341
            ],
            "std_dev": [
                2.0533161131924045
            ],
            "max_amplitude": 0.08430789635053444,
            "active_dims": [
                2
            ]
        },
        {
            "type": "Gaussian",
            "mean": [
                5.1242360990572235,
                6.18100737323989
            ],
            "std_dev": [
                2.8842696791836357,
                0.8530460225098903
            ],
            "max_amplitude": 0.18002362377568995,
            "active_dims": [
                1,
                2
            ]
        },
        {
            "type": "StaticHypercube",
            "dimensions": [
                [
                    4.236048552556616,
                    6.3740398157943385
                ],
                [
                    0.8918299720209816,
                    1.9356192768074494
                ]
            ],
            "static_value": 0.14651006548548087,
            "active_dims": [
                0,
                1
            ]
        }
    ],
    "stats": {
        "energy": 314061167.0785806,
        "bandwidth": 32,
        "mean": 0.21327303316222618,
        "std": 0.17660606712278623,
        "pct_over_06": 0.03621875,
        "pct_over_08": 0.007046875
    }
}