{
    "functions": [
        {
            "type": "Gaussian",
            "mean": [
                7.616295313841805
            ],
            "std_dev": [
                3.6625902416112415
            ],
            "max_amplitude": 0.14519303233811673,
            "active_dims": [
                1
            ]
        },
        {
            "type": "Sinus",
            "amplitudes": [
                0.06338602228562,
                0.18496170559783873,
                0.23671605707490448,
                0.17464448406516883,
                0.06415654246660472
            ],
            "frequencies": [
                0.9490571001635112,
                0.6524937504926296,
                1.5018997722381358,
                1.5857154286331054,
                0.15014910413600618
            ],
            "weight_vectors": [
                [
                    0.4250193679067116
                ],
                [
                    0.03843935881351146
                ],
                [
                    0.7386219207899783
                ],
                [
                    0.9033907512220282
                ],
                [
                    0.06647648598503497
                ]
            ],
            "phases": [
                4.934199352459014,
                2.6220065034479734,
                1.2774796477978654,
                4.329430332541738,
                0.10207822389010476
            ],
            "offset": 0.029938370747580188,
            "bounds": [
                [
                    6.35669044105041,
                    8.88490779927189
                ]
            ],
            "minimum_value": 0.0,
            "active_dims": [
                2
            ]
        },
        {
            "type": "Ramp",
            "coeff": [
                1.2289201938488032,
                1.9073368206468804
            ],
            "min_value": 0.1000348832760236,
            "max_value": 0.22630081792213577,
            "bounds": [
                [
                    3.485203905424088,
                    6.605401851222394
                ],
                [
                    1.6678440890299144,
                    3.74493393416011
                ]
            ],
            "active_dims": [
                1,
                2
            ]
        },
        {
            "type": "Ramp",
            "coeff": [
                0.9178917764307919
            ],
            "min_value": 0.08968548758618698,
            "max_value": 0.1919375807253983,
            "bounds": [
                [
                    0.6477759275967615,
                    6.765812841007531
                ]
            ],
            "active_dims": [
                0
            ]
        },
        {
            "type": "Sinus",
            "amplitudes": [
                0.10111238304287133,
                0.10310952392237188,
                0.08230538346975755
            ],
            "frequencies": [
                1.3806665874885256,
                0.299931680908484,
                0.13078121679628973
            ],
            "weight_vectors": [
                [
                    0.6008098579645769,
                    0.31616357535464423
                ],
                [
                    0.5950761966239491,
                    0.7660190383380449
                ],
                [
                    0.5067547215840251,
                    0.8993086027177651
                ]
            ],
            "phases": [
                1.9885717425809146,
                5.350592393885045,
                4.265489688799311
            ],
            "offset": -0.06126289390238035,
            "bounds": [
                [
                    3.4674239267039986,
                    6.067249532172626
                ],
                [
                    2.4652581280305035,
                    6.068896133230721
                ]
            ],
            "minimum_value": 0.0,
            "active_dims": [
                1,
                2
            ]
        },
        {
            "type": "Gaussian",
            "mean": [
                7.98214659681428
            ],
            "std_dev": [
                1.732048376817065
            ],
            "max_amplitude": 0.16083289971231718,
            "active_dims": [
                1
            ]
        },
        {
            "type": "StaticHypercube",
            "dimensions": [
                [
                    0.9514898355170466,
                    1.7967720268566882
                ],
                [
                    3.059138039313887,
                    4.812723816010304
                ],
                [
                    3.833754099978013,
                    6.830364140024798
                ]
            ],
            "static_value": 0.1914172089138687,
            "active_dims": [
                0,
                1,
                2
            ]
        },
        {
            "type": "Ramp",
            "coeff": [
                1.2082045852394894,
                0.8514344286877487
            ],
            "min_value": 0.08940850438745186,
            "max_value": 0.20512469936244404,
            "bounds": [
                [
                    0.22953291761214456,
                    2.7323143980707583
                ],
                [
                    0.8184035068557374,
                    5.603127146914746
                ]
            ],
            "active_dims": [
                1,
                2
            ]
        },
        {
            "type": "StaticHypercube",
            "dimensions": [
                [
                    2.1145530271828785,
                    2.9284827399446227
                ],
                [
                    4.14204373168765,
                    7.268640692669894
                ],
                [
                    1.138913878018827,
                    4.9857486825819795
                ]
            ],
            "static_value": 0.04212036952631677,
            "active_dims": [
                0,
                1,
                2
            ]
        }
    ],
    "stats": {
        "energy": 467603920.3485427,
        "bandwidth": 25,
        "mean": 0.3048427649195446,
        "std": 0.145712051809556,
        "pct_over_06": 0.03215625,
        "pct_over_08": 0.00484375
    }
}