{
    "functions": [
        {
            "type": "StaticHypercube",
            "dimensions": [
                [
                    1.5426884464377235,
                    3.337028683836013
                ]
            ],
            "static_value": 0.1755753611393796,
            "active_dims": [
                1
            ]
        },
        {
            "type": "Gaussian",
            "mean": [
                2.537050202343832,
                8.805034740545487
            ],
            "std_dev": [
                3.9435643404890137,
                0.9842729296622312
            ],
            "max_amplitude": 0.29161675675366006,
            "active_dims": [
                0,
                1
            ]
        },
        {
            "type": "Sinus",
            "amplitudes": [
                0.16390223165669937,
                0.16540891920568396,
                0.1434920505882067,
                0.10057841897446834,
                0.21433775426216686
            ],
            "frequencies": [
                0.49598154093307056,
                1.7541568412078479,
                0.7283939362566207,
                1.9266364468749426,
                0.2642872612801319
            ],
            "weight_vectors": [
                [
                    0.977876959663405,
                    0.81899020894053
                ],
                [
                    0.18754124409476813,
                    0.698048119415479
                ],
                [
                    0.6826107668941352,
                    0.9990981477634169
                ],
                [
                    0.4826311606211868,
                    0.7305926758456517
                ],
                [
                    0.7951823564506113,
                    0.2613916805447418
                ]
            ],
            "phases": [
                5.5487209671788165,
                3.737829131543566,
                5.61944570580705,
                5.886615570151984,
                2.311933178116035
            ],
            "offset": 0.06541114474404656,
            "bounds": [
                [
                    1.0995439093913282,
                    5.606566451760605
                ],
                [
                    8.888200497501089,
                    9.724819662156486
                ]
            ],
            "minimum_value": 0.0,
            "active_dims": [
                1,
                2
            ]
        },
        {
            "type": "Ramp",
            "coeff": [
                1.4449689215820034,
                0.8080137490502686,
                1.7002083435878754
            ],
            "min_value": 0.07236107620258439,
            "max_value": 0.29472663489348266,
            "bounds": [
                [
                    5.559120208261068,
                    9.944577354287194
                ],
                [
                    4.51193275443693,
                    7.6145830151331495
                ],
                [
                    6.992369529746941,
                    9.17658977957404
                ]
            ],
            "active_dims": [
                0,
                1,
                2
            ]
        },
        {
            "type": "Ramp",
            "coeff": [
                1.586441742950663,
                0.20415366881503072
            ],
            "min_value": 0.01230070897290925,
            "max_value": 0.02027650518022563,
            "bounds": [
                [
                    5.367746330907317,
                    6.599662314989562
                ],
                [
                    1.49799821829752,
                    4.347854498070437
                ]
            ],
            "active_dims": [
                0,
                2
            ]
        },
        {
            "type": "Gaussian",
            "mean": [
                3.387341488852101,
                4.669329218047932
            ],
            "std_dev": [
                0.48801025136190535,
                3.238653038759633
            ],
            "max_amplitude": 0.1112934579551699,
            "active_dims": [
                1,
                2
            ]
        },
        {
            "type": "StaticHypercube",
            "dimensions": [
                [
                    0.8148090902493251,
                    2.200174122330772
                ],
                [
                    7.6255549379738365,
                    9.360476079659712
                ],
                [
                    6.213492980735722,
                    7.324817883885
                ]
            ],
            "static_value": 0.18655769937122457,
            "active_dims": [
                0,
                1,
                2
            ]
        },
        {
            "type": "Gaussian",
            "mean": [
                4.931645024649766,
                8.80547446149999
            ],
            "std_dev": [
                3.117008691990277,
                1.9241797512447036
            ],
            "max_amplitude": 0.21219615681330284,
            "active_dims": [
                0,
                1
            ]
        },
        {
            "type": "StaticHypercube",
            "dimensions": [
                [
                    0.4792585448993194,
                    5.730723511030862
                ]
            ],
            "static_value": 0.20784136811958465,
            "active_dims": [
                0
            ]
        }
    ],
    "stats": {
        "energy": 436775681.78465647,
        "bandwidth": 12,
        "mean": 0.2509203493638296,
        "std": 0.2089824543133724,
        "pct_over_06": 0.0806875,
        "pct_over_08": 0.014546875
    }
}