{
    "functions": [
        {
            "type": "Gaussian",
            "mean": [
                4.271788412318706,
                5.1831238962498505
            ],
            "std_dev": [
                0.10811356140036903,
                0.1992149733971958
            ],
            "max_amplitude": 0.3070483755336973,
            "active_dims": [
                1,
                2
            ]
        },
        {
            "type": "Ramp",
            "coeff": [
                1.586493436185724
            ],
            "min_value": 0.19890476511638752,
            "max_value": 0.46600701114917414,
            "bounds": [
                [
                    1.1960779227720593,
                    4.456887328193115
                ]
            ],
            "active_dims": [
                1
            ]
        },
        {
            "type": "Sinus",
            "amplitudes": [
                0.33778118925613815,
                0.3940011491977682,
                0.09366465478150338
            ],
            "frequencies": [
                1.4248816189907996,
                0.3242108194196962,
                0.17883881505322544
            ],
            "weight_vectors": [
                [
                    0.5713478766243388,
                    0.7710613056682432
                ],
                [
                    0.12028613080539519,
                    0.04148857370518688
                ],
                [
                    0.566169598684739,
                    0.30243631323144693
                ]
            ],
            "phases": [
                2.039946547333202,
                5.702759670119253,
                3.544455201449297
            ],
            "offset": 0.042671292982517615,
            "bounds": [
                [
                    3.1801875871729406,
                    5.221810676944118
                ],
                [
                    0.3315048635682302,
                    5.389381161147677
                ]
            ],
            "minimum_value": 0.0,
            "active_dims": [
                1,
                2
            ]
        },
        {
            "type": "Gaussian",
            "mean": [
                3.8318812487167184,
                6.639337897907536,
                7.30740271532213
            ],
            "std_dev": [
                2.801203266557037,
                0.9503642649111613,
                1.3968772617184098
            ],
            "max_amplitude": 0.25975299838978105,
            "active_dims": [
                0,
                1,
                2
            ]
        },
        {
            "type": "Gaussian",
            "mean": [
                6.242934222820451,
                4.344521822944316,
                8.312934207214568
            ],
            "std_dev": [
                1.9835068899487425,
                3.8768439313182377,
                1.1564070252484586
            ],
            "max_amplitude": 0.15476656083525672,
            "active_dims": [
                0,
                1,
                2
            ]
        },
        {
            "type": "Sinus",
            "amplitudes": [
                0.10608573088414823,
                0.3426541003863082,
                0.12241605800123243,
                0.10659913698721118
            ],
            "frequencies": [
                1.4625327916705113,
                1.7900161739185132,
                0.839699986163192,
                1.8106383056133022
            ],
            "weight_vectors": [
                [
                    0.7530990740220866
                ],
                [
                    0.6702746063196283
                ],
                [
                    0.7613578338744081
                ],
                [
                    0.4136095310652048
                ]
            ],
            "phases": [
                3.2498972244170874,
                5.876161188163908,
                0.9359163277164898,
                0.6266373943034445
            ],
            "offset": 0.07491834101578891,
            "bounds": [
                [
                    5.687055188997475,
                    7.702986298962699
                ]
            ],
            "minimum_value": 0.0,
            "active_dims": [
                0
            ]
        },
        {
            "type": "Sinus",
            "amplitudes": [
                0.30203993195390555,
                0.28168779709690134,
                0.18016222321356268,
                0.17541752480147818,
                0.17699248643963134
            ],
            "frequencies": [
                0.6696558413124541,
                1.7306539698125798,
                1.9664586770768533,
                0.4912112734992805,
                1.4170672602274517
            ],
            "weight_vectors": [
                [
                    0.06782432208439115
                ],
                [
                    0.5139689827525329
                ],
                [
                    0.5316633787648275
                ],
                [
                    0.8849779647345243
                ],
                [
                    0.09956375315252308
                ]
            ],
            "phases": [
                1.2207911702683405,
                3.53768360927726,
                5.005642772828083,
                2.4748227682926616,
                4.882171489669688
            ],
            "offset": -0.053579599582477565,
            "bounds": [
                [
                    2.639010222993542,
                    8.165304042536137
                ]
            ],
            "minimum_value": 0.0,
            "active_dims": [
                0
            ]
        },
        {
            "type": "Ramp",
            "coeff": [
                1.4421328954927901,
                1.5625841522172887
            ],
            "min_value": 0.18068050208525588,
            "max_value": 0.43267307710633435,
            "bounds": [
                [
                    5.388072853629256,
                    7.656008919041262
                ],
                [
                    0.39262974627093433,
                    1.182597207399319
                ]
            ],
            "active_dims": [
                0,
                2
            ]
        },
        {
            "type": "Sinus",
            "amplitudes": [
                0.16982503757010026,
                0.1272570974788909,
                0.10216761654638362
            ],
            "frequencies": [
                1.9641220079394182,
                0.9426273600602035,
                1.1855997008701777
            ],
            "weight_vectors": [
                [
                    0.8506085889687354,
                    0.862369323517298
                ],
                [
                    0.44853611485964007,
                    0.3086647235620812
                ],
                [
                    0.3477975338097379,
                    0.24431503411763178
                ]
            ],
            "phases": [
                2.3738151403576433,
                4.674223258385011,
                5.782686722718031
            ],
            "offset": -0.21579444757921054,
            "bounds": [
                [
                    5.299434109277092,
                    8.33127146509328
                ],
                [
                    0.06925906350546193,
                    4.878225354369215
                ]
            ],
            "minimum_value": 0.0,
            "active_dims": [
                0,
                1
            ]
        }
    ],
    "stats": {
        "energy": 338176399.1536438,
        "bandwidth": 29,
        "mean": 0.21073573083143216,
        "std": 0.1953280553340002,
        "pct_over_06": 0.03896875,
        "pct_over_08": 0.004109375
    }
}