{
    "functions": [
        {
            "type": "Ramp",
            "coeff": [
                1.321704904301668,
                0.08817279781382492
            ],
            "min_value": 0.19643694582564583,
            "max_value": 0.3035883957107224,
            "bounds": [
                [
                    6.716945744957989,
                    8.411422560013614
                ],
                [
                    4.428718646739477,
                    6.796388322779334
                ]
            ],
            "active_dims": [
                0,
                1
            ]
        },
        {
            "type": "Sinus",
            "amplitudes": [
                0.25513964496830815,
                0.3329085851454231,
                0.3594026583131778,
                0.16663038800930985,
                0.24653177990458017
            ],
            "frequencies": [
                1.7944179411768986,
                1.956913894987835,
                1.8984192133264937,
                1.805577725590586,
                1.7972699592198051
            ],
            "weight_vectors": [
                [
                    0.5724436612063651,
                    0.4362177968513764,
                    0.28744049146118233
                ],
                [
                    0.7396505811002593,
                    0.43175099015507445,
                    0.858766128469842
                ],
                [
                    0.8870969671758324,
                    0.038881845528355274,
                    0.9055827437735834
                ],
                [
                    0.4408567487502718,
                    0.07473393438055154,
                    0.6969977861767722
                ],
                [
                    0.04935360594470639,
                    0.8501078163663052,
                    0.2274152379798775
                ]
            ],
            "phases": [
                0.2961371572991207,
                4.972266257127487,
                4.247361930417559,
                1.9192345896827607,
                5.882199167032677
            ],
            "offset": -0.04109813397149249,
            "bounds": [
                [
                    1.0930154083364985,
                    2.1900642423191052
                ],
                [
                    4.536369474845179,
                    4.955332747181978
                ],
                [
                    6.48453158349142,
                    9.064617841233996
                ]
            ],
            "minimum_value": 0.0,
            "active_dims": [
                0,
                1,
                2
            ]
        },
        {
            "type": "Ramp",
            "coeff": [
                0.19021567694528252,
                1.8974809798357113,
                0.7964658034971712
            ],
            "min_value": 0.14035862500379176,
            "max_value": 0.2535077675748358,
            "bounds": [
                [
                    2.527754326988749,
                    3.5982156450304994
                ],
                [
                    7.316983376077875,
                    8.852899073223575
                ],
                [
                    2.0258975064595033,
                    6.5797240695376935
                ]
            ],
            "active_dims": [
                0,
                1,
                2
            ]
        },
        {
            "type": "Sinus",
            "amplitudes": [
                0.2384576170649543,
                0.5017690951434717
            ],
            "frequencies": [
                0.16520231070753882,
                0.11628793381792119
            ],
            "weight_vectors": [
                [
                    0.5762215179692399,
                    0.38392407960678865
                ],
                [
                    0.2838900867866101,
                    0.9796921080684703
                ]
            ],
            "phases": [
                0.17403296787801079,
                1.329664286599194
            ],
            "offset": -0.0312604674496633,
            "bounds": [
                [
                    6.247818477972741,
                    7.155537964102731
                ],
                [
                    5.912487089814675,
                    7.46350627387079
                ]
            ],
            "minimum_value": 0.0,
            "active_dims": [
                0,
                2
            ]
        },
        {
            "type": "Ramp",
            "coeff": [
                0.3227632079268765,
                1.2865423169042816
            ],
            "min_value": 0.16121160107170876,
            "max_value": 0.2714932004733208,
            "bounds": [
                [
                    7.289084585658201,
                    9.72460104047055
                ],
                [
                    1.3448379524753944,
                    3.2282477231794102
                ]
            ],
            "active_dims": [
                0,
                1
            ]
        },
        {
            "type": "Sinus",
            "amplitudes": [
                0.23221083407338403,
                0.14171603100182897,
                0.3924491605750632,
                0.08900445908432073
            ],
            "frequencies": [
                0.7796406457378521,
                0.5254711069040138,
                1.7476554221239866,
                0.4897261742559612
            ],
            "weight_vectors": [
                [
                    0.48788690192795914,
                    0.42598446477326046
                ],
                [
                    0.33910970034748966,
                    0.23956699061588627
                ],
                [
                    0.39197556310006565,
                    0.7642199838349076
                ],
                [
                    0.513924525859237,
                    0.15188612692558212
                ]
            ],
            "phases": [
                3.7634003170097143,
                4.262104829214792,
                5.887900546258645,
                2.44349275231608
            ],
            "offset": 0.06553807214928994,
            "bounds": [
                [
                    2.774511334972327,
                    7.589708079559141
                ],
                [
                    0.6737535701150277,
                    1.3703446783248134
                ]
            ],
            "minimum_value": 0.0,
            "active_dims": [
                1,
                2
            ]
        },
        {
            "type": "Gaussian",
            "mean": [
                8.901673736704245,
                9.161787126503857
            ],
            "std_dev": [
                0.5411071597504562,
                3.1320694612874505
            ],
            "max_amplitude": 0.36453985543525713,
            "active_dims": [
                0,
                1
            ]
        },
        {
            "type": "StaticHypercube",
            "dimensions": [
                [
                    4.875369002755405,
                    7.421735435905834
                ],
                [
                    5.027388661941877,
                    6.63538179681939
                ]
            ],
            "static_value": 0.12067026311957448,
            "active_dims": [
                0,
                1
            ]
        },
        {
            "type": "Ramp",
            "coeff": [
                0.9432732814187634
            ],
            "min_value": 0.10957735727118313,
            "max_value": 0.3757357100805837,
            "bounds": [
                [
                    7.046935534682998,
                    8.496961036865237
                ]
            ],