{
    "functions": [
        {
            "type": "Gaussian",
            "mean": [
                8.725064026541693,
                3.074981421409557,
                2.7285975999753798
            ],
            "std_dev": [
                3.937001302575558,
                2.980181000085853,
                3.099405128287151
            ],
            "max_amplitude": 0.1351044268440325,
            "active_dims": [
                0,
                1,
                2
            ]
        },
        {
            "type": "Gaussian",
            "mean": [
                9.889075602289727
            ],
            "std_dev": [
                3.9485318517105195
            ],
            "max_amplitude": 0.22039024816136624,
            "active_dims": [
                1
            ]
        },
        {
            "type": "Gaussian",
            "mean": [
                7.985407520091817
            ],
            "std_dev": [
                1.5727499351484722
            ],
            "max_amplitude": 0.22594333378176912,
            "active_dims": [
                0
            ]
        },
        {
            "type": "Sinus",
            "amplitudes": [
                0.09982841348897384,
                0.1089710141395824,
                0.36123067807103715,
                0.2548259413136721
            ],
            "frequencies": [
                1.933302216975109,
                0.5854277613862272,
                1.2327851399061316,
                0.910966979676533
            ],
            "weight_vectors": [
                [
                    0.8857751935799106,
                    0.18547542315335774,
                    0.35751405411954007
                ],
                [
                    0.5412798661605878,
                    0.23651821883238844,
                    0.21049158492625952
                ],
                [
                    0.524481839851956,
                    0.6481872001785395,
                    0.2483767810541574
                ],
                [
                    0.022224777603252255,
                    0.1201707959342957,
                    0.42562706766195735
                ]
            ],
            "phases": [
                0.6166079393183033,
                1.199659136220593,
                0.408246237908258,
                5.664865037551577
            ],
            "offset": 0.11180098129419563,
            "bounds": [
                [
                    2.3700449037587292,
                    6.59931116487095
                ],
                [
                    3.9586666641188586,
                    7.770119800936749
                ],
                [
                    3.172547654674651,
                    8.252844758014849
                ]
            ],
            "minimum_value": 0.0,
            "active_dims": [
                0,
                1,
                2
            ]
        },
        {
            "type": "Gaussian",
            "mean": [
                6.969645234906712,
                8.34803186069481
            ],
            "std_dev": [
                0.12788294653944263,
                2.0616435091419363
            ],
            "max_amplitude": 0.20712851166535118,
            "active_dims": [
                0,
                1
            ]
        },
        {
            "type": "Gaussian",
            "mean": [
                3.672625135115016,
                2.4184933977383585
            ],
            "std_dev": [
                0.23357616832747374,
                0.4103767102536908
            ],
            "max_amplitude": 0.22249264389711595,
            "active_dims": [
                0,
                2
            ]
        },
        {
            "type": "Gaussian",
            "mean": [
                3.162990985639759
            ],
            "std_dev": [
                0.2955217187852702
            ],
            "max_amplitude": 0.23340965079522852,
            "active_dims": [
                0
            ]
        },
        {
            "type": "Ramp",
            "coeff": [
                0.9220130109673224
            ],
            "min_value": 0.1093840253310023,
            "max_value": 0.3083962477178269,
            "bounds": [
                [
                    0.009604525446464826,
                    3.0677156033721857
                ]
            ],
            "active_dims": [
                2
            ]
        },
        {
            "type": "StaticHypercube",
            "dimensions": [
                [
                    5.728709168663735,
                    8.958811648456834
                ]
            ],
            "static_value": 0.06333598715795856,
            "active_dims": [
                2
            ]
        }
    ],
    "stats": {
        "energy": 601831607.597755,
        "bandwidth": 30,
        "mean": 0.33316375232076684,
        "std": 0.18956122747866305,
        "pct_over_06": 0.099875,
        "pct_over_08": 0.011203125
    }
}