{
    "functions": [
        {
            "type": "Sinus",
            "amplitudes": [
                0.4339732075220867,
                0.20164021941632568
            ],
            "frequencies": [
                0.5585061286204839,
                1.4439334885205808
            ],
            "weight_vectors": [
                [
                    0.7955286623422478,
                    0.08346053189393632,
                    0.97279267084082
                ],
                [
                    0.9853024658096384,
                    0.7169708076592607,
                    0.1722197104831441
                ]
            ],
            "phases": [
                0.4451530027420637,
                4.1994469583130005
            ],
            "offset": 0.19356225272939917,
            "bounds": [
                [
                    4.96927416563228,
                    9.460027993126419
                ],
                [
                    0.309534966849736,
                    0.8393104027341112
                ],
                [
                    3.4724972612740594,
                    5.513211504015535
                ]
            ],
            "minimum_value": 0.0,
            "active_dims": [
                0,
                1,
                2
            ]
        },
        {
            "type": "Sinus",
            "amplitudes": [
                0.41806801142835853
            ],
            "frequencies": [
                0.7323481379796382
            ],
            "weight_vectors": [
                [
                    0.841268949177172,
                    0.7166040135641399
                ]
            ],
            "phases": [
                2.0321587450370586
            ],
            "offset": -0.134890435306356,
            "bounds": [
                [
                    3.586362552226473,
                    5.167241030257541
                ],
                [
                    1.397023685075473,
                    6.576768850356812
                ]
            ],
            "minimum_value": 0.0,
            "active_dims": [
                0,
                1
            ]
        },
        {
            "type": "Ramp",
            "coeff": [
                0.5675438904949479,
                1.7060011630107332,
                1.9278510193610066
            ],
            "min_value": 0.23998406418524948,
            "max_value": 0.373026051950884,
            "bounds": [
                [
                    3.2868476270903253,
                    6.085087449806952
                ],
                [
                    3.455831380259833,
                    5.286799312671771
                ],
                [
                    3.0073529768316742,
                    5.017163351962221
                ]
            ],
            "active_dims": [
                0,
                1,
                2
            ]
        },
        {
            "type": "Sinus",
            "amplitudes": [
                0.3984883599968168,
                0.14867844996198462
            ],
            "frequencies": [
                1.589804091288953,
                1.0131752787064205
            ],
            "weight_vectors": [
                [
                    0.533081379935074
                ],
                [
                    0.118592150632996
                ]
            ],
            "phases": [
                0.7207968494925429,
                0.44113607618208367
            ],
            "offset": -0.09515396271779421,
            "bounds": [
                [
                    4.294434864512746,
                    4.857727617112566
                ]
            ],
            "minimum_value": 0.0,
            "active_dims": [
                1
            ]
        },
        {
            "type": "StaticHypercube",
            "dimensions": [
                [
                    1.9422644990537188,
                    4.190436783470236
                ],
                [
                    2.377592171370394,
                    8.517378556912174
                ]
            ],
            "static_value": 0.25575636033645677,
            "active_dims": [
                0,
                1
            ]
        },
        {
            "type": "Sinus",
            "amplitudes": [
                0.3172563147377052,
                0.23419319055894455,
                0.3867084875885654
            ],
            "frequencies": [
                0.19723074454410677,
                0.4398533441634317,
                1.2575779566235066
            ],
            "weight_vectors": [
                [
                    0.09211447903821379,
                    0.8502933551408633
                ],
                [
                    0.7174501246692809,
                    0.9447584844305821
                ],
                [
                    0.2781295869779691,
                    0.17754676530793856
                ]
            ],
            "phases": [
                1.5690048759196056,
                2.3121372119435293,
                0.3690595353167065
            ],
            "offset": -0.19811987299170788,
            "bounds": [
                [
                    1.4915984448948967,
                    6.298386743311444
                ],
                [
                    0.39644537689664466,
                    6.2836680480163185
                ]
            ],
            "minimum_value": 0.0,
            "active_dims": [
                0,
                1
            ]
        },
        {
            "type": "Gaussian",
            "mean": [
                2.1320952910254887,
                6.247271975216867,
                2.8525256320918047
            ],
            "std_dev": [
                2.57587870659093,
                3.3447541330505794,
                3.374214327669244
            ],
            "max_amplitude": 0.36620613167914207,
            "active_dims": [
                0,
                1,
                2
            ]
        },
        {
            "type": "Sinus",
            "amplitudes": [
                0.219075824164023,
                0.07461284220877469,
                0.1638553931539399,
                0.16075339402599703,
                0.10653606483675593
            ],
            "frequencies": [
                0.9938798375765696,
                0.4494250188645865,
                0.6407199497757866,
                1.5796675822786495,
                1.9179829533302033
            ],
            "weight_vectors": [
                [
                    0.8452769006766295,
                    0.11938757160871205,
                    0.4825408268542647
                ],
                [
                    0.49997258662057253,
                    0.9081082255788769,
                    0.7520480490952083
                ],
                [
                    0.6554599547131196,
                    0.7347810451220882,
                    0.3052907019545482
                ],
                [
                    0.40879776178313776,
                    0.7320097581848604,
                    0.5359858254346098
                ],
                [
                    0.0171283813946429,
                    0.5871804899132252,
                    0.17540224068406673
                ]
            ],
            "phases": [
                4.90056343485977,
                0.613015564283934,
                5.403805562850148,
                5.6505662829320835,
                2.9840371248460107
            ],
            "offset": -0.12603378511130728,