{
    "functions": [
        {
            "type": "Ramp",
            "coeff": [
                1.5819485763955892,
                0.44445591397848494,
                0.081297624375962
            ],
            "min_value": 0.04240467561142004,
            "max_value": 0.08446610345622542,
            "bounds": [
                [
                    0.0743976820485739,
                    3.535436382189696
                ],
                [
                    2.6956728781181862,
                    4.472053382413091
                ],
                [
                    1.3551871230456207,
                    2.1215119703731773
                ]
            ],
            "active_dims": [
                0,
                1,
                2
            ]
        },
        {
            "type": "Sinus",
            "amplitudes": [
                0.45154507347053957,
                0.2278766364708347
            ],
            "frequencies": [
                1.7797766069846217,
                1.865699957129967
            ],
            "weight_vectors": [
                [
                    0.06204867042351769,
                    0.5218851100579108
                ],
                [
                    0.14770396793665497,
                    0.6017773918120869
                ]
            ],
            "phases": [
                0.6499988838779855,
                4.535585485578161
            ],
            "offset": -0.11845082686986833,
            "bounds": [
                [
                    1.4617826120531177,
                    1.5573195080544484
                ],
                [
                    1.617498393639704,
                    4.393763004327458
                ]
            ],
            "minimum_value": 0.0,
            "active_dims": [
                0,
                1
            ]
        },
        {
            "type": "Gaussian",
            "mean": [
                7.699147653871789,
                3.2313251251502804
            ],
            "std_dev": [
                1.7024179240527153,
                3.4406417313952216
            ],
            "max_amplitude": 0.4765200249283997,
            "active_dims": [
                1,
                2
            ]
        },
        {
            "type": "StaticHypercube",
            "dimensions": [
                [
                    0.38901976247144476,
                    2.2505527547134836
                ],
                [
                    3.0627903104108523,
                    6.945203366228023
                ]
            ],
            "static_value": 0.1357752913001213,
            "active_dims": [
                0,
                1
            ]
        },
        {
            "type": "Sinus",
            "amplitudes": [
                0.3688371385173935,
                0.13740854322296567,
                0.2719120517903306,
                0.3666402929658904
            ],
            "frequencies": [
                0.9792734505309999,
                1.121500122043811,
                1.8261817118534902,
                1.789981394344744
            ],
            "weight_vectors": [
                [
                    0.09680619293250436,
                    0.6117659027394702,
                    0.3971537911502614
                ],
                [
                    0.11392417080321782,
                    0.994579742971474,
                    0.36103688554824864
                ],
                [
                    0.22782231333272118,
                    0.14648297844719904,
                    0.20090117102910476
                ],
                [
                    0.7776323682658681,
                    0.3089526667987872,
                    0.3137542672960296
                ]
            ],
            "phases": [
                4.581705790088921,
                0.6378272175823124,
                4.871387478235802,
                1.6621492154703685
            ],
            "offset": -0.2455110192613522,
            "bounds": [
                [
                    2.357851992610257,
                    3.8596767965041114
                ],
                [
                    1.5024515827420886,
                    8.174401469154354
                ],
                [
                    4.148034423618236,
                    7.963002445368325
                ]
            ],
            "minimum_value": 0.0,
            "active_dims": [
                0,
                1,
                2
            ]
        },
        {
            "type": "Gaussian",
            "mean": [
                6.33165302477868,
                2.4439281766986376,
                8.989634350161788
            ],
            "std_dev": [
                2.124625339590239,
                2.7560504391424643,
                0.7453468520440615
            ],
            "max_amplitude": 0.1958932034960389,
            "active_dims": [
                0,
                1,
                2
            ]
        },
        {
            "type": "StaticHypercube",
            "dimensions": [
                [
                    0.2033060622552134,
                    1.1297448042007345
                ],
                [
                    4.787387725154293,
                    7.144049161603881
                ]
            ],
            "static_value": 0.04016599348710343,
            "active_dims": [
                1,
                2
            ]
        },
        {
            "type": "Sinus",
            "amplitudes": [
                0.29604608519315817,
                0.15313052044333425,
                0.26624369545986687
            ],
            "frequencies": [
                1.9194678821091196,
                0.9263840339627191,
                1.1223343990168653
            ],
            "weight_vectors": [
                [
                    0.7741181989146246,
                    0.5055164365426836
                ],
                [
                    0.16096831896736963,
                    0.6807036881518008
                ],
                [
                    0.8127687922744657,
                    0.3099324371858173
                ]
            ],
            "phases": [
                3.523017777973579,
                5.361789796172526,
                0.3184545756890526
            ],
            "offset": 0.0936106953909121,
            "bounds": [
                [
                    2.5195766144775376,
                    5.937763166361539
                ],
                [
                    1.4883823175078204,
                    4.2459390294394765
                ]
            ],
            "minimum_value": 0.0,
            "active_dims": [
                1,
                2
            ]
        },
        {
            "type": "Sinus",
            "amplitudes": [
                0.175184151071039,
                0.43579994668688
            ],
            "frequencies": [
                1.0593786974052921,
                0.38048000743483956
            ],
            "weight_vectors": [
                [
                    0.8447424977878588
                ],
                [
                    0.19914271247033088
                ]
            ],
            "phases": [
                6.107069276500646,
                2.476273195446198
            ],
            "offset": -0.031638107409525267,
            "bounds": [
                [
                    2.347310674968263,
                    7.598869192308467
                ]
            ],
            "minimum_value": 0.0,
            "active_dims": [
                1
            ]
        }
    ],
    "stats": {
        "energy": 320314021.2700326,
        "bandwidth": 64,
        "mean": 0.22484773193473123,
        "std": 0.16626834573344476,
        "pct_over_06": 0.013390625,
        "pct_over_08": 0.006234375
    }
}