{
    "functions": [
        {
            "type": "Sinus",
            "amplitudes": [
                0.22577954082710838,
                0.18347199082772886,
                0.16524257487717026
            ],
            "frequencies": [
                0.23261110707703028,
                0.5808732439834268,
                1.5029840568132142
            ],
            "weight_vectors": [
                [
                    0.5235241530014056,
                    0.38093018724578476,
                    0.7756279864396963
                ],
                [
                    0.17902712066893722,
                    0.8091430625658609,
                    0.8357316770857058
                ],
                [
                    0.22250373634766096,
                    0.9551866207500563,
                    0.6477039962262079
                ]
            ],
            "phases": [
                4.2674023802202,
                2.4563096415640984,
                2.2202518701602787
            ],
            "offset": 0.06907231070977017,
            "bounds": [
                [
                    5.3169519650365045,
                    6.964458857575022
                ],
                [
                    0.585288465525803,
                    2.7466022897614595
                ],
                [
                    2.2752163067891895,
                    7.1746291756059435
                ]
            ],
            "minimum_value": 0.0,
            "active_dims": [
                0,
                1,
                2
            ]
        },
        {
            "type": "StaticHypercube",
            "dimensions": [
                [
                    1.122312535750583,
                    3.5405447835391213
                ]
            ],
            "static_value": 0.13711971720816718,
            "active_dims": [
                2
            ]
        },
        {
            "type": "StaticHypercube",
            "dimensions": [
                [
                    4.375635079117351,
                    5.627129359371157
                ],
                [
                    1.4466865396040927,
                    3.417981825717211
                ],
                [
                    5.4367316167537725,
                    9.117254684514165
                ]
            ],
            "static_value": 0.4315837375428805,
            "active_dims": [
                0,
                1,
                2
            ]
        },
        {
            "type": "StaticHypercube",
            "dimensions": [
                [
                    1.6768134888325283,
                    3.2744279694773546
                ],
                [
                    0.22798602652339636,
                    0.6041840498915143
                ]
            ],
            "static_value": 0.3076238860419823,
            "active_dims": [
                1,
                2
            ]
        },
        {
            "type": "Sinus",
            "amplitudes": [
                0.12253426787704118
            ],
            "frequencies": [
                0.7151917575862322
            ],
            "weight_vectors": [
                [
                    0.04967947290192787,
                    0.04882253778815204
                ]
            ],
            "phases": [
                1.7414089281621619
            ],
            "offset": -0.00035282281597617755,
            "bounds": [
                [
                    7.717272396160222,
                    9.272428345205714
                ],
                [
                    5.504183396186181,
                    8.75705177691201
                ]
            ],
            "minimum_value": 0.0,
            "active_dims": [
                0,
                2
            ]
        },
        {
            "type": "StaticHypercube",
            "dimensions": [
                [
                    1.1253718669843937,
                    4.298239310534346
                ],
                [
                    2.189027213182818,
                    3.7319871255529393
                ],
                [
                    5.61762244412828,
                    8.016469706052915
                ]
            ],
            "static_value": 0.32404051240646947,
            "active_dims": [
                0,
                1,
                2
            ]
        },
        {
            "type": "Ramp",
            "coeff": [
                0.14394942957692103,
                1.862041734897527,
                1.8567838679469022
            ],
            "min_value": 0.07929017295533172,
            "max_value": 0.15355275271764574,
            "bounds": [
                [
                    3.2593643856487846,
                    5.738420232671481
                ],
                [
                    0.4660435521621927,
                    7.864938453861107
                ],
                [
                    2.4892377109697614,
                    5.0355022585909515
                ]
            ],
            "active_dims": [
                0,
                1,
                2
            ]
        },
        {
            "type": "Gaussian",
            "mean": [
                2.9995849508719106
            ],
            "std_dev": [
                0.5430858532335343
            ],
            "max_amplitude": 0.34085246722833745,
            "active_dims": [
                1
            ]
        },
        {
            "type": "Sinus",
            "amplitudes": [
                0.08826548344267977,
                0.1769704132771292
            ],
            "frequencies": [
                0.5168076566986444,
                0.924816623971274
            ],
            "weight_vectors": [
                [
                    0.3356770842768101,
                    0.6208331437306042
                ],
                [
                    0.9750024087006514,
                    0.5424649873061401
                ]
            ],
            "phases": [
                1.0289794311507077,
                3.6279034218367174
            ],
            "offset": -0.04469144628379954,
            "bounds": [
                [
                    3.933456833399198,
                    9.48445648082079
                ],
                [
                    3.9439195686470443,
                    8.122039619411954
                ]
            ],
            "minimum_value": 0.0,
            "active_dims": [
                0,
                2
            ]
        }
    ],
    "stats": {
        "energy": 117647422.84388801,
        "bandwidth": 365,
        "mean": 0.10028240418861285,
        "std": 0.1366234048503322,
        "pct_over_06": 0.01415625,
        "pct_over_08": 0.000234375
    }
}