{
    "functions": [
        {
            "type": "Gaussian",
            "mean": [
                0.09504248099692969
            ],
            "std_dev": [
                3.636031808730991
            ],
            "max_amplitude": 0.11088507423353212,
            "active_dims": [
                0
            ]
        },
        {
            "type": "Gaussian",
            "mean": [
                4.113625250761903,
                3.3008537164612664,
                6.451501827514182
            ],
            "std_dev": [
                1.0006836265361112,
                1.0043512514390707,
                0.27708825466618026
            ],
            "max_amplitude": 0.17301995584235533,
            "active_dims": [
                0,
                1,
                2
            ]
        },
        {
            "type": "Sinus",
            "amplitudes": [
                0.1181609742443111,
                0.1105441591476185,
                0.12549528194155232,
                0.3307031326355899
            ],
            "frequencies": [
                0.6345530780185908,
                0.9417713234446375,
                1.150858095349711,
                0.5898400742391712
            ],
            "weight_vectors": [
                [
                    0.9734640212658764
                ],
                [
                    0.16572989807260452
                ],
                [
                    0.9829740802073966
                ],
                [
                    0.4706583594760898
                ]
            ],
            "phases": [
                3.581562088488222,
                2.6132021091137405,
                0.8151165818374495,
                0.005256310503804698
            ],
            "offset": 0.13578056210228254,
            "bounds": [
                [
                    0.42839662005484735,
                    4.104855870908808
                ]
            ],
            "minimum_value": 0.0,
            "active_dims": [
                2
            ]
        },
        {
            "type": "Ramp",
            "coeff": [
                0.4481191224906076,
                1.8954486216657425
            ],
            "min_value": 0.07372078996706995,
            "max_value": 0.1014185062308972,
            "bounds": [
                [
                    0.5077435698145742,
                    4.145637103627887
                ],
                [
                    0.20532376664693108,
                    3.8892978127344073
                ]
            ],
            "active_dims": [
                1,
                2
            ]
        },
        {
            "type": "StaticHypercube",
            "dimensions": [
                [
                    7.598925432690893,
                    8.135935085237906
                ],
                [
                    2.191412943630255,
                    5.815664809736996
                ],
                [
                    3.4560843737415317,
                    7.3097110957312745
                ]
            ],
            "static_value": 0.08001460037868659,
            "active_dims": [
                0,
                1,
                2
            ]
        },
        {
            "type": "StaticHypercube",
            "dimensions": [
                [
                    3.0558231524182013,
                    7.420157507615718
                ]
            ],
            "static_value": 0.15219398201855355,
            "active_dims": [
                0
            ]
        },
        {
            "type": "Ramp",
            "coeff": [
                1.605016092129748,
                0.8566778812695977,
                0.08159566180393396
            ],
            "min_value": 0.02056305472021632,
            "max_value": 0.05672662001190533,
            "bounds": [
                [
                    2.7698881674669598,
                    7.838743610859439
                ],
                [
                    3.8326234824657655,
                    6.525860972520029
                ],
                [
                    5.467844624838833,
                    8.13644604593002
                ]
            ],
            "active_dims": [
                0,
                1,
                2
            ]
        },
        {
            "type": "Ramp",
            "coeff": [
                1.619283932501106,
                1.9054205445755468,
                1.2603961213031014
            ],
            "min_value": 0.14094343763285147,
            "max_value": 0.28822049204316186,
            "bounds": [
                [
                    7.658426304557959,
                    8.169373726319458
                ],
                [
                    7.259181268170821,
                    8.952861711645777
                ],
                [
                    4.2590268504736315,
                    8.535519478282502
                ]
            ],
            "active_dims": [
                0,
                1,
                2
            ]
        },
        {
            "type": "StaticHypercube",
            "dimensions": [
                [
                    0.15179453265687745,
                    0.6186710558960394
                ]
            ],
            "static_value": 0.12419705190162475,
            "active_dims": [
                1
            ]
        }
    ],
    "stats": {
        "energy": 493672404.9499355,
        "bandwidth": 20,
        "mean": 0.2634518732988886,
        "std": 0.22609422802238155,
        "pct_over_06": 0.10459375,
        "pct_over_08": 0.025
    }
}