{
    "functions": [
        {
            "type": "Gaussian",
            "mean": [
                9.198055099959362
            ],
            "std_dev": [
                0.681378604987722
            ],
            "max_amplitude": 0.34173327752899424,
            "active_dims": [
                2
            ]
        },
        {
            "type": "StaticHypercube",
            "dimensions": [
                [
                    1.5871147478437047,
                    4.6324005527851755
                ]
            ],
            "static_value": 0.06786474490629897,
            "active_dims": [
                2
            ]
        },
        {
            "type": "Ramp",
            "coeff": [
                0.3722690337429131,
                1.0673435831442988,
                0.21729508856048052
            ],
            "min_value": 0.058207480176410524,
            "max_value": 0.3206727325782164,
            "bounds": [
                [
                    0.12595994886333944,
                    0.44523336401672076
                ],
                [
                    7.010596911697354,
                    8.96831068396439
                ],
                [
                    0.515651886506227,
                    2.35999062640082
                ]
            ],
            "active_dims": [
                0,
                1,
                2
            ]
        },
        {
            "type": "Sinus",
            "amplitudes": [
                0.2494418923423464,
                0.16801073536656883,
                0.2885709174352659,
                0.3756259705174768,
                0.204072471881839
            ],
            "frequencies": [
                1.0757200548377028,
                1.8943375385469174,
                0.25538807005876396,
                0.9062128894211658,
                0.9263029006826559
            ],
            "weight_vectors": [
                [
                    0.9677479216548254,
                    0.288444507081534
                ],
                [
                    0.7792953957421666,
                    0.25182100859307976
                ],
                [
                    0.07094937092849463,
                    0.41439309251196654
                ],
                [
                    0.11256180448962172,
                    0.7964477853475991
                ],
                [
                    0.8797056751745991,
                    0.8134678691637919
                ]
            ],
            "phases": [
                4.356911732438559,
                4.107306338687378,
                0.05346733736957599,
                2.2070310904606356,
                4.3651793356541155
            ],
            "offset": 0.004639603225083977,
            "bounds": [
                [
                    7.685086364627358,
                    7.779453899679809
                ],
                [
                    0.4347080495528667,
                    1.2292417912439961
                ]
            ],
            "minimum_value": 0.0,
            "active_dims": [
                1,
                2
            ]
        },
        {
            "type": "Sinus",
            "amplitudes": [
                0.2449658209829195,
                0.22915522163590782,
                0.15966610313756094,
                0.3129067480976212
            ],
            "frequencies": [
                0.32113614930828016,
                1.8773487618068103,
                1.0350580823733655,
                1.7749188534261777
            ],
            "weight_vectors": [
                [
                    0.6876791576021222,
                    0.922764351125395
                ],
                [
                    0.6590734153090662,
                    0.9638363564690156
                ],
                [
                    0.8840239857487223,
                    0.7961938256304844
                ],
                [
                    0.4040660256937453,
                    0.5732780837563195
                ]
            ],
            "phases": [
                4.899728477131492,
                3.955262642076794,
                1.1959469617770062,
                1.3239874769556117
            ],
            "offset": 0.10306199744659457,
            "bounds": [
                [
                    7.863604445725126,
                    9.60075299374663
                ],
                [
                    2.541191422443928,
                    3.9798964530975347
                ]
            ],
            "minimum_value": 0.0,
            "active_dims": [
                1,
                2
            ]
        },
        {
            "type": "StaticHypercube",
            "dimensions": [
                [
                    3.3946759555714126,
                    6.886081969625229
                ],
                [
                    1.1903280741770819,
                    6.151213369045852
                ],
                [
                    1.741138040753145,
                    6.856235157440916
                ]
            ],
            "static_value": 0.2352434003731937,
            "active_dims": [
                0,
                1,
                2
            ]
        },
        {
            "type": "StaticHypercube",
            "dimensions": [
                [
                    2.2333966530126226,
                    3.846125882711992
                ]
            ],
            "static_value": 0.30916379870915117,
            "active_dims": [
                2
            ]
        },
        {
            "type": "Ramp",
            "coeff": [
                1.5556365555986984
            ],
            "min_value": 0.0006481181058359661,
            "max_value": 0.06354717802427036,
            "bounds": [
                [
                    6.292451969572746,
                    7.7889449464465645
                ]
            ],
            "active_dims": [
                1
            ]
        },
        {
            "type": "Ramp",
            "coeff": [
                1.4907025304148263,
                0.11902752869447886
            ],
            "min_value": 0.05341794733222808,
            "max_value": 0.28656768709785696,
            "bounds": [
                [
                    1.952258112523337,
                    5.620130014036186
                ],
                [
                    1.2688411377897373,
                    4.873658834125369
                ]
            ],
            "active_dims": [
                0,
                1
            ]
        }
    ],
    "stats": {
        "energy": 291027797.57635915,
        "bandwidth": 158,
        "mean": 0.17111523355945277,
        "std": 0.20438024668876323,
        "pct_over_06": 0.0365,
        "pct_over_08": 0.005546875
    }
}