{
    "functions": [
        {
            "type": "Gaussian",
            "mean": [
                8.387428724850897,
                3.751844638476385
            ],
            "std_dev": [
                0.583636259986481,
                1.641321074652432
            ],
            "max_amplitude": 0.28721730032821846,
            "active_dims": [
                0,
                1
            ]
        },
        {
            "type": "Sinus",
            "amplitudes": [
                0.37820097817610143,
                0.4656498292792582,
                0.3010420505888813
            ],
            "frequencies": [
                0.6941105409791689,
                1.2076431803659193,
                0.3443619542545162
            ],
            "weight_vectors": [
                [
                    0.8613519324790465,
                    0.5298238522207487
                ],
                [
                    0.08866873639388895,
                    0.42747824458246786
                ],
                [
                    0.9671415611501907,
                    0.30869331033640024
                ]
            ],
            "phases": [
                5.114235660662071,
                2.9620366266070874,
                3.0267678179223783
            ],
            "offset": -0.040313122281694126,
            "bounds": [
                [
                    6.808976327205879,
                    8.828965392088651
                ],
                [
                    1.0761679832416902,
                    4.647351853531893
                ]
            ],
            "minimum_value": 0.0,
            "active_dims": [
                1,
                2
            ]
        },
        {
            "type": "Gaussian",
            "mean": [
                2.430876022641373
            ],
            "std_dev": [
                3.3746608960871947
            ],
            "max_amplitude": 0.3137232080162862,
            "active_dims": [
                0
            ]
        },
        {
            "type": "Sinus",
            "amplitudes": [
                0.15798354309866225,
                0.1782019683392479,
                0.37648093914722336
            ],
            "frequencies": [
                1.1927470528253867,
                1.599354980325842,
                1.3574991927024809
            ],
            "weight_vectors": [
                [
                    0.7420336681294777,
                    0.5763804449281411,
                    0.7975585108218448
                ],
                [
                    0.331124025821283,
                    0.7846768711522037,
                    0.5726292378672123
                ],
                [
                    0.15712858869711555,
                    0.7101314896898575,
                    0.06150222529645055
                ]
            ],
            "phases": [
                2.0794882165766406,
                4.763271571809473,
                1.3290437879829378
            ],
            "offset": -0.27025816966250044,
            "bounds": [
                [
                    0.7549766239005958,
                    2.0439292957314237
                ],
                [
                    3.844421749593916,
                    7.187708346639647
                ],
                [
                    5.311289712218343,
                    9.609010075288513
                ]
            ],
            "minimum_value": 0.0,
            "active_dims": [
                0,
                1,
                2
            ]
        },
        {
            "type": "Ramp",
            "coeff": [
                0.1927228452593368,
                0.9815901824856135
            ],
            "min_value": 0.28219853440492937,
            "max_value": 0.5204119904555284,
            "bounds": [
                [
                    3.699819018650594,
                    7.440590277612942
                ],
                [
                    5.24128164391113,
                    6.428057777451227
                ]
            ],
            "active_dims": [
                0,
                2
            ]
        },
        {
            "type": "StaticHypercube",
            "dimensions": [
                [
                    1.487296957362868,
                    4.308379882619186
                ],
                [
                    0.09207671527321361,
                    2.8818705937318185
                ],
                [
                    5.7442530159591385,
                    6.935266191731982
                ]
            ],
            "static_value": 0.3003264863864153,
            "active_dims": [
                0,
                1,
                2
            ]
        },
        {
            "type": "StaticHypercube",
            "dimensions": [
                [
                    1.2344342087656301,
                    6.71227290503056
                ],
                [
                    7.960541228064594,
                    9.380922091346202
                ],
                [
                    1.8514273196708153,
                    4.89101521871218
                ]
            ],
            "static_value": 0.5163539681024455,
            "active_dims": [
                0,
                1,
                2
            ]
        },
        {
            "type": "Sinus",
            "amplitudes": [
                0.14361745383258337
            ],
            "frequencies": [
                1.4868019999898887
            ],
            "weight_vectors": [
                [
                    0.7665073631787939
                ]
            ],
            "phases": [
                2.4655262224276164
            ],
            "offset": -0.10182305315453107,
            "bounds": [
                [
                    5.063912789415042,
                    7.182690286927626
                ]
            ],
            "minimum_value": 0.0,
            "active_dims": [
                0
            ]
        },
        {
            "type": "Gaussian",
            "mean": [
                0.43000257151810883,
                2.2534249580890755
            ],
            "std_dev": [
                0.46737488578567643,
                0.7482908214705407
            ],
            "max_amplitude": 0.2854741274222193,
            "active_dims": [
                0,
                1
            ]
        }
    ],
    "stats": {
        "energy": 367860479.9688481,
        "bandwidth": 168,
        "mean": 0.2560839728501058,
        "std": 0.1556620902522539,
        "pct_over_06": 0.058078125,
        "pct_over_08": 0.01134375
    }
}