{
    "functions": [
        {
            "type": "StaticHypercube",
            "dimensions": [
                [
                    6.713013104407977,
                    9.828137573536967
                ],
                [
                    0.2915656487082347,
                    4.984857874284135
                ]
            ],
            "static_value": 0.33700113167469914,
            "active_dims": [
                0,
                2
            ]
        },
        {
            "type": "Ramp",
            "coeff": [
                1.153183487131275
            ],
            "min_value": 0.1557700947772803,
            "max_value": 0.1687641730106638,
            "bounds": [
                [
                    0.9057848652756965,
                    5.945811044387807
                ]
            ],
            "active_dims": [
                1
            ]
        },
        {
            "type": "Sinus",
            "amplitudes": [
                0.4047787753224909,
                0.2580696595456849,
                0.1828620055640429
            ],
            "frequencies": [
                0.1629723131361382,
                0.4147863425847246,
                0.3059274963628935
            ],
            "weight_vectors": [
                [
                    0.5788719983659711
                ],
                [
                    0.5317032024845347
                ],
                [
                    0.8398543924429973
                ]
            ],
            "phases": [
                3.5461662259610582,
                2.9519228829939927,
                4.447981050361626
            ],
            "offset": -0.039506796172991084,
            "bounds": [
                [
                    0.1237601819600993,
                    1.5332692590407144
                ]
            ],
            "minimum_value": 0.0,
            "active_dims": [
                2
            ]
        },
        {
            "type": "Sinus",
            "amplitudes": [
                0.39123611866498614
            ],
            "frequencies": [
                0.9876744009518755
            ],
            "weight_vectors": [
                [
                    0.6244552459415628,
                    0.054869100321786046
                ]
            ],
            "phases": [
                0.727296353046418
            ],
            "offset": 0.15467120429361114,
            "bounds": [
                [
                    3.678892920273219,
                    7.422985513802015
                ],
                [
                    4.442421479650812,
                    5.021065749247324
                ]
            ],
            "minimum_value": 0.0,
            "active_dims": [
                0,
                2
            ]
        },
        {
            "type": "Gaussian",
            "mean": [
                6.626842006723118,
                2.868821332110265
            ],
            "std_dev": [
                3.7648411349701605,
                0.8651340685340814
            ],
            "max_amplitude": 0.052867990791258604,
            "active_dims": [
                0,
                2
            ]
        },
        {
            "type": "Gaussian",
            "mean": [
                5.975325141121789,
                4.761109698861766
            ],
            "std_dev": [
                3.321613071923816,
                3.3845450744061294
            ],
            "max_amplitude": 0.21030014900283414,
            "active_dims": [
                0,
                1
            ]
        },
        {
            "type": "Sinus",
            "amplitudes": [
                0.21043808351711243,
                0.16532088098450695,
                0.3314726853122749
            ],
            "frequencies": [
                0.6791013685898164,
                0.8420925433960322,
                0.5008024936140528
            ],
            "weight_vectors": [
                [
                    0.650090287219949,
                    0.5714364903924802
                ],
                [
                    0.40579860013862845,
                    0.9166093482074378
                ],
                [
                    0.20475602581732122,
                    0.41922910297825555
                ]
            ],
            "phases": [
                4.400095651584636,
                1.4003052745901305,
                1.4972758038326228
            ],
            "offset": -0.10309914459350163,
            "bounds": [
                [
                    5.02591675812483,
                    7.023229252753291
                ],
                [
                    7.925014938581174,
                    9.635429531057595
                ]
            ],
            "minimum_value": 0.0,
            "active_dims": [
                1,
                2
            ]
        },
        {
            "type": "Gaussian",
            "mean": [
                2.647170329599894
            ],
            "std_dev": [
                3.0624365449192212
            ],
            "max_amplitude": 0.2563205326929044,
            "active_dims": [
                2
            ]
        },
        {
            "type": "Sinus",
            "amplitudes": [
                0.2299765561434009
            ],
            "frequencies": [
                0.6984645880212271
            ],
            "weight_vectors": [
                [
                    0.790965397669297,
                    0.9171602975433419
                ]
            ],
            "phases": [
                5.371097096906523
            ],
            "offset": -0.18652817506655348,
            "bounds": [
                [
                    4.69067472652899,
                    6.4198054351974285
                ],
                [
                    2.0739275128682313,
                    6.167597745036037
                ]
            ],
            "minimum_value": 0.0,
            "active_dims": [
                0,
                2
            ]
        }
    ],
    "stats": {
        "energy": 820689831.9357727,
        "bandwidth": 8,
        "mean": 0.39723204425119163,
        "std": 0.2063260320947502,
        "pct_over_06": 0.161640625,
        "pct_over_08": 0.06196875
    }
}