{
    "functions": [
        {
            "type": "Sinus",
            "amplitudes": [
                0.19542222901580464
            ],
            "frequencies": [
                0.425413979662961
            ],
            "weight_vectors": [
                [
                    0.6773415821964657,
                    0.2772276627275555
                ]
            ],
            "phases": [
                2.4301964400773395
            ],
            "offset": 0.04621891177980038,
            "bounds": [
                [
                    2.7540550899244707,
                    9.434171440863624
                ],
                [
                    6.0752094234948775,
                    7.0240508317646295
                ]
            ],
            "minimum_value": 0.0,
            "active_dims": [
                0,
                2
            ]
        },
        {
            "type": "Gaussian",
            "mean": [
                6.382216807494726
            ],
            "std_dev": [
                1.557673858890431
            ],
            "max_amplitude": 0.22492099854988318,
            "active_dims": [
                0
            ]
        },
        {
            "type": "Gaussian",
            "mean": [
                1.5874507621870237,
                7.452190838179067
            ],
            "std_dev": [
                3.743585886098216,
                0.4358773032319445
            ],
            "max_amplitude": 0.15455978701986076,
            "active_dims": [
                0,
                2
            ]
        },
        {
            "type": "Sinus",
            "amplitudes": [
                0.12240920136735019,
                0.2806473568929077
            ],
            "frequencies": [
                0.21409072896810188,
                1.289612888634727
            ],
            "weight_vectors": [
                [
                    0.05215516155950628,
                    0.7805623968431025,
                    0.21767391153631077
                ],
                [
                    0.5066314047150693,
                    0.15679205926924022,
                    0.14982658545649996
                ]
            ],
            "phases": [
                0.21754623879467064,
                4.107534789275578
            ],
            "offset": -0.05207375861012757,
            "bounds": [
                [
                    3.3141741605819175,
                    3.888557344472508
                ],
                [
                    3.020989667600013,
                    4.230159761209135
                ],
                [
                    0.7954061683828917,
                    8.635011274884485
                ]
            ],
            "minimum_value": 0.0,
            "active_dims": [
                0,
                1,
                2
            ]
        },
        {
            "type": "Gaussian",
            "mean": [
                2.8950098541527893,
                7.681426027150085
            ],
            "std_dev": [
                0.8228183135805279,
                1.3717048183375107
            ],
            "max_amplitude": 0.17068922407669043,
            "active_dims": [
                0,
                2
            ]
        },
        {
            "type": "Gaussian",
            "mean": [
                2.574897353400604
            ],
            "std_dev": [
                0.7749345965735552
            ],
            "max_amplitude": 0.20773931411030983,
            "active_dims": [
                0
            ]
        },
        {
            "type": "StaticHypercube",
            "dimensions": [
                [
                    3.924505473220463,
                    7.064065800367326
                ],
                [
                    7.456195640607169,
                    8.63848750622468
                ]
            ],
            "static_value": 0.08450200018779476,
            "active_dims": [
                0,
                1
            ]
        },
        {
            "type": "Gaussian",
            "mean": [
                0.11843801664375153,
                2.842970436409422
            ],
            "std_dev": [
                3.183712583695106,
                1.3926946826532451
            ],
            "max_amplitude": 0.23072830090285937,
            "active_dims": [
                0,
                1
            ]
        },
        {
            "type": "Gaussian",
            "mean": [
                1.4033777129348757
            ],
            "std_dev": [
                3.5267918754217304
            ],
            "max_amplitude": 0.23007773842678392,
            "active_dims": [
                1
            ]
        }
    ],
    "stats": {
        "energy": 495613319.11628836,
        "bandwidth": 6,
        "mean": 0.3127646996128902,
        "std": 0.15224187388308635,
        "pct_over_06": 0.033546875,
        "pct_over_08": 0.0049375
    }
}