{
    "functions": [
        {
            "type": "Ramp",
            "coeff": [
                1.8385733087526737,
                1.9131377887014531
            ],
            "min_value": 0.15947489375229218,
            "max_value": 0.4407441881795212,
            "bounds": [
                [
                    2.179530483943599,
                    3.5348313657142407
                ],
                [
                    7.08109906804248,
                    8.01791707919413
                ]
            ],
            "active_dims": [
                0,
                1
            ]
        },
        {
            "type": "StaticHypercube",
            "dimensions": [
                [
                    6.161120403344616,
                    8.828998057938202
                ],
                [
                    1.4221410490425614,
                    5.950472277192734
                ],
                [
                    1.226926479595202,
                    3.275567616101351
                ]
            ],
            "static_value": 0.25943294465392064,
            "active_dims": [
                0,
                1,
                2
            ]
        },
        {
            "type": "Sinus",
            "amplitudes": [
                0.4820625216574196,
                0.12353328968593978,
                0.16626065894190772,
                0.3510028850547985,
                0.5341591157864468
            ],
            "frequencies": [
                1.7248621345421962,
                1.6233227702710782,
                1.1327805562866942,
                0.43712332047003377,
                0.13520973150895005
            ],
            "weight_vectors": [
                [
                    0.9532136428600098,
                    0.6355998821814494
                ],
                [
                    0.2515883694133825,
                    0.2554283472857032
                ],
                [
                    0.10829801058344857,
                    0.05227314950663209
                ],
                [
                    0.6946476420197878,
                    0.8393625648070498
                ],
                [
                    0.8036529270480464,
                    0.08280411853599179
                ]
            ],
            "phases": [
                5.8237536405580785,
                0.5032015503209691,
                2.291955974660457,
                4.364625583368884,
                3.42071212394123
            ],
            "offset": -0.25384362717774905,
            "bounds": [
                [
                    1.359251177708478,
                    6.560318635936466
                ],
                [
                    3.363762329038002,
                    3.7345854378674646
                ]
            ],
            "minimum_value": 0.0,
            "active_dims": [
                0,
                2
            ]
        },
        {
            "type": "StaticHypercube",
            "dimensions": [
                [
                    0.06342778174261288,
                    0.32639949434771126
                ]
            ],
            "static_value": 0.1428073830229967,
            "active_dims": [
                1
            ]
        },
        {
            "type": "Gaussian",
            "mean": [
                4.978442404665511,
                3.2867618941805796,
                2.1739342504023975
            ],
            "std_dev": [
                1.3637494422519463,
                0.1596166647128604,
                1.579358979235488
            ],
            "max_amplitude": 0.2142006149170514,
            "active_dims": [
                0,
                1,
                2
            ]
        },
        {
            "type": "Gaussian",
            "mean": [
                7.478242672488036,
                6.634967857224696
            ],
            "std_dev": [
                1.053297409925016,
                1.856983415701338
            ],
            "max_amplitude": 0.3680372006094347,
            "active_dims": [
                1,
                2
            ]
        },
        {
            "type": "Gaussian",
            "mean": [
                5.972507162505289,
                2.9384091824188383
            ],
            "std_dev": [
                0.5322491448230162,
                1.376332586066649
            ],
            "max_amplitude": 0.3907976269140846,
            "active_dims": [
                1,
                2
            ]
        },
        {
            "type": "Gaussian",
            "mean": [
                7.007020298175538,
                3.661279778966974
            ],
            "std_dev": [
                0.7313486084375894,
                0.40198891511408585
            ],
            "max_amplitude": 0.2741566842093502,
            "active_dims": [
                0,
                1
            ]
        },
        {
            "type": "StaticHypercube",
            "dimensions": [
                [
                    1.5620214574244289,
                    3.744429096830512
                ],
                [
                    6.009271243416839,
                    7.866552173970602
                ],
                [
                    2.6005637539329114,
                    6.690113055891697
                ]
            ],
            "static_value": 0.3246053970855136,
            "active_dims": [
                0,
                1,
                2
            ]
        }
    ],
    "stats": {
        "energy": 95256311.43022168,
        "bandwidth": 281,
        "mean": 0.08165268573283364,
        "std": 0.1287974158140763,
        "pct_over_06": 0.009125,
        "pct_over_08": 0.00209375
    }
}