{
    "functions": [
        {
            "type": "Ramp",
            "coeff": [
                1.6077893468042093
            ],
            "min_value": 0.11671888259801158,
            "max_value": 0.4088479612171693,
            "bounds": [
                [
                    6.038369800403524,
                    9.792195710434102
                ]
            ],
            "active_dims": [
                0
            ]
        },
        {
            "type": "Gaussian",
            "mean": [
                4.699604790956649,
                0.7344097236025571
            ],
            "std_dev": [
                2.2587716398609556,
                1.568933559013365
            ],
            "max_amplitude": 0.1361226534266167,
            "active_dims": [
                0,
                1
            ]
        },
        {
            "type": "StaticHypercube",
            "dimensions": [
                [
                    5.01052225805842,
                    7.503445687201584
                ],
                [
                    0.9447766209770535,
                    3.9304115219864837
                ]
            ],
            "static_value": 0.12560694435343212,
            "active_dims": [
                0,
                1
            ]
        },
        {
            "type": "Sinus",
            "amplitudes": [
                0.09521098917282429,
                0.17729832908269252,
                0.3395590459139536,
                0.09989682202867375,
                0.49400834115567677
            ],
            "frequencies": [
                1.2498570492803123,
                0.5615866925295513,
                1.391693631823892,
                0.24370251224629877,
                0.4826944280549028
            ],
            "weight_vectors": [
                [
                    0.8242306960898018
                ],
                [
                    0.3974375696856146
                ],
                [
                    0.6753940101247247
                ],
                [
                    0.9083728800096054
                ],
                [
                    0.683309504043183
                ]
            ],
            "phases": [
                0.7864743010473136,
                0.8240109946966897,
                5.525910607785141,
                0.19133789490481015,
                5.211353690427586
            ],
            "offset": 0.0959861708629004,
            "bounds": [
                [
                    2.8724310926248338,
                    3.6147582911966154
                ]
            ],
            "minimum_value": 0.0,
            "active_dims": [
                0
            ]
        },
        {
            "type": "Gaussian",
            "mean": [
                6.70235884110626,
                2.6919461479028737
            ],
            "std_dev": [
                3.7944426552584494,
                3.895077598829923
            ],
            "max_amplitude": 0.2258617295505851,
            "active_dims": [
                0,
                1
            ]
        },
        {
            "type": "Ramp",
            "coeff": [
                0.9252410367710897,
                0.4555157639738636
            ],
            "min_value": 0.1736151568898416,
            "max_value": 0.20940193568048684,
            "bounds": [
                [
                    1.831331642208994,
                    4.71288029758397
                ],
                [
                    1.553276755509893,
                    3.7359921143431993
                ]
            ],
            "active_dims": [
                0,
                1
            ]
        },
        {
            "type": "Gaussian",
            "mean": [
                7.212541349103225
            ],
            "std_dev": [
                1.35073184005956
            ],
            "max_amplitude": 0.39137608617064545,
            "active_dims": [
                1
            ]
        }
    ],
    "stats": {
        "energy": 577033.9033984356,
        "bandwidth": 13,
        "mean": 0.41991195215826566,
        "std": 0.22153514608217004,
        "pct_over_06": 0.189375,
        "pct_over_08": 0.05625
    }
}