{
    "functions": [
        {
            "type": "Gaussian",
            "mean": [
                3.7826206896423633
            ],
            "std_dev": [
                3.245575986161685
            ],
            "max_amplitude": 0.15607696380902553,
            "active_dims": [
                0
            ]
        },
        {
            "type": "Sinus",
            "amplitudes": [
                0.16114863195945225,
                0.32673375027235335
            ],
            "frequencies": [
                1.9410724036265177,
                1.7962689243188505
            ],
            "weight_vectors": [
                [
                    0.2579699851054328,
                    0.9344174809511715
                ],
                [
                    0.8080396751492389,
                    0.3353296096806646
                ]
            ],
            "phases": [
                5.699075433279192,
                0.6351886008824086
            ],
            "offset": 0.08794914632629552,
            "bounds": [
                [
                    3.391996849903617,
                    8.736646184125862
                ],
                [
                    1.5829152036416887,
                    6.912303065852569
                ]
            ],
            "minimum_value": 0.0,
            "active_dims": [
                0,
                1
            ]
        },
        {
            "type": "Sinus",
            "amplitudes": [
                0.23316686624737928
            ],
            "frequencies": [
                1.1705057759753719
            ],
            "weight_vectors": [
                [
                    0.9130995961912277
                ]
            ],
            "phases": [
                6.0644756644325275
            ],
            "offset": -0.1543571876385162,
            "bounds": [
                [
                    0.33302179989471126,
                    2.9372987384149
                ]
            ],
            "minimum_value": 0.0,
            "active_dims": [
                1
            ]
        },
        {
            "type": "Gaussian",
            "mean": [
                8.449006135859387,
                6.482533783205357
            ],
            "std_dev": [
                0.5129310942266162,
                1.4225402112204906
            ],
            "max_amplitude": 0.13709374968362148,
            "active_dims": [
                0,
                1
            ]
        },
        {
            "type": "Sinus",
            "amplitudes": [
                0.6577936942464847,
                0.21787079282303748,
                0.33620431922630184,
                0.23333771002537004,
                0.1757074277357027
            ],
            "frequencies": [
                1.0643356623492208,
                0.7487909040094419,
                1.390821815138931,
                1.957028432631032,
                1.5164619630707599
            ],
            "weight_vectors": [
                [
                    0.5417730345282308,
                    0.9027811599332043
                ],
                [
                    0.39166643544557445,
                    0.5938476572560318
                ],
                [
                    0.8960179127379105,
                    0.16165598227743438
                ],
                [
                    0.8096175064658263,
                    0.18629448769669865
                ],
                [
                    0.6337440668597117,
                    0.5140814649153078
                ]
            ],
            "phases": [
                3.7358927993368876,
                0.8128746923718999,
                4.810572615838334,
                5.8103280884902775,
                6.0703664581293815
            ],
            "offset": -0.07103074731716909,
            "bounds": [
                [
                    5.6639568486267375,
                    8.387335633120973
                ],
                [
                    3.433301286105578,
                    5.84427786760301
                ]
            ],
            "minimum_value": 0.0,
            "active_dims": [
                0,
                1
            ]
        },
        {
            "type": "StaticHypercube",
            "dimensions": [
                [
                    5.100291355859958,
                    7.749815694439959
                ],
                [
                    6.883264554758458,
                    7.5552766066034085
                ]
            ],
            "static_value": 0.10566231985533918,
            "active_dims": [
                0,
                1
            ]
        },
        {
            "type": "StaticHypercube",
            "dimensions": [
                [
                    4.45304128050108,
                    5.214804204393254
                ],
                [
                    1.9203717331495567,
                    2.901000987373527
                ]
            ],
            "static_value": 0.028056739044033323,
            "active_dims": [
                0,
                1
            ]
        }
    ],
    "stats": {
        "energy": 121617.48306396938,
        "bandwidth": 53,
        "mean": 0.16855880839514648,
        "std": 0.1381837813720241,
        "pct_over_06": 0.028125,
        "pct_over_08": 0.003125
    }
}