{
    "functions": [
        {
            "type": "Sinus",
            "amplitudes": [
                0.11378443223226666,
                0.21164387633704995
            ],
            "frequencies": [
                1.7434334437045422,
                0.15746707542127905
            ],
            "weight_vectors": [
                [
                    0.15691591258096682,
                    0.5874491300198148
                ],
                [
                    0.3845231241115672,
                    0.29390423105137065
                ]
            ],
            "phases": [
                2.9584380896210996,
                0.11877541265543824
            ],
            "offset": 0.1779495117530682,
            "bounds": [
                [
                    6.599632195964602,
                    9.733261554348033
                ],
                [
                    9.282775162031946,
                    9.861341599264064
                ]
            ],
            "minimum_value": 0.0,
            "active_dims": [
                0,
                1
            ]
        },
        {
            "type": "Gaussian",
            "mean": [
                6.915676386104178
            ],
            "std_dev": [
                2.902744729870873
            ],
            "max_amplitude": 0.23964095232574448,
            "active_dims": [
                1
            ]
        },
        {
            "type": "Sinus",
            "amplitudes": [
                0.3414492131669795,
                0.21956341273888505,
                0.19004145731662034
            ],
            "frequencies": [
                1.8050893489347408,
                0.7883842071877665,
                1.8109529569551222
            ],
            "weight_vectors": [
                [
                    0.9299110508600195,
                    0.7740030273617228
                ],
                [
                    0.5908355461613134,
                    0.8876248274740325
                ],
                [
                    0.6797330864337376,
                    0.017833534938224926
                ]
            ],
            "phases": [
                0.09753817864093074,
                5.427745512009283,
                3.8149538603422024
            ],
            "offset": -0.12730354166153135,
            "bounds": [
                [
                    0.15044919790878702,
                    2.3777616771160974
                ],
                [
                    3.468292745410896,
                    4.751052842910645
                ]
            ],
            "minimum_value": 0.0,
            "active_dims": [
                0,
                1
            ]
        },
        {
            "type": "Gaussian",
            "mean": [
                5.987086425105171,
                0.3046251516891385
            ],
            "std_dev": [
                2.3224275898830826,
                0.8796112258239085
            ],
            "max_amplitude": 0.3137731750263927,
            "active_dims": [
                0,
                1
            ]
        },
        {
            "type": "Ramp",
            "coeff": [
                0.8994024381879375,
                0.6044297642494953
            ],
            "min_value": 0.04883477085338181,
            "max_value": 0.32496201781284434,
            "bounds": [
                [
                    4.811557757916544,
                    7.372540047273143
                ],
                [
                    3.7752319578551785,
                    6.051781928600644
                ]
            ],
            "active_dims": [
                0,
                1
            ]
        },
        {
            "type": "Sinus",
            "amplitudes": [
                0.16998153680529185,
                0.16383193750018796,
                0.2692509140963023,
                0.18474299830232205,
                0.29627797468084616
            ],
            "frequencies": [
                1.4567065047980465,
                0.7511731338673173,
                1.0004409551889493,
                0.7880035648069247,
                1.6641576491558188
            ],
            "weight_vectors": [
                [
                    0.9204849248835255
                ],
                [
                    0.03513781128132265
                ],
                [
                    0.1282163812634115
                ],
                [
                    0.8814803953952858
                ],
                [
                    0.8259265523147802
                ]
            ],
            "phases": [
                3.2555138606487577,
                0.614196033353395,
                0.10048402840237407,
                4.034628630101864,
                0.7303979203226615
            ],
            "offset": 0.08172680409046615,
            "bounds": [
                [
                    1.098506473463927,
                    3.4001720381026592
                ]
            ],
            "minimum_value": 0.0,
            "active_dims": [
                1
            ]
        },
        {
            "type": "Gaussian",
            "mean": [
                3.4323467078878567,
                6.546865173481726
            ],
            "std_dev": [
                0.6179887110363932,
                1.6944369815768623
            ],
            "max_amplitude": 0.14405230622240708,
            "active_dims": [
                0,
                1
            ]
        }
    ],
    "stats": {
        "energy": 322122.78558858397,
        "bandwidth": 33,
        "mean": 0.2809518931933415,
        "std": 0.2165531039528592,
        "pct_over_06": 0.1225,
        "pct_over_08": 0.044375
    }
}