{
    "functions": [
        {
            "type": "StaticHypercube",
            "dimensions": [
                [
                    2.887089223985134,
                    4.122438012342845
                ]
            ],
            "static_value": 0.1493544752825569,
            "active_dims": [
                0
            ]
        },
        {
            "type": "Sinus",
            "amplitudes": [
                0.12993072854853951
            ],
            "frequencies": [
                0.17939228964523146
            ],
            "weight_vectors": [
                [
                    0.03175320156246686
                ]
            ],
            "phases": [
                4.606639682254741
            ],
            "offset": -0.12651651998346675,
            "bounds": [
                [
                    4.26251066567593,
                    6.563232654348189
                ]
            ],
            "minimum_value": 0.0,
            "active_dims": [
                1
            ]
        },
        {
            "type": "StaticHypercube",
            "dimensions": [
                [
                    3.1463487151648226,
                    7.949027159235186
                ],
                [
                    1.582413075949609,
                    3.47287052091204
                ]
            ],
            "static_value": 0.223448217035684,
            "active_dims": [
                0,
                1
            ]
        },
        {
            "type": "Sinus",
            "amplitudes": [
                0.13234002003985326,
                0.19448742003790484,
                0.2588233981278974,
                0.1290599107264355,
                0.10224420080121387
            ],
            "frequencies": [
                0.3413441280448295,
                1.387854637999144,
                1.1631673137997878,
                0.1472875224040072,
                1.9908411092250184
            ],
            "weight_vectors": [
                [
                    0.36357789117035977,
                    0.9910209276465557
                ],
                [
                    0.12789470182948137,
                    0.5494122807804006
                ],
                [
                    0.6838557935748274,
                    0.624124906805693
                ],
                [
                    0.4182592714320612,
                    0.015595528187677954
                ],
                [
                    0.37441214631598263,
                    0.643664177750025
                ]
            ],
            "phases": [
                0.9305612131794613,
                3.559474481141497,
                0.9032277402113277,
                5.1534335301587655,
                0.07221111310460111
            ],
            "offset": 0.14333354441814936,
            "bounds": [
                [
                    1.936383944873116,
                    7.370247761187237
                ],
                [
                    4.534273733610716,
                    6.072396562009793
                ]
            ],
            "minimum_value": 0.0,
            "active_dims": [
                0,
                1
            ]
        },
        {
            "type": "Gaussian",
            "mean": [
                2.8657214403212636,
                2.0010254847408127
            ],
            "std_dev": [
                1.762212041737854,
                1.7058444863360867
            ],
            "max_amplitude": 0.23632764144222196,
            "active_dims": [
                0,
                1
            ]
        },
        {
            "type": "Ramp",
            "coeff": [
                1.5950718379288937
            ],
            "min_value": 0.005227394732656697,
            "max_value": 0.19688060903310264,
            "bounds": [
                [
                    1.5304693868084653,
                    2.8877103666446073
                ]
            ],
            "active_dims": [
                1
            ]
        },
        {
            "type": "Ramp",
            "coeff": [
                1.7248577438231392,
                0.7047086775884779
            ],
            "min_value": 0.15727107861963588,
            "max_value": 0.31691248161094077,
            "bounds": [
                [
                    1.9842915247312314,
                    3.731334749431589
                ],
                [
                    0.9365341317501517,
                    8.307411268093354
                ]
            ],
            "active_dims": [
                0,
                1
            ]
        }
    ],
    "stats": {
        "energy": 160769.63040718177,
        "bandwidth": 53,
        "mean": 0.13835324148750686,
        "std": 0.20894740354382252,
        "pct_over_06": 0.04625,
        "pct_over_08": 0.015625
    }
}