{
    "functions": [
        {
            "type": "Sinus",
            "amplitudes": [
                0.2833136991502751,
                0.43283968827912145,
                0.5945747279838701,
                0.47904762497824005
            ],
            "frequencies": [
                1.3331586855489614,
                1.0589649230804539,
                1.5665854254669174,
                0.8150808951524104
            ],
            "weight_vectors": [
                [
                    0.48834560831442186,
                    0.5290860642392389
                ],
                [
                    0.9921980292777474,
                    0.9480229969111801
                ],
                [
                    0.8008097062961144,
                    0.18704137495518836
                ],
                [
                    0.15511409362491968,
                    0.03245902930234201
                ]
            ],
            "phases": [
                5.585067609845796,
                5.381214088835718,
                0.5879434883524896,
                3.0829983426089163
            ],
            "offset": -0.22141423544432975,
            "bounds": [
                [
                    2.569720211875916,
                    6.31013936308105
                ],
                [
                    3.194478285471985,
                    4.789931542094266
                ]
            ],
            "minimum_value": 0.0,
            "active_dims": [
                0,
                1
            ]
        },
        {
            "type": "Gaussian",
            "mean": [
                7.522490826929337,
                8.343786084728155
            ],
            "std_dev": [
                2.0456120858594455,
                3.3866028900980134
            ],
            "max_amplitude": 0.3895240055408212,
            "active_dims": [
                0,
                1
            ]
        },
        {
            "type": "Ramp",
            "coeff": [
                1.0726889704009095,
                0.1611349999446987
            ],
            "min_value": 0.03068346530484674,
            "max_value": 0.277574014000775,
            "bounds": [
                [
                    3.233419659182367,
                    4.226239917842321
                ],
                [
                    3.6677371920319306,
                    7.550304615767802
                ]
            ],
            "active_dims": [
                0,
                1
            ]
        },
        {
            "type": "Gaussian",
            "mean": [
                7.4382210753467195,
                1.4755075397232609
            ],
            "std_dev": [
                3.8162384787608414,
                3.54359968074452
            ],
            "max_amplitude": 0.41601344751085395,
            "active_dims": [
                0,
                1
            ]
        },
        {
            "type": "Sinus",
            "amplitudes": [
                0.1181281598192597,
                0.1849957592180513,
                0.5557662845804299,
                0.3869605126211302,
                0.26266549725373234
            ],
            "frequencies": [
                1.7571759964341715,
                1.3518984358022639,
                1.484600467672208,
                0.8490212187316074,
                0.38630978352150125
            ],
            "weight_vectors": [
                [
                    0.7817396662643881
                ],
                [
                    0.38323499904600455
                ],
                [
                    0.9139593385262442
                ],
                [
                    0.023508498826517954
                ],
                [
                    0.45251402420131037
                ]
            ],
            "phases": [
                5.824062430751725,
                4.854393749774243,
                3.4298466797234535,
                5.483003299147193,
                0.9543897825971862
            ],
            "offset": -0.4067766412060843,
            "bounds": [
                [
                    0.9484298876186041,
                    4.784985009344922
                ]
            ],
            "minimum_value": 0.0,
            "active_dims": [
                1
            ]
        },
        {
            "type": "Gaussian",
            "mean": [
                3.5732658080327253
            ],
            "std_dev": [
                0.45673779914516477
            ],
            "max_amplitude": 0.5563001200217991,
            "active_dims": [
                0
            ]
        },
        {
            "type": "StaticHypercube",
            "dimensions": [
                [
                    6.87191503796119,
                    9.2136825129366
                ],
                [
                    8.545626889847286,
                    9.771159211457272
                ]
            ],
            "static_value": 0.5651010909441001,
            "active_dims": [
                0,
                1
            ]
        }
    ],
    "stats": {
        "energy": 456301.9894032646,
        "bandwidth": 17,
        "mean": 0.3577902622575283,
        "std": 0.2241184794798041,
        "pct_over_06": 0.10625,
        "pct_over_08": 0.059375
    }
}