{
    "functions": [
        {
            "type": "Ramp",
            "coeff": [
                1.978985820755102,
                0.7568531422465619
            ],
            "min_value": 0.08036941628249016,
            "max_value": 0.24619769035924924,
            "bounds": [
                [
                    4.638676316081354,
                    5.608976009948007
                ],
                [
                    5.707840656120425,
                    7.477478434313973
                ]
            ],
            "active_dims": [
                0,
                1
            ]
        },
        {
            "type": "Ramp",
            "coeff": [
                1.2344399118281664,
                0.14013337475983456
            ],
            "min_value": 0.018775961440747533,
            "max_value": 0.24726198916245912,
            "bounds": [
                [
                    6.637123006025938,
                    8.75008507702034
                ],
                [
                    1.0262066835285535,
                    1.8644508820420107
                ]
            ],
            "active_dims": [
                0,
                1
            ]
        },
        {
            "type": "Sinus",
            "amplitudes": [
                0.19274347136647224,
                0.31301125579842237,
                0.17684197773335245,
                0.2894831459355406
            ],
            "frequencies": [
                0.28204457690442963,
                1.0046023103750494,
                0.46210326819365477,
                0.3470809675072061
            ],
            "weight_vectors": [
                [
                    0.1537344608617497,
                    0.9842840333065113
                ],
                [
                    0.27156015371194864,
                    0.8971518866243714
                ],
                [
                    0.16423464552408473,
                    0.13235829473853045
                ],
                [
                    0.31735340266931933,
                    0.3074225588256224
                ]
            ],
            "phases": [
                4.691890032270685,
                4.876800365068061,
                0.27283345275328746,
                6.032389511532412
            ],
            "offset": 0.07137595052550112,
            "bounds": [
                [
                    5.447732342513683,
                    9.829008060123947
                ],
                [
                    0.3160969428762746,
                    1.285614749000116
                ]
            ],
            "minimum_value": 0.0,
            "active_dims": [
                0,
                1
            ]
        },
        {
            "type": "Gaussian",
            "mean": [
                6.947171593982429,
                8.44455649356887
            ],
            "std_dev": [
                3.2648424177001867,
                1.5411050151204955
            ],
            "max_amplitude": 0.015455569706178101,
            "active_dims": [
                0,
                1
            ]
        },
        {
            "type": "Gaussian",
            "mean": [
                8.01962342415224,
                1.5058686758027584
            ],
            "std_dev": [
                1.9854579014832727,
                3.974690419411903
            ],
            "max_amplitude": 0.09094805950094606,
            "active_dims": [
                0,
                1
            ]
        },
        {
            "type": "Gaussian",
            "mean": [
                6.162522943289127
            ],
            "std_dev": [
                3.896053821397745
            ],
            "max_amplitude": 0.1488535126485191,
            "active_dims": [
                0
            ]
        },
        {
            "type": "Gaussian",
            "mean": [
                0.09289907091457383,
                8.83152209331009
            ],
            "std_dev": [
                2.3621485556548487,
                2.4549353712982125
            ],
            "max_amplitude": 0.14624823038977836,
            "active_dims": [
                0,
                1
            ]
        }
    ],
    "stats": {
        "energy": 129693.91557433666,
        "bandwidth": 56,
        "mean": 0.18457764900809473,
        "std": 0.12881295454211833,
        "pct_over_06": 0.03875,
        "pct_over_08": 0.005
    }
}