{
    "functions": [
        {
            "type": "Gaussian",
            "mean": [
                9.760813786842279,
                7.029155842610358
            ],
            "std_dev": [
                1.4370355919511701,
                1.5818005365070686
            ],
            "max_amplitude": 0.25232614774695766,
            "active_dims": [
                0,
                1
            ]
        },
        {
            "type": "Ramp",
            "coeff": [
                1.6180496962839135,
                1.5448030575420557
            ],
            "min_value": 0.020975475358992392,
            "max_value": 0.11189659175592147,
            "bounds": [
                [
                    1.621675489869206,
                    4.31670831986349
                ],
                [
                    4.237293014693137,
                    4.758341475693221
                ]
            ],
            "active_dims": [
                0,
                1
            ]
        },
        {
            "type": "Sinus",
            "amplitudes": [
                0.3197269093609241,
                0.18076377771825733
            ],
            "frequencies": [
                0.8100733445447282,
                1.0271028519189707
            ],
            "weight_vectors": [
                [
                    0.7014459190118099,
                    0.7883727608915541
                ],
                [
                    0.2373350134132869,
                    0.6510930750848754
                ]
            ],
            "phases": [
                1.5623123839251911,
                3.72716553869845
            ],
            "offset": 0.09085668607250098,
            "bounds": [
                [
                    1.7114976874515784,
                    4.97381454655646
                ],
                [
                    2.6581935880635914,
                    4.995773145921925
                ]
            ],
            "minimum_value": 0.0,
            "active_dims": [
                0,
                1
            ]
        },
        {
            "type": "Gaussian",
            "mean": [
                8.466911507499562,
                3.3555834109629554
            ],
            "std_dev": [
                1.8686050572781967,
                3.511708893216824
            ],
            "max_amplitude": 0.20922146333994318,
            "active_dims": [
                0,
                1
            ]
        },
        {
            "type": "Ramp",
            "coeff": [
                0.1458802796927796,
                0.5965329566738411
            ],
            "min_value": 0.22252620567317258,
            "max_value": 0.360027928194464,
            "bounds": [
                [
                    0.4842376132995177,
                    2.5754558409538983
                ],
                [
                    8.462966905959313,
                    9.243814647838628
                ]
            ],
            "active_dims": [
                0,
                1
            ]
        },
        {
            "type": "Gaussian",
            "mean": [
                5.522663136883036
            ],
            "std_dev": [
                3.6580073293141666
            ],
            "max_amplitude": 0.2750488452863139,
            "active_dims": [
                1
            ]
        },
        {
            "type": "StaticHypercube",
            "dimensions": [
                [
                    3.597231745136794,
                    9.276374684970628
                ],
                [
                    4.507319679261275,
                    6.439108883033917
                ]
            ],
            "static_value": 0.15771343763722406,
            "active_dims": [
                0,
                1
            ]
        }
    ],
    "stats": {
        "energy": 319174.78549061116,
        "bandwidth": 11,
        "mean": 0.3145054027472106,
        "std": 0.16051168874909028,
        "pct_over_06": 0.06625,
        "pct_over_08": 0.006875
    }
}