{
    "functions": [
        {
            "type": "Sinus",
            "amplitudes": [
                0.14200125085714096,
                0.17624510149844685,
                0.244652477882251,
                0.20411076707832523
            ],
            "frequencies": [
                0.42463600036032345,
                0.6304296728608122,
                1.2867670253345629,
                1.4098049162108783
            ],
            "weight_vectors": [
                [
                    0.1689626692691022,
                    0.38362868625784474
                ],
                [
                    0.5999512181498667,
                    0.130468957429153
                ],
                [
                    0.034670346027798504,
                    0.7019073817689748
                ],
                [
                    0.5316892110022104,
                    0.7484375802818283
                ]
            ],
            "phases": [
                0.27840602724840663,
                5.942651602665534,
                1.4340017964934482,
                0.9758935659100257
            ],
            "offset": 0.043931180248167785,
            "bounds": [
                [
                    2.6031314519303286,
                    6.903471388129365
                ],
                [
                    5.119722832631731,
                    9.579715125270562
                ]
            ],
            "minimum_value": 0.0,
            "active_dims": [
                0,
                1
            ]
        },
        {
            "type": "Ramp",
            "coeff": [
                0.8739991784102774,
                0.40484589129795956
            ],
            "min_value": 0.14982937360931364,
            "max_value": 0.19687888068795195,
            "bounds": [
                [
                    1.4785355106383036,
                    9.251403383440591
                ],
                [
                    4.823939762457505,
                    6.07043247118908
                ]
            ],
            "active_dims": [
                0,
                1
            ]
        },
        {
            "type": "Gaussian",
            "mean": [
                9.187290171797777,
                0.42900033447435093
            ],
            "std_dev": [
                0.17198706785074724,
                3.3949117878327666
            ],
            "max_amplitude": 0.27370622297738795,
            "active_dims": [
                0,
                1
            ]
        },
        {
            "type": "Gaussian",
            "mean": [
                5.668451003303119
            ],
            "std_dev": [
                2.899038514077362
            ],
            "max_amplitude": 0.29088422757095944,
            "active_dims": [
                1
            ]
        },
        {
            "type": "Gaussian",
            "mean": [
                1.7451456025271228,
                9.057666989407505
            ],
            "std_dev": [
                1.9034847438779483,
                1.5805188345315084
            ],
            "max_amplitude": 0.2534839372568369,
            "active_dims": [
                0,
                1
            ]
        },
        {
            "type": "Sinus",
            "amplitudes": [
                0.1897463464806848,
                0.07171925131934224,
                0.09056635729374891,
                0.08010330113697384
            ],
            "frequencies": [
                0.3399821236519259,
                0.3957592752513843,
                1.9993899187614108,
                1.3546597811464418
            ],
            "weight_vectors": [
                [
                    0.6996583683127602,
                    0.05371122796049166
                ],
                [
                    0.08006484091487132,
                    0.9374978124135425
                ],
                [
                    0.9575298295598587,
                    0.5444128910885886
                ],
                [
                    0.48473415955271726,
                    0.10128679199789181
                ]
            ],
            "phases": [
                1.8079905123463926,
                4.367247760184229,
                1.9273576775742363,
                4.510978803602664
            ],
            "offset": -0.08150752672276683,
            "bounds": [
                [
                    5.999638422320975,
                    9.484390515869677
                ],
                [
                    2.3789737047737334,
                    6.958929129673312
                ]
            ],
            "minimum_value": 0.0,
            "active_dims": [
                0,
                1
            ]
        },
        {
            "type": "Sinus",
            "amplitudes": [
                0.36788104565585933,
                0.28184493462540516,
                0.28936743835522055,
                0.4519796502658737,
                0.20680134511269774
            ],
            "frequencies": [
                0.7569541467966819,
                1.768657915005337,
                1.5709579052957259,
                1.3152355677817908,
                0.7120815744382121
            ],
            "weight_vectors": [
                [
                    0.23098798675421028,
                    0.35254712252836884
                ],
                [
                    0.7044934477963745,
                    0.8528218939032227
                ],
                [
                    0.1349166071469785,
                    0.2807715327432573
                ],
                [
                    0.6510382992654671,
                    0.8048899002163123
                ],
                [
                    0.27369633097843726,
                    0.711146881675797
                ]
            ],
            "phases": [
                5.544501241027842,
                4.681442787378738,
                3.72884743867746,
                1.3319236183155454,
                3.8324267242771834
            ],
            "offset": -0.09008684621176,
            "bounds": [
                [
                    5.311780444133527,
                    5.949672684110733
                ],
                [
                    1.0845054495484021,
                    4.836214291919315
                ]
            ],
            "minimum_value": 0.0,
            "active_dims": [
                0,
                1
            ]
        }
    ],
    "stats": {
        "energy": 394230.8054430616,
        "bandwidth": 25,
        "mean": 0.3185796990253405,
        "std": 0.22913616856602836,
        "pct_over_06": 0.166875,
        "pct_over_08": 0.04375
    }
}