{
    "functions": [
        {
            "type": "Gaussian",
            "mean": [
                0.8318062375973012
            ],
            "std_dev": [
                3.403965838086302
            ],
            "max_amplitude": 0.3946207420013322,
            "active_dims": [
                1
            ]
        },
        {
            "type": "Sinus",
            "amplitudes": [
                0.25837132288281883,
                0.24404978239700917,
                0.32776289982558177,
                0.26945083251922086,
                0.5385740578601094
            ],
            "frequencies": [
                1.8092521671434032,
                1.592144194723824,
                0.8305447243998996,
                0.5491699012425755,
                1.1301975158437918
            ],
            "weight_vectors": [
                [
                    0.11233779139242672,
                    0.07801878186979971
                ],
                [
                    0.7166401964526277,
                    0.5222735458463846
                ],
                [
                    0.9684491752250465,
                    0.9983172876436843
                ],
                [
                    0.8797292160137742,
                    0.8988719200828329
                ],
                [
                    0.0807150345862635,
                    0.5407606738501642
                ]
            ],
            "phases": [
                0.1561032700563652,
                4.167069726216492,
                5.759174782098342,
                0.9544663946833972,
                1.5406021418115474
            ],
            "offset": 0.2673965585443519,
            "bounds": [
                [
                    0.4871656077370178,
                    2.4225775050968976
                ],
                [
                    5.252221566324835,
                    7.283385654546976
                ]
            ],
            "minimum_value": 0.0,
            "active_dims": [
                0,
                1
            ]
        },
        {
            "type": "Gaussian",
            "mean": [
                2.979838675257138,
                5.780371956917197
            ],
            "std_dev": [
                3.476205725577738,
                2.102796761748154
            ],
            "max_amplitude": 0.27514620233611836,
            "active_dims": [
                0,
                1
            ]
        },
        {
            "type": "Gaussian",
            "mean": [
                8.272137261989538,
                4.992898292797764
            ],
            "std_dev": [
                0.7775492688648546,
                2.480774338815285
            ],
            "max_amplitude": 0.3130138563565069,
            "active_dims": [
                0,
                1
            ]
        },
        {
            "type": "Ramp",
            "coeff": [
                0.366974635831925
            ],
            "min_value": 0.003294048368772752,
            "max_value": 0.24536626711090465,
            "bounds": [
                [
                    4.136528684318214,
                    6.535813514526833
                ]
            ],
            "active_dims": [
                1
            ]
        },
        {
            "type": "Gaussian",
            "mean": [
                4.556333778625076,
                5.889718708447354
            ],
            "std_dev": [
                1.780104446370356,
                0.7067297010425092
            ],
            "max_amplitude": 0.442852862546557,
            "active_dims": [
                0,
                1
            ]
        },
        {
            "type": "Gaussian",
            "mean": [
                9.94193520921531,
                0.2244108270998868
            ],
            "std_dev": [
                2.2023351526690695,
                2.4312372243153684
            ],
            "max_amplitude": 0.25152120727757554,
            "active_dims": [
                0,
                1
            ]
        }
    ],
    "stats": {
        "energy": 565403.0896281805,
        "bandwidth": 6,
        "mean": 0.4147487054305776,
        "std": 0.22100699814636623,
        "pct_over_06": 0.216875,
        "pct_over_08": 0.04
    }
}