{
    "functions": [
        {
            "type": "Sinus",
            "amplitudes": [
                0.2468830534864026,
                0.10861277559300528,
                0.3010564759205736,
                0.12999960649387932
            ],
            "frequencies": [
                0.8197763357544474,
                1.1372626224000926,
                1.6846002656812058,
                0.5476686520421897
            ],
            "weight_vectors": [
                [
                    0.8987529568501583,
                    0.010920881690612894
                ],
                [
                    0.20664736366986658,
                    0.8043177840252455
                ],
                [
                    0.5704835795236718,
                    0.6090704309889668
                ],
                [
                    0.9642325471451179,
                    0.411385808803139
                ]
            ],
            "phases": [
                1.0967955033616492,
                2.6653083407834326,
                6.140026182911043,
                2.553720245452797
            ],
            "offset": 0.15149838027996038,
            "bounds": [
                [
                    5.314773172043375,
                    8.43203675428283
                ],
                [
                    1.4835855730826062,
                    3.6213666711089116
                ]
            ],
            "minimum_value": 0.0,
            "active_dims": [
                0,
                1
            ]
        },
        {
            "type": "Gaussian",
            "mean": [
                8.590106245906604,
                3.650790531476412
            ],
            "std_dev": [
                0.9024499670773036,
                0.49503217757216833
            ],
            "max_amplitude": 0.18563745146248295,
            "active_dims": [
                0,
                1
            ]
        },
        {
            "type": "Sinus",
            "amplitudes": [
                0.2384194043539226,
                0.39178680560139856,
                0.21226180934714342
            ],
            "frequencies": [
                1.4550660324715188,
                1.7013675646348374,
                1.2880094569214822
            ],
            "weight_vectors": [
                [
                    0.7074772465848974,
                    0.6951985337693249
                ],
                [
                    0.5429972479619469,
                    0.6005473563163414
                ],
                [
                    0.09055300617101325,
                    0.4803914787255773
                ]
            ],
            "phases": [
                4.20092887192868,
                4.36682114856854,
                2.4506749496550726
            ],
            "offset": 0.18965140607049633,
            "bounds": [
                [
                    3.5487812233901894,
                    7.5956910141834
                ],
                [
                    7.7179061992485005,
                    8.888830316480417
                ]
            ],
            "minimum_value": 0.0,
            "active_dims": [
                0,
                1
            ]
        },
        {
            "type": "StaticHypercube",
            "dimensions": [
                [
                    4.352546465248397,
                    5.773245651510976
                ],
                [
                    0.8608565981889712,
                    3.074225532566192
                ]
            ],
            "static_value": 0.1584522064771086,
            "active_dims": [
                0,
                1
            ]
        },
        {
            "type": "Gaussian",
            "mean": [
                7.904912537773365,
                4.112177596158503
            ],
            "std_dev": [
                0.843923723279665,
                3.528479771410906
            ],
            "max_amplitude": 0.22792886751871871,
            "active_dims": [
                0,
                1
            ]
        },
        {
            "type": "Ramp",
            "coeff": [
                1.6104331096960598,
                0.24305811035403213
            ],
            "min_value": 0.12252341464390386,
            "max_value": 0.3380572899592425,
            "bounds": [
                [
                    2.8698826195847893,
                    5.2048939054453225
                ],
                [
                    5.320250526106016,
                    5.652529194584755
                ]
            ],
            "active_dims": [
                0,
                1
            ]
        },
        {
            "type": "Gaussian",
            "mean": [
                1.5743730951897783,
                0.014180170186880448
            ],
            "std_dev": [
                3.5980288983918842,
                1.8298835434702214
            ],
            "max_amplitude": 0.13484777481342408,
            "active_dims": [
                0,
                1
            ]
        }
    ],
    "stats": {
        "energy": 73401.96929263609,
        "bandwidth": 201,
        "mean": 0.09301773723645178,
        "std": 0.14149326773506357,
        "pct_over_06": 0.015,
        "pct_over_08": 0.005625
    }
}