{
    "functions": [
        {
            "type": "Ramp",
            "coeff": [
                0.30707784522856696
            ],
            "min_value": 0.06949547273930957,
            "max_value": 0.2949890047713745,
            "bounds": [
                [
                    0.2545547003037358,
                    5.593848856920955
                ]
            ],
            "active_dims": [
                0
            ]
        },
        {
            "type": "Sinus",
            "amplitudes": [
                0.3546437897261551,
                0.3622568878862212,
                0.36878967095561943,
                0.09828782525155572
            ],
            "frequencies": [
                1.9342516699198218,
                0.18430025640880898,
                0.15789567334747417,
                1.9381904440977735
            ],
            "weight_vectors": [
                [
                    0.3248903729943491,
                    0.31708466566027005
                ],
                [
                    0.9716498996580732,
                    0.11471758877055749
                ],
                [
                    0.33130640982303006,
                    0.9783688678569339
                ],
                [
                    0.9971181209720987,
                    0.18087256239610772
                ]
            ],
            "phases": [
                2.930061097091805,
                2.4274844879329396,
                4.543991233190264,
                3.4561812178153306
            ],
            "offset": 0.17221035418946742,
            "bounds": [
                [
                    7.804315636562072,
                    9.141652791493573
                ],
                [
                    1.8381519960234207,
                    3.8403288342685116
                ]
            ],
            "minimum_value": 0.0,
            "active_dims": [
                0,
                1
            ]
        },
        {
            "type": "Gaussian",
            "mean": [
                8.708629280053175,
                8.474380695927492
            ],
            "std_dev": [
                1.818675735573908,
                0.6303686734411744
            ],
            "max_amplitude": 0.26022470554396426,
            "active_dims": [
                0,
                1
            ]
        },
        {
            "type": "Gaussian",
            "mean": [
                5.104154389686469,
                1.8590526969544219
            ],
            "std_dev": [
                2.3196267470516814,
                0.14947904005356324
            ],
            "max_amplitude": 0.17993226401011522,
            "active_dims": [
                0,
                1
            ]
        },
        {
            "type": "Gaussian",
            "mean": [
                4.469952480536513,
                0.35057184525839835
            ],
            "std_dev": [
                0.5794142487842722,
                2.405851314822516
            ],
            "max_amplitude": 0.30882494441261615,
            "active_dims": [
                0,
                1
            ]
        },
        {
            "type": "StaticHypercube",
            "dimensions": [
                [
                    1.0804995469640726,
                    5.96277051866057
                ]
            ],
            "static_value": 0.2567462901681708,
            "active_dims": [
                1
            ]
        },
        {
            "type": "Gaussian",
            "mean": [
                0.7559731720596252
            ],
            "std_dev": [
                0.5139402456582439
            ],
            "max_amplitude": 0.2101038814722488,
            "active_dims": [
                1
            ]
        }
    ],
    "stats": {
        "energy": 342086.1093360619,
        "bandwidth": 9,
        "mean": 0.2728453129606042,
        "std": 0.2432751973688011,
        "pct_over_06": 0.078125,
        "pct_over_08": 0.02875
    }
}