{
    "functions": [
        {
            "type": "StaticHypercube",
            "dimensions": [
                [
                    5.27442715777676,
                    8.139840070837808
                ],
                [
                    4.591563088665422,
                    7.047125134500502
                ]
            ],
            "static_value": 0.3545349790661034,
            "active_dims": [
                0,
                1
            ]
        },
        {
            "type": "Sinus",
            "amplitudes": [
                0.363267427575944,
                0.08308284255195314,
                0.2761188980766246
            ],
            "frequencies": [
                1.2457789377644037,
                0.3389523122780722,
                1.8833219788928333
            ],
            "weight_vectors": [
                [
                    0.33103145427930314,
                    0.19484226468328736
                ],
                [
                    0.14632756588037232,
                    0.6867259922555136
                ],
                [
                    0.9946191021254607,
                    0.2847570785829092
                ]
            ],
            "phases": [
                0.2751303957399869,
                5.091910288607949,
                0.9381901926751789
            ],
            "offset": -0.00014799866062332573,
            "bounds": [
                [
                    2.141495895845765,
                    3.9467325884725923
                ],
                [
                    4.244453052580068,
                    5.163063808993669
                ]
            ],
            "minimum_value": 0.0,
            "active_dims": [
                0,
                1
            ]
        },
        {
            "type": "Gaussian",
            "mean": [
                0.11782707583054441,
                2.024203829756691
            ],
            "std_dev": [
                1.747681746104623,
                1.2409729640498322
            ],
            "max_amplitude": 0.16766682464126445,
            "active_dims": [
                0,
                1
            ]
        },
        {
            "type": "Gaussian",
            "mean": [
                7.311911143531211,
                5.441561570261932
            ],
            "std_dev": [
                1.9146106857953427,
                0.2146950995239794
            ],
            "max_amplitude": 0.2526776747804621,
            "active_dims": [
                0,
                1
            ]
        },
        {
            "type": "Sinus",
            "amplitudes": [
                0.05793802266646829,
                0.20454808145457645,
                0.21190873231745813,
                0.14513468898662304
            ],
            "frequencies": [
                0.14746478685630598,
                1.2459604531167812,
                1.3392209102044086,
                1.7753492619269415
            ],
            "weight_vectors": [
                [
                    0.8110239415920774
                ],
                [
                    0.9607952676654342
                ],
                [
                    0.012731049947232953
                ],
                [
                    0.28311500680487667
                ]
            ],
            "phases": [
                3.740098576748336,
                5.811835770258433,
                0.9875989462377417,
                1.1641432085715289
            ],
            "offset": 0.18245834959247714,
            "bounds": [
                [
                    6.791329585994701,
                    7.462199747043188
                ]
            ],
            "minimum_value": 0.0,
            "active_dims": [
                0
            ]
        },
        {
            "type": "Gaussian",
            "mean": [
                8.083363241221184,
                9.805106408050952
            ],
            "std_dev": [
                1.7485311200683509,
                2.2776081352955257
            ],
            "max_amplitude": 0.18354696028420162,
            "active_dims": [
                0,
                1
            ]
        },
        {
            "type": "Gaussian",
            "mean": [
                8.747278289027832,
                0.7782144854177098
            ],
            "std_dev": [
                1.95463469343875,
                0.9632384271801424
            ],
            "max_amplitude": 0.09823994711783764,
            "active_dims": [
                0,
                1
            ]
        }
    ],
    "stats": {
        "energy": 96099.89579943632,
        "bandwidth": 99,
        "mean": 0.10102724585820243,
        "std": 0.1653254892355112,
        "pct_over_06": 0.020625,
        "pct_over_08": 0.005625
    }
}