{
    "functions": [
        {
            "type": "Gaussian",
            "mean": [
                3.1450434093874433,
                2.5508215274135217
            ],
            "std_dev": [
                1.4223039984163415,
                1.1762003825123593
            ],
            "max_amplitude": 0.2516639362361071,
            "active_dims": [
                0,
                1
            ]
        },
        {
            "type": "Sinus",
            "amplitudes": [
                0.3968801120157077,
                0.06747324144186886,
                0.16753857090886373,
                0.2614074917041388
            ],
            "frequencies": [
                0.9456977941385647,
                0.5626860403158788,
                1.6948903006202294,
                1.106445194973919
            ],
            "weight_vectors": [
                [
                    0.1832838663977726,
                    0.9869481821956921
                ],
                [
                    0.4695920874499636,
                    0.5562574128788057
                ],
                [
                    0.2511300020650048,
                    0.4361622412042425
                ],
                [
                    0.8251410816019913,
                    0.6369874857059379
                ]
            ],
            "phases": [
                5.8888494546268255,
                5.73859928770661,
                5.705963168573156,
                2.030913248490681
            ],
            "offset": -0.1654185299913957,
            "bounds": [
                [
                    4.427356122400487,
                    6.7488652764586705
                ],
                [
                    7.89651338000407,
                    9.847521589684785
                ]
            ],
            "minimum_value": 0.0,
            "active_dims": [
                0,
                1
            ]
        },
        {
            "type": "Gaussian",
            "mean": [
                2.1274736801122627,
                0.6812331811108363
            ],
            "std_dev": [
                0.6222390226778585,
                3.007280302378253
            ],
            "max_amplitude": 0.2319553975143226,
            "active_dims": [
                0,
                1
            ]
        },
        {
            "type": "Gaussian",
            "mean": [
                9.787284421301088
            ],
            "std_dev": [
                2.2991302330694867
            ],
            "max_amplitude": 0.20520811176475423,
            "active_dims": [
                1
            ]
        },
        {
            "type": "Sinus",
            "amplitudes": [
                0.2440467195638362,
                0.3785537188208195,
                0.09814869274647893,
                0.4276636482917095
            ],
            "frequencies": [
                1.5624834442896918,
                0.19249630737603923,
                1.7468655114204954,
                0.7758420041123244
            ],
            "weight_vectors": [
                [
                    0.4296956774885812,
                    0.7390790706934468
                ],
                [
                    0.14280213746836024,
                    0.7579654347834903
                ],
                [
                    0.8144134964097818,
                    0.3094150769824373
                ],
                [
                    0.044345001064540424,
                    0.024860008605800843
                ]
            ],
            "phases": [
                4.07227090679038,
                4.05335931943984,
                6.158499828450583,
                2.5546324746655507
            ],
            "offset": 0.11802489302345708,
            "bounds": [
                [
                    4.197470656266835,
                    9.670804237294526
                ],
                [
                    4.951983051154414,
                    8.588364525545286
                ]
            ],
            "minimum_value": 0.0,
            "active_dims": [
                0,
                1
            ]
        },
        {
            "type": "StaticHypercube",
            "dimensions": [
                [
                    4.103510061962708,
                    5.29762051989183
                ],
                [
                    5.3130511764932855,
                    9.888611467362423
                ]
            ],
            "static_value": 0.2753455532153266,
            "active_dims": [
                0,
                1
            ]
        },
        {
            "type": "StaticHypercube",
            "dimensions": [
                [
                    4.8251985224598375,
                    6.33529558816752
                ]
            ],
            "static_value": 0.19178334203498631,
            "active_dims": [
                1
            ]
        }
    ],
    "stats": {
        "energy": 133877.57952295616,
        "bandwidth": 52,
        "mean": 0.15943342126638904,
        "std": 0.16394179968650122,
        "pct_over_06": 0.033125,
        "pct_over_08": 0.011875
    }
}