{
    "functions": [
        {
            "type": "Gaussian",
            "mean": [
                1.9592491833566006,
                0.3453679871361848
            ],
            "std_dev": [
                3.9205211121427084,
                2.84901289913248
            ],
            "max_amplitude": 0.29542775764603213,
            "active_dims": [
                0,
                1
            ]
        },
        {
            "type": "Sinus",
            "amplitudes": [
                0.11838366101922723,
                0.2286194242219341,
                0.1680744829581285,
                0.20101298984301866
            ],
            "frequencies": [
                1.5692255532649915,
                0.7350488177518559,
                1.3198652931779022,
                1.4223355781124418
            ],
            "weight_vectors": [
                [
                    0.8583493883489951,
                    0.6502476198289417
                ],
                [
                    0.817201462350941,
                    0.5484445253886466
                ],
                [
                    0.520981422017015,
                    0.6029418546501936
                ],
                [
                    0.17634564862286373,
                    0.9696096701786959
                ]
            ],
            "phases": [
                6.147034142083793,
                1.2090141288891818,
                5.170688869325653,
                1.0785482458035656
            ],
            "offset": -0.1663201734516239,
            "bounds": [
                [
                    3.8892043830745813,
                    8.973332518025853
                ],
                [
                    0.02259281923818467,
                    6.9976915859338
                ]
            ],
            "minimum_value": 0.0,
            "active_dims": [
                0,
                1
            ]
        },
        {
            "type": "Gaussian",
            "mean": [
                6.188454442711012,
                9.43786093034918
            ],
            "std_dev": [
                0.9321358495146714,
                0.865006977285421
            ],
            "max_amplitude": 0.21099198769457408,
            "active_dims": [
                0,
                1
            ]
        },
        {
            "type": "Gaussian",
            "mean": [
                9.20139781244532,
                5.19140256731731
            ],
            "std_dev": [
                0.7180096806867947,
                1.6063058355150421
            ],
            "max_amplitude": 0.2496137166449794,
            "active_dims": [
                0,
                1
            ]
        },
        {
            "type": "Ramp",
            "coeff": [
                1.3997918262401519
            ],
            "min_value": 0.13686354047409965,
            "max_value": 0.4116444154874746,
            "bounds": [
                [
                    8.671738965418701,
                    9.928318515003836
                ]
            ],
            "active_dims": [
                1
            ]
        },
        {
            "type": "StaticHypercube",
            "dimensions": [
                [
                    2.166523697464435,
                    7.32738462353559
                ],
                [
                    3.7806284059807527,
                    6.097811427772141
                ]
            ],
            "static_value": 0.5873901071411713,
            "active_dims": [
                0,
                1
            ]
        },
        {
            "type": "StaticHypercube",
            "dimensions": [
                [
                    4.656215701553611,
                    6.341721615214
                ],
                [
                    4.961730849910665,
                    5.8159066072170305
                ]
            ],
            "static_value": 0.10423558777605713,
            "active_dims": [
                0,
                1
            ]
        }
    ],
    "stats": {
        "energy": 243562.60183470175,
        "bandwidth": 66,
        "mean": 0.22089037483376658,
        "std": 0.21528837322874284,
        "pct_over_06": 0.11625,
        "pct_over_08": 0.01875
    }
}