{
    "functions": [
        {
            "type": "Ramp",
            "coeff": [
                0.42475353671666216,
                0.14071096860232846
            ],
            "min_value": 0.048386094030161086,
            "max_value": 0.0796424719514513,
            "bounds": [
                [
                    2.9757964832606607,
                    8.678138007320321
                ],
                [
                    6.319564555535962,
                    9.811969223918283
                ]
            ],
            "active_dims": [
                0,
                1
            ]
        },
        {
            "type": "Gaussian",
            "mean": [
                4.716822638085333,
                3.260282668383443
            ],
            "std_dev": [
                2.5859649828498097,
                1.6751878898365646
            ],
            "max_amplitude": 0.18664278262732784,
            "active_dims": [
                0,
                1
            ]
        },
        {
            "type": "Sinus",
            "amplitudes": [
                0.17577288961752258,
                0.13807188064939704,
                0.13792233687930386,
                0.3225193237310597,
                0.3038365699399226
            ],
            "frequencies": [
                1.3922792898432157,
                1.3631031157959645,
                1.776648476778755,
                0.8498215719042984,
                0.8206288340339304
            ],
            "weight_vectors": [
                [
                    0.5381614492475574,
                    0.9224693725672236
                ],
                [
                    0.09714647976501556,
                    0.10284749316074948
                ],
                [
                    0.7015072956958257,
                    0.8904798691284314
                ],
                [
                    0.15956030089820405,
                    0.2755725448969536
                ],
                [
                    0.6724915296568056,
                    0.16430312402017022
                ]
            ],
            "phases": [
                2.656232962031271,
                2.540601834321509,
                4.200912854580397,
                0.04093681689414721,
                2.9145819529956296
            ],
            "offset": 0.0175651770864785,
            "bounds": [
                [
                    1.5570477976254438,
                    6.44005821551222
                ],
                [
                    0.8829728627013045,
                    2.9138422883587554
                ]
            ],
            "minimum_value": 0.0,
            "active_dims": [
                0,
                1
            ]
        },
        {
            "type": "Sinus",
            "amplitudes": [
                0.11289731280078795,
                0.296549694204523,
                0.08298441558001346,
                0.18646236045560705,
                0.10341914360283866
            ],
            "frequencies": [
                1.6568227953567858,
                1.9726823737152392,
                0.9203973676532483,
                0.6277133228250158,
                1.5508535764101266
            ],
            "weight_vectors": [
                [
                    0.7845218499756547,
                    0.6872420375766887
                ],
                [
                    0.6950784965081013,
                    0.496866519596742
                ],
                [
                    0.9753611270341379,
                    0.20352762060152108
                ],
                [
                    0.2990204096528116,
                    0.22765589279419318
                ],
                [
                    0.04816888544201381,
                    0.9039713574526119
                ]
            ],
            "phases": [
                2.541356969631978,
                6.222802592617091,
                5.200621180223568,
                5.629491815097637,
                3.573755155085342
            ],
            "offset": -0.1670571765124068,
            "bounds": [
                [
                    6.309689132997655,
                    7.354636405290352
                ],
                [
                    0.07444519335251538,
                    2.191524080880627
                ]
            ],
            "minimum_value": 0.0,
            "active_dims": [
                0,
                1
            ]
        },
        {
            "type": "Ramp",
            "coeff": [
                0.36231432394802976
            ],
            "min_value": 0.1328207936925453,
            "max_value": 0.3957157004844998,
            "bounds": [
                [
                    7.158088313279382,
                    8.913779481959093
                ]
            ],
            "active_dims": [
                1
            ]
        },
        {
            "type": "StaticHypercube",
            "dimensions": [
                [
                    2.8448724980801425,
                    7.903071049515914
                ]
            ],
            "static_value": 0.23654457228294476,
            "active_dims": [
                1
            ]
        },
        {
            "type": "Gaussian",
            "mean": [
                4.4226784138810356,
                8.172235646759873
            ],
            "std_dev": [
                2.7357220236385285,
                2.4784981721674453
            ],
            "max_amplitude": 0.3311820734211974,
            "active_dims": [
                0,
                1
            ]
        }
    ],
    "stats": {
        "energy": 438132.48155074025,
        "bandwidth": 8,
        "mean": 0.3280701941232054,
        "std": 0.2520227139242021,
        "pct_over_06": 0.12875,
        "pct_over_08": 0.055625
    }
}