{
    "functions": [
        {
            "type": "Sinus",
            "amplitudes": [
                0.5644747081425481,
                0.4631329921859148,
                0.3859100108402106
            ],
            "frequencies": [
                0.8006208585683559,
                0.2156345228725749,
                0.4858274445301942
            ],
            "weight_vectors": [
                [
                    0.12320216800466477,
                    0.6688538728337862
                ],
                [
                    0.7013925324106032,
                    0.6579062373590733
                ],
                [
                    0.7709840548599701,
                    0.9350509130949497
                ]
            ],
            "phases": [
                1.6134251613644779,
                6.1871244390621385,
                5.948517657984479
            ],
            "offset": -0.1974864011022395,
            "bounds": [
                [
                    6.735348112796257,
                    9.213223011598448
                ],
                [
                    0.6802466992600863,
                    4.921131090401099
                ]
            ],
            "minimum_value": 0.0,
            "active_dims": [
                0,
                1
            ]
        },
        {
            "type": "Sinus",
            "amplitudes": [
                0.3085160612529132,
                0.3764571522574907
            ],
            "frequencies": [
                1.7373343779169244,
                0.17422571622229477
            ],
            "weight_vectors": [
                [
                    0.7048992720963515,
                    0.8553561680342847
                ],
                [
                    0.30447115295808314,
                    0.22877937017441985
                ]
            ],
            "phases": [
                0.24068610812737187,
                4.933571307325968
            ],
            "offset": -0.22611667446758632,
            "bounds": [
                [
                    4.089039849568393,
                    4.908490155265787
                ],
                [
                    2.125674209059978,
                    3.4086919174073946
                ]
            ],
            "minimum_value": 0.0,
            "active_dims": [
                0,
                1
            ]
        },
        {
            "type": "StaticHypercube",
            "dimensions": [
                [
                    1.718371621060509,
                    6.691978227069342
                ],
                [
                    0.5037161788082847,
                    3.519075009061238
                ]
            ],
            "static_value": 0.13142798211711085,
            "active_dims": [
                0,
                1
            ]
        },
        {
            "type": "Gaussian",
            "mean": [
                8.134373712594968,
                0.9465207190041003
            ],
            "std_dev": [
                2.916131719228271,
                1.897717003089441
            ],
            "max_amplitude": 0.38246895551327065,
            "active_dims": [
                0,
                1
            ]
        },
        {
            "type": "Gaussian",
            "mean": [
                1.3213115121259966,
                2.194550856673799
            ],
            "std_dev": [
                0.6794703438830614,
                3.456017051923722
            ],
            "max_amplitude": 0.3513785146818516,
            "active_dims": [
                0,
                1
            ]
        },
        {
            "type": "StaticHypercube",
            "dimensions": [
                [
                    0.2668839100411293,
                    1.8198680001166971
                ],
                [
                    3.569578218875175,
                    5.846005616533071
                ]
            ],
            "static_value": 0.1244565621883752,
            "active_dims": [
                0,
                1
            ]
        },
        {
            "type": "Sinus",
            "amplitudes": [
                0.15759452929178022,
                0.22610889445861582
            ],
            "frequencies": [
                1.6457235688590113,
                0.563024646299744
            ],
            "weight_vectors": [
                [
                    0.7115478170691333,
                    0.22085481255670036
                ],
                [
                    0.8847371080348125,
                    0.2575441961126511
                ]
            ],
            "phases": [
                0.45396594257845346,
                3.900016928652606
            ],
            "offset": 0.13082196529876042,
            "bounds": [
                [
                    0.3296534284749288,
                    5.026272429531742
                ],
                [
                    0.3836261718727456,
                    5.040050044299305
                ]
            ],
            "minimum_value": 0.0,
            "active_dims": [
                0,
                1
            ]
        }
    ],
    "stats": {
        "energy": 131501.27089325443,
        "bandwidth": 55,
        "mean": 0.14795877650779138,
        "std": 0.1716854227853808,
        "pct_over_06": 0.01875,
        "pct_over_08": 0.005625
    }
}