{
    "functions": [
        {
            "type": "Sinus",
            "amplitudes": [
                0.2639154344968525,
                0.14159061406477846,
                0.17484668906295747,
                0.08508667465030138
            ],
            "frequencies": [
                0.7674008061655408,
                0.42116136408524485,
                0.9172228393674814,
                0.8342786384918234
            ],
            "weight_vectors": [
                [
                    0.3258528803679852,
                    0.8974140359440825
                ],
                [
                    0.5484370421710542,
                    0.24137032227514033
                ],
                [
                    0.3280036008079735,
                    0.5889284047810988
                ],
                [
                    0.7951706045541933,
                    0.48117184559696435
                ]
            ],
            "phases": [
                2.8910335326173473,
                5.533463422622073,
                5.779877716073077,
                1.4271179759521317
            ],
            "offset": 0.18299125425190885,
            "bounds": [
                [
                    5.383299669673388,
                    8.217301223248635
                ],
                [
                    1.2439379330220721,
                    2.8142969860754015
                ]
            ],
            "minimum_value": 0.0,
            "active_dims": [
                0,
                1
            ]
        },
        {
            "type": "Gaussian",
            "mean": [
                8.167598321273509
            ],
            "std_dev": [
                2.1504844634049567
            ],
            "max_amplitude": 0.2908105989883531,
            "active_dims": [
                0
            ]
        },
        {
            "type": "StaticHypercube",
            "dimensions": [
                [
                    5.780401989215471,
                    9.995041835017872
                ]
            ],
            "static_value": 0.2157385576459792,
            "active_dims": [
                0
            ]
        },
        {
            "type": "Sinus",
            "amplitudes": [
                0.19703045764160412,
                0.1520609737209402
            ],
            "frequencies": [
                1.9550105429845452,
                1.9539729711955254
            ],
            "weight_vectors": [
                [
                    0.3070840207955148,
                    0.6191454398430698
                ],
                [
                    0.9992306377558419,
                    0.7480224219358192
                ]
            ],
            "phases": [
                4.623221298871549,
                2.464591596172813
            ],
            "offset": 0.01207879810283587,
            "bounds": [
                [
                    7.556328868876408,
                    8.376805758660362
                ],
                [
                    5.203295679296216,
                    8.404092683079549
                ]
            ],
            "minimum_value": 0.0,
            "active_dims": [
                0,
                1
            ]
        },
        {
            "type": "Gaussian",
            "mean": [
                6.262790522746535,
                8.26101635544232
            ],
            "std_dev": [
                2.1104632383176565,
                2.4012065323114045
            ],
            "max_amplitude": 0.27922632022270827,
            "active_dims": [
                0,
                1
            ]
        },
        {
            "type": "StaticHypercube",
            "dimensions": [
                [
                    9.196354409275585,
                    9.32009338751032
                ]
            ],
            "static_value": 0.16773834204032853,
            "active_dims": [
                1
            ]
        },
        {
            "type": "Gaussian",
            "mean": [
                4.1894709585513334,
                2.90677984849657
            ],
            "std_dev": [
                1.1242218308525822,
                0.5954799651552224
            ],
            "max_amplitude": 0.07030131826600744,
            "active_dims": [
                0,
                1
            ]
        }
    ],
    "stats": {
        "energy": 414520.65883557155,
        "bandwidth": 8,
        "mean": 0.2969447407892728,
        "std": 0.2715620615535917,
        "pct_over_06": 0.194375,
        "pct_over_08": 0.0225
    }
}