{
    "functions": [
        {
            "type": "Sinus",
            "amplitudes": [
                0.14412826090796976,
                0.4463802406503343,
                0.25946259613694433,
                0.07510778886759086,
                0.09169754271318778
            ],
            "frequencies": [
                1.833565365922799,
                0.38583875253715516,
                1.30134710389898,
                1.104444356972637,
                0.9076422199873561
            ],
            "weight_vectors": [
                [
                    0.3856154218586276,
                    0.644074088627586
                ],
                [
                    0.17166881410419044,
                    0.7091856385134245
                ],
                [
                    0.040216142971459035,
                    0.5999252552519244
                ],
                [
                    0.20334618525651926,
                    0.24893976761889614
                ],
                [
                    0.3991088697388667,
                    0.7138603361918673
                ]
            ],
            "phases": [
                3.7057585407791858,
                4.151976116394861,
                1.7435546020614736,
                2.2778611090929934,
                3.1855037313626253
            ],
            "offset": 0.23874426692340092,
            "bounds": [
                [
                    1.8861239914560175,
                    5.91833943667766
                ],
                [
                    0.2703022961032682,
                    3.5248795178465797
                ]
            ],
            "minimum_value": 0.0,
            "active_dims": [
                0,
                1
            ]
        },
        {
            "type": "Gaussian",
            "mean": [
                4.578912725616516
            ],
            "std_dev": [
                3.643873003288201
            ],
            "max_amplitude": 0.25724938151117366,
            "active_dims": [
                1
            ]
        },
        {
            "type": "Sinus",
            "amplitudes": [
                0.14742007973484536,
                0.1862668635041729,
                0.27373420127642545,
                0.3495783877932998
            ],
            "frequencies": [
                0.5325693200257747,
                0.9577945227045903,
                1.7231500972783687,
                1.040231614034995
            ],
            "weight_vectors": [
                [
                    0.8511514453248938
                ],
                [
                    0.04733776402057199
                ],
                [
                    0.6949629827751594
                ],
                [
                    0.5117680418518352
                ]
            ],
            "phases": [
                2.0687925655146717,
                1.0344390803651486,
                0.8804320313948836,
                5.1674186588906625
            ],
            "offset": 0.218614668203513,
            "bounds": [
                [
                    1.9577341835296163,
                    4.378948933064475
                ]
            ],
            "minimum_value": 0.0,
            "active_dims": [
                0
            ]
        },
        {
            "type": "Gaussian",
            "mean": [
                2.6749448286558075
            ],
            "std_dev": [
                0.6486843127635957
            ],
            "max_amplitude": 0.23858329239268272,
            "active_dims": [
                1
            ]
        },
        {
            "type": "Ramp",
            "coeff": [
                0.9023221927952227,
                1.0291349730126456
            ],
            "min_value": 0.1214615071552844,
            "max_value": 0.1391105787570396,
            "bounds": [
                [
                    3.439297628927768,
                    6.381949850832155
                ],
                [
                    4.388729849672758,
                    7.438253161306527
                ]
            ],
            "active_dims": [
                0,
                1
            ]
        },
        {
            "type": "Gaussian",
            "mean": [
                8.700734006919742
            ],
            "std_dev": [
                1.3623087694286613
            ],
            "max_amplitude": 0.20864955829585358,
            "active_dims": [
                1
            ]
        },
        {
            "type": "Ramp",
            "coeff": [
                0.3380520932003328
            ],
            "min_value": 0.2330029956899181,
            "max_value": 0.5027107916482015,
            "bounds": [
                [
                    4.8297053017838785,
                    5.033334788573705
                ]
            ],
            "active_dims": [
                0
            ]
        }
    ],
    "stats": {
        "energy": 481643.45497854735,
        "bandwidth": 8,
        "mean": 0.3919779929656956,
        "std": 0.18572890898182803,
        "pct_over_06": 0.154375,
        "pct_over_08": 0.04125
    }
}