{
    "functions": [
        {
            "type": "Sinus",
            "amplitudes": [
                0.23727065863878322,
                0.3126448327312115,
                0.14412583391338482,
                0.2653947103517374
            ],
            "frequencies": [
                1.6608539330118628,
                1.4576576942780466,
                0.8184694902561476,
                1.6319624495563176
            ],
            "weight_vectors": [
                [
                    0.5772738296076794,
                    0.8137669170364877
                ],
                [
                    0.4213178773992188,
                    0.027447959813153733
                ],
                [
                    0.4541366431584699,
                    0.10532608531509313
                ],
                [
                    0.8172200615549913,
                    0.6977277345956326
                ]
            ],
            "phases": [
                4.550798692316021,
                4.851997842785022,
                3.1395503423316793,
                0.20800231044356393
            ],
            "offset": 0.09145407434392851,
            "bounds": [
                [
                    2.07635025367977,
                    3.037126455902166
                ],
                [
                    5.472246374518521,
                    7.3099506078975995
                ]
            ],
            "minimum_value": 0.0,
            "active_dims": [
                0,
                1
            ]
        },
        {
            "type": "Gaussian",
            "mean": [
                4.516379863578376
            ],
            "std_dev": [
                0.34980747697189096
            ],
            "max_amplitude": 0.12839979187723316,
            "active_dims": [
                0
            ]
        },
        {
            "type": "Sinus",
            "amplitudes": [
                0.37602683787853386,
                0.3723913981024526
            ],
            "frequencies": [
                0.7474264074264215,
                1.7708331592911926
            ],
            "weight_vectors": [
                [
                    0.17934478386603347,
                    0.14961321573593056
                ],
                [
                    0.6830131255680931,
                    0.46900855062027413
                ]
            ],
            "phases": [
                3.1417959710010246,
                5.047741610034105
            ],
            "offset": 0.1036697512600237,
            "bounds": [
                [
                    2.035778709026367,
                    5.091001501325893
                ],
                [
                    2.7550188041724506,
                    4.624057515218803
                ]
            ],
            "minimum_value": 0.0,
            "active_dims": [
                0,
                1
            ]
        },
        {
            "type": "Ramp",
            "coeff": [
                1.9021417750861145,
                0.9901324731534151
            ],
            "min_value": 0.2214322374439428,
            "max_value": 0.5113127005726619,
            "bounds": [
                [
                    6.002533479957311,
                    7.004098477157294
                ],
                [
                    1.3706593072713058,
                    6.815081917764484
                ]
            ],
            "active_dims": [
                0,
                1
            ]
        },
        {
            "type": "Gaussian",
            "mean": [
                7.687157744131215,
                6.184695076626239
            ],
            "std_dev": [
                3.8771025553690754,
                0.147716100940947
            ],
            "max_amplitude": 0.3272971990206544,
            "active_dims": [
                0,
                1
            ]
        },
        {
            "type": "StaticHypercube",
            "dimensions": [
                [
                    7.8158701087944,
                    8.897494605272055
                ],
                [
                    3.781665307848696,
                    6.702614478962229
                ]
            ],
            "static_value": 0.18534673364110377,
            "active_dims": [
                0,
                1
            ]
        },
        {
            "type": "Gaussian",
            "mean": [
                6.92593702704507
            ],
            "std_dev": [
                1.8295195131684268
            ],
            "max_amplitude": 0.2840079121494811,
            "active_dims": [
                1
            ]
        }
    ],
    "stats": {
        "energy": 134961.03011727842,
        "bandwidth": 46,
        "mean": 0.1674711889165193,
        "std": 0.1570749925113778,
        "pct_over_06": 0.018125,
        "pct_over_08": 0.004375
    }
}