{
    "functions": [
        {
            "type": "Sinus",
            "amplitudes": [
                0.7483361286444701,
                0.5896118718979978,
                0.44949711526868597,
                0.5145686410887692,
                0.5601034690617612
            ],
            "frequencies": [
                1.146989834850672,
                0.392680561388668,
                0.6408509057014492,
                1.6514814378564169,
                0.42838424841445477
            ],
            "weight_vectors": [
                [
                    0.2670245053477077,
                    0.06879344110653762
                ],
                [
                    0.21869087375359275,
                    0.4759018461979072
                ],
                [
                    0.10614864730775486,
                    0.971701820029062
                ],
                [
                    0.11584579069972067,
                    0.38105950378577313
                ],
                [
                    0.5885880722204764,
                    0.3865806019326137
                ]
            ],
            "phases": [
                3.056172266068245,
                5.75678285723941,
                1.532786798454199,
                1.1499834708653502,
                0.9126178956232387
            ],
            "offset": -0.28700482243788467,
            "bounds": [
                [
                    3.6377627885315005,
                    8.34506460043942
                ],
                [
                    4.262106055065455,
                    5.434755281094129
                ]
            ],
            "minimum_value": 0.0,
            "active_dims": [
                0,
                1
            ]
        },
        {
            "type": "Gaussian",
            "mean": [
                9.494384872309688
            ],
            "std_dev": [
                3.3360305787162403
            ],
            "max_amplitude": 0.3689708656267042,
            "active_dims": [
                1
            ]
        },
        {
            "type": "Gaussian",
            "mean": [
                2.021369973201941,
                3.2942636765067035
            ],
            "std_dev": [
                1.0640350661999318,
                3.157877907658764
            ],
            "max_amplitude": 0.4952546505464946,
            "active_dims": [
                0,
                1
            ]
        },
        {
            "type": "Gaussian",
            "mean": [
                8.915485980587176,
                2.531528311945883
            ],
            "std_dev": [
                3.959835172451874,
                3.4477976481750106
            ],
            "max_amplitude": 0.7069988440440362,
            "active_dims": [
                0,
                1
            ]
        },
        {
            "type": "StaticHypercube",
            "dimensions": [
                [
                    3.7607171510075577,
                    8.170882135781815
                ],
                [
                    2.627603943627322,
                    4.954500769414011
                ]
            ],
            "static_value": 0.259739832164531,
            "active_dims": [
                0,
                1
            ]
        },
        {
            "type": "Sinus",
            "amplitudes": [
                0.6916478368330569,
                0.47374908207166694,
                0.313591031582923,
                0.4911393609990984
            ],
            "frequencies": [
                1.7076068893795093,
                1.1880371055511056,
                1.4666874969115684,
                0.9453657008808112
            ],
            "weight_vectors": [
                [
                    0.5070376318936055
                ],
                [
                    0.7394073751386195
                ],
                [
                    0.5936923582398851
                ],
                [
                    0.015519376064166868
                ]
            ],
            "phases": [
                1.9507657738212816,
                5.8589011634203905,
                4.082510939944623,
                5.8102350227960935
            ],
            "offset": -0.17037249940324584,
            "bounds": [
                [
                    6.374231791479739,
                    9.738310192911113
                ]
            ],
            "minimum_value": 0.0,
            "active_dims": [
                1
            ]
        },
        {
            "type": "Sinus",
            "amplitudes": [
                0.7396589004924231
            ],
            "frequencies": [
                0.8947814095403963
            ],
            "weight_vectors": [
                [
                    0.04285001389220089,
                    0.7122124978087431
                ]
            ],
            "phases": [
                1.6697056958228815
            ],
            "offset": -0.4722445646165967,
            "bounds": [
                [
                    4.539364667353122,
                    6.876974556393307
                ],
                [
                    0.4985976825482874,
                    1.912458635541676
                ]
            ],
            "minimum_value": 0.0,
            "active_dims": [
                0,
                1
            ]
        }
    ],
    "stats": {
        "energy": 831879.9975622866,
        "bandwidth": 2,
        "mean": 0.5494194037090031,
        "std": 0.151958688056365,
        "pct_over_06": 0.328125,
        "pct_over_08": 0.055625
    }
}