{
    "functions": [
        {
            "type": "Sinus",
            "amplitudes": [
                0.3419653367321699,
                0.2198109740588389,
                0.3985073077321182
            ],
            "frequencies": [
                1.8872872072545535,
                0.6290739104206128,
                0.995128036349124
            ],
            "weight_vectors": [
                [
                    0.7877095624299733,
                    0.8641503557333119
                ],
                [
                    0.8048819467256942,
                    0.2642066638413453
                ],
                [
                    0.5786224601952583,
                    0.13588434421025164
                ]
            ],
            "phases": [
                0.12147473682607993,
                4.431978367617855,
                5.514190512771113
            ],
            "offset": 0.1304974366456031,
            "bounds": [
                [
                    7.947040133305464,
                    9.702357001422747
                ],
                [
                    8.174636206525587,
                    9.922097481253363
                ]
            ],
            "minimum_value": 0.0,
            "active_dims": [
                0,
                1
            ]
        },
        {
            "type": "Gaussian",
            "mean": [
                2.085306877687787,
                4.615680054776686
            ],
            "std_dev": [
                3.253718936391392,
                2.129099641917599
            ],
            "max_amplitude": 0.21840661413374288,
            "active_dims": [
                0,
                1
            ]
        },
        {
            "type": "StaticHypercube",
            "dimensions": [
                [
                    6.659939815640361,
                    9.2707253162496
                ]
            ],
            "static_value": 0.34538363089422286,
            "active_dims": [
                0
            ]
        },
        {
            "type": "Ramp",
            "coeff": [
                0.9460192104514005,
                1.2058649301308422
            ],
            "min_value": 0.14344982975143056,
            "max_value": 0.38600846944523165,
            "bounds": [
                [
                    2.6423895655889647,
                    7.1732049547944285
                ],
                [
                    5.651587507067116,
                    9.656220162881846
                ]
            ],
            "active_dims": [
                0,
                1
            ]
        },
        {
            "type": "Sinus",
            "amplitudes": [
                0.1452880358084512,
                0.4145290929665682,
                0.31484090397749714
            ],
            "frequencies": [
                1.5298448479972642,
                0.7557413647124963,
                1.2558273807346205
            ],
            "weight_vectors": [
                [
                    0.09680351452286629,
                    0.9271922838734684
                ],
                [
                    0.4561004965346711,
                    0.5321147571612668
                ],
                [
                    0.9988447471432129,
                    0.14344180475567103
                ]
            ],
            "phases": [
                1.2862531520502738,
                3.4601419752837312,
                4.642702777707923
            ],
            "offset": 0.2581499934139211,
            "bounds": [
                [
                    8.191487087796602,
                    9.847251283961835
                ],
                [
                    3.800996026200906,
                    7.4962296942861855
                ]
            ],
            "minimum_value": 0.0,
            "active_dims": [
                0,
                1
            ]
        },
        {
            "type": "Ramp",
            "coeff": [
                1.278857037477983,
                0.90047834623712
            ],
            "min_value": 0.10746022845853505,
            "max_value": 0.12353954462206677,
            "bounds": [
                [
                    2.417028042235986,
                    4.522927461999981
                ],
                [
                    0.09803704076948841,
                    5.173553406355573
                ]
            ],
            "active_dims": [
                0,
                1
            ]
        },
        {
            "type": "Ramp",
            "coeff": [
                1.860734430311363
            ],
            "min_value": 0.19627643083255122,
            "max_value": 0.280860878573169,
            "bounds": [
                [
                    5.174649981694599,
                    7.08002754856436
                ]
            ],
            "active_dims": [
                0
            ]
        }
    ],
    "stats": {
        "energy": 304869.01305768226,
        "bandwidth": 40,
        "mean": 0.2718186323902618,
        "std": 0.21261253328800922,
        "pct_over_06": 0.074375,
        "pct_over_08": 0.031875
    }
}