{
    "functions": [
        {
            "type": "Ramp",
            "coeff": [
                0.21201628898655
            ],
            "min_value": 0.12071461896132102,
            "max_value": 0.43314077426995407,
            "bounds": [
                [
                    3.3587344954764573,
                    7.690503852858598
                ]
            ],
            "active_dims": [
                1
            ]
        },
        {
            "type": "Ramp",
            "coeff": [
                0.28426608102968687,
                1.5586772681131882
            ],
            "min_value": 0.12638039200103135,
            "max_value": 0.2542532961508349,
            "bounds": [
                [
                    1.9309440788907752,
                    8.85777712236596
                ],
                [
                    1.7614123243158257,
                    6.402228959514768
                ]
            ],
            "active_dims": [
                0,
                1
            ]
        },
        {
            "type": "Gaussian",
            "mean": [
                4.515108884812075
            ],
            "std_dev": [
                0.41931578473358955
            ],
            "max_amplitude": 0.24634708776609027,
            "active_dims": [
                1
            ]
        },
        {
            "type": "Sinus",
            "amplitudes": [
                0.29861327300921536,
                0.3880527621413517,
                0.17585475413336932,
                0.31552701192764376,
                0.1189937982328185
            ],
            "frequencies": [
                0.17462113071476504,
                1.7461892510712853,
                0.6979448836503984,
                0.9301397365108512,
                0.3804138824610871
            ],
            "weight_vectors": [
                [
                    0.43286723459544696,
                    0.7970943726557684
                ],
                [
                    0.5128203025388568,
                    0.17390563820471994
                ],
                [
                    0.9460019681507832,
                    0.8962670274645276
                ],
                [
                    0.04467912430485521,
                    0.36469232222108305
                ],
                [
                    0.11276639503423558,
                    0.03984025373490707
                ]
            ],
            "phases": [
                2.310517054515536,
                0.45151233957491166,
                0.5202508923431038,
                6.087475186139479,
                0.1385161158717711
            ],
            "offset": -0.16313053330573574,
            "bounds": [
                [
                    2.439067507747096,
                    3.7935085386688048
                ],
                [
                    8.706461354958465,
                    9.36546091216187
                ]
            ],
            "minimum_value": 0.0,
            "active_dims": [
                0,
                1
            ]
        },
        {
            "type": "StaticHypercube",
            "dimensions": [
                [
                    2.369545240368408,
                    5.889886321936517
                ],
                [
                    3.9215666884577938,
                    7.5262097055473856
                ]
            ],
            "static_value": 0.23045985770070404,
            "active_dims": [
                0,
                1
            ]
        },
        {
            "type": "StaticHypercube",
            "dimensions": [
                [
                    1.5844873457848552,
                    7.190825172650675
                ],
                [
                    0.7861881020651114,
                    3.1330780611486135
                ]
            ],
            "static_value": 0.4015156404312116,
            "active_dims": [
                0,
                1
            ]
        },
        {
            "type": "Ramp",
            "coeff": [
                0.4926223911463603
            ],
            "min_value": 0.11923528009286874,
            "max_value": 0.4295503535989071,
            "bounds": [
                [
                    0.791498370227333,
                    2.974918371529427
                ]
            ],
            "active_dims": [
                1
            ]
        }
    ],
    "stats": {
        "energy": 501324.9303770552,
        "bandwidth": 23,
        "mean": 0.3246312616698029,
        "std": 0.3007400785981295,
        "pct_over_06": 0.205,
        "pct_over_08": 0.085
    }
}