{
    "functions": [
        {
            "type": "Sinus",
            "amplitudes": [
                0.1763730841620664
            ],
            "frequencies": [
                1.1318051256259765
            ],
            "weight_vectors": [
                [
                    0.2815728940041423
                ]
            ],
            "phases": [
                3.8731764161035818
            ],
            "offset": -0.33469494422049706,
            "bounds": [
                [
                    5.250091487869917,
                    8.812427576425872
                ]
            ],
            "minimum_value": 0.0,
            "active_dims": [
                0
            ]
        },
        {
            "type": "Ramp",
            "coeff": [
                0.7755185841206689,
                1.2980412595932782
            ],
            "min_value": 0.18660697150611322,
            "max_value": 0.5026649934900512,
            "bounds": [
                [
                    1.622330220627731,
                    3.8497891895476077
                ],
                [
                    5.977360339130877,
                    8.202909410250605
                ]
            ],
            "active_dims": [
                0,
                1
            ]
        },
        {
            "type": "Gaussian",
            "mean": [
                7.062728517730483,
                6.051588405829479
            ],
            "std_dev": [
                3.740033721589828,
                2.8847601438842063
            ],
            "max_amplitude": 0.4242017435489031,
            "active_dims": [
                0,
                1
            ]
        },
        {
            "type": "Sinus",
            "amplitudes": [
                0.1980629622789608,
                0.2607871529036663,
                0.22810944824894236,
                0.29237658142259915
            ],
            "frequencies": [
                0.2707887429798729,
                1.5236692489168402,
                0.8308798283618593,
                0.5725266166132404
            ],
            "weight_vectors": [
                [
                    0.8913557999492746,
                    0.7778737367491275
                ],
                [
                    0.6701196957665387,
                    0.73505269664904
                ],
                [
                    0.6636995183544125,
                    0.18176624809321318
                ],
                [
                    0.8629975725546191,
                    0.45142895623599966
                ]
            ],
            "phases": [
                1.1563066978649843,
                4.544920397241725,
                0.23987094841882503,
                4.06183339335765
            ],
            "offset": 0.09508436698879986,
            "bounds": [
                [
                    3.17357243048399,
                    9.768366164401321
                ],
                [
                    0.7176002167716174,
                    4.196734949793696
                ]
            ],
            "minimum_value": 0.0,
            "active_dims": [
                0,
                1
            ]
        },
        {
            "type": "Ramp",
            "coeff": [
                0.9242401708752466,
                0.12515053944646182
            ],
            "min_value": 0.314221212896036,
            "max_value": 0.6468311405702117,
            "bounds": [
                [
                    5.753407032732298,
                    6.022267906479475
                ],
                [
                    0.7501380865046151,
                    1.364081326492579
                ]
            ],
            "active_dims": [
                0,
                1
            ]
        },
        {
            "type": "StaticHypercube",
            "dimensions": [
                [
                    0.6078357559578635,
                    4.57080252470301
                ],
                [
                    4.021832050565325,
                    7.489601690212066
                ]
            ],
            "static_value": 0.17539786681388853,
            "active_dims": [
                0,
                1
            ]
        },
        {
            "type": "Gaussian",
            "mean": [
                0.810460491435735,
                4.813890430379514
            ],
            "std_dev": [
                2.6172312076143434,
                0.21068456718376072
            ],
            "max_amplitude": 0.30135637895905504,
            "active_dims": [
                0,
                1
            ]
        }
    ],
    "stats": {
        "energy": 296996.95005509077,
        "bandwidth": 33,
        "mean": 0.28162679534889307,
        "std": 0.19157448096440846,
        "pct_over_06": 0.07,
        "pct_over_08": 0.009375
    }
}