{
    "functions": [
        {
            "type": "Sinus",
            "amplitudes": [
                0.12622715109184252,
                0.21259764568010345,
                0.2742687720928167,
                0.22356637029386026,
                0.18665634296811093
            ],
            "frequencies": [
                1.3706296039512653,
                0.8919530347580454,
                0.29025127014300545,
                0.5892765757281021,
                0.3996521087797351
            ],
            "weight_vectors": [
                [
                    0.6346428800681473,
                    0.009076259192444591
                ],
                [
                    0.1970913158305082,
                    0.8808221415938656
                ],
                [
                    0.0023295962003745396,
                    0.10950100963024256
                ],
                [
                    0.6231051245159629,
                    0.9992367771274183
                ],
                [
                    0.5671510468751523,
                    0.4879381082995392
                ]
            ],
            "phases": [
                5.6500653410938035,
                5.445811565216417,
                5.864173075419277,
                5.673240334173711,
                0.31082910675198505
            ],
            "offset": 0.12117818876011026,
            "bounds": [
                [
                    5.9278873515423935,
                    7.564148122954193
                ],
                [
                    1.000171499058947,
                    4.5379530429224
                ]
            ],
            "minimum_value": 0.0,
            "active_dims": [
                0,
                1
            ]
        },
        {
            "type": "Gaussian",
            "mean": [
                0.27814551385397124
            ],
            "std_dev": [
                2.4025194659484295
            ],
            "max_amplitude": 0.2975399844180582,
            "active_dims": [
                0
            ]
        },
        {
            "type": "Sinus",
            "amplitudes": [
                0.12375485322891995,
                0.3158701676898818,
                0.19896996909319287,
                0.3073142195911733
            ],
            "frequencies": [
                1.5910047549327906,
                1.2280563398681048,
                0.26438468110153224,
                0.9832962952928818
            ],
            "weight_vectors": [
                [
                    0.0375979671541149,
                    0.5328833741700755
                ],
                [
                    0.3465766230101699,
                    0.32928045494939573
                ],
                [
                    0.6067943268933316,
                    0.8259320267238617
                ],
                [
                    0.27302094711264135,
                    0.5033403417758961
                ]
            ],
            "phases": [
                3.27638681365539,
                3.0274957555248494,
                3.9177684785085622,
                6.0972852959191615
            ],
            "offset": -0.0745377420129953,
            "bounds": [
                [
                    6.524756159538192,
                    8.878785309381477
                ],
                [
                    0.32923596226508123,
                    5.112796642714782
                ]
            ],
            "minimum_value": 0.0,
            "active_dims": [
                0,
                1
            ]
        },
        {
            "type": "Gaussian",
            "mean": [
                8.338591904039328,
                4.266264945686061
            ],
            "std_dev": [
                2.209770851931777,
                2.965204954112392
            ],
            "max_amplitude": 0.33959693152393167,
            "active_dims": [
                0,
                1
            ]
        },
        {
            "type": "StaticHypercube",
            "dimensions": [
                [
                    4.842693664648176,
                    6.306119335562512
                ],
                [
                    1.9437499298671383,
                    3.6824369539202118
                ]
            ],
            "static_value": 0.24594417029621596,
            "active_dims": [
                0,
                1
            ]
        },
        {
            "type": "Gaussian",
            "mean": [
                6.937248842653473,
                4.572766462707109
            ],
            "std_dev": [
                2.3329332804732332,
                3.006467208939288
            ],
            "max_amplitude": 0.3725644444374204,
            "active_dims": [
                0,
                1
            ]
        },
        {
            "type": "StaticHypercube",
            "dimensions": [
                [
                    0.9208553195899164,
                    1.738964568786784
                ],
                [
                    3.8839528124025455,
                    4.726104223310722
                ]
            ],
            "static_value": 0.33907228058139843,
            "active_dims": [
                0,
                1
            ]
        }
    ],
    "stats": {
        "energy": 374165.44755959214,
        "bandwidth": 6,
        "mean": 0.3445322223137773,
        "std": 0.16569829733734637,
        "pct_over_06": 0.120625,
        "pct_over_08": 0.003125
    }
}