{
    "functions": [
        {
            "type": "Ramp",
            "coeff": [
                0.5190991938537188
            ],
            "min_value": 0.20371054525395493,
            "max_value": 0.2602169091645459,
            "bounds": [
                [
                    8.667544728902866,
                    9.824642010480407
                ]
            ],
            "active_dims": [
                1
            ]
        },
        {
            "type": "Ramp",
            "coeff": [
                1.5373700700685402,
                1.6619790779106467
            ],
            "min_value": 0.22272871672995448,
            "max_value": 0.4143469153870809,
            "bounds": [
                [
                    6.055928848503089,
                    7.275542341268085
                ],
                [
                    7.229003688511884,
                    8.668662930550546
                ]
            ],
            "active_dims": [
                0,
                1
            ]
        },
        {
            "type": "Sinus",
            "amplitudes": [
                0.22092377436542332,
                0.22186005301575962,
                0.10583030707990405,
                0.43401601079330904
            ],
            "frequencies": [
                1.8313889482367705,
                1.219849567056494,
                0.734237731785734,
                1.4089601122627646
            ],
            "weight_vectors": [
                [
                    0.37496478065234395,
                    0.01623176390312353
                ],
                [
                    0.6435449046551529,
                    0.10112323365241671
                ],
                [
                    0.15925491941908432,
                    0.6974362392321435
                ],
                [
                    0.2826599946253916,
                    0.8329988019523425
                ]
            ],
            "phases": [
                0.39687298597690995,
                0.25655098016947897,
                5.187758820593172,
                2.2207098167233483
            ],
            "offset": 0.015691935898789634,
            "bounds": [
                [
                    3.5112853347708035,
                    7.8636697380275535
                ],
                [
                    6.21382408052094,
                    8.400397950303638
                ]
            ],
            "minimum_value": 0.0,
            "active_dims": [
                0,
                1
            ]
        },
        {
            "type": "Sinus",
            "amplitudes": [
                0.2419300204577299,
                0.20963871959488206,
                0.26923007380625535
            ],
            "frequencies": [
                0.7817620717109068,
                0.34931991631559245,
                0.18077367331063288
            ],
            "weight_vectors": [
                [
                    0.906883677201163,
                    0.32493119246181235
                ],
                [
                    0.9324684420499096,
                    0.4489749620331671
                ],
                [
                    0.5725378205829237,
                    0.2048677987086739
                ]
            ],
            "phases": [
                3.030760583673814,
                5.399874507939049,
                4.8838723419022845
            ],
            "offset": -0.022130176769339878,
            "bounds": [
                [
                    1.8582301060447064,
                    6.683135609258729
                ],
                [
                    6.031199815520232,
                    9.137493721998746
                ]
            ],
            "minimum_value": 0.0,
            "active_dims": [
                0,
                1
            ]
        },
        {
            "type": "Gaussian",
            "mean": [
                5.802512458461538
            ],
            "std_dev": [
                0.33831558969783815
            ],
            "max_amplitude": 0.2239576111194792,
            "active_dims": [
                1
            ]
        },
        {
            "type": "Sinus",
            "amplitudes": [
                0.17223159710143954,
                0.24396406921566094,
                0.48939753196427743,
                0.08829077666887905,
                0.346589485956514
            ],
            "frequencies": [
                1.4126527924649632,
                1.954719471305054,
                0.9985730400099414,
                0.36652930349071966,
                1.31550751953541
            ],
            "weight_vectors": [
                [
                    0.4189313736950545,
                    0.8914129584379283
                ],
                [
                    0.36831500800960104,
                    0.15634026459156314
                ],
                [
                    0.3957549557768165,
                    0.06361354376327577
                ],
                [
                    0.818152933432613,
                    0.5699632298185026
                ],
                [
                    0.08768574378929195,
                    0.5919324282676887
                ]
            ],
            "phases": [
                4.125707750476084,
                5.167385270587488,
                0.8781359973113347,
                0.9570327909221182,
                3.7440016984971463
            ],
            "offset": -0.0419008784316961,
            "bounds": [
                [
                    0.6187467645984595,
                    3.0695240534830157
                ],
                [
                    2.6621884999089276,
                    5.376054024838303
                ]
            ],
            "minimum_value": 0.0,
            "active_dims": [
                0,
                1
            ]
        },
        {
            "type": "Sinus",
            "amplitudes": [
                0.18473742227039072,
                0.2399447300832898,
                0.2426893435618766,
                0.10562004556274522,
                0.27525422635027935
            ],
            "frequencies": [
                0.8305013705213748,
                1.2626050889021252,
                0.6008238670447363,
                1.134905462928268,
                1.5258305970311932
            ],
            "weight_vectors": [
                [
                    0.6751420993421116,
                    0.24571304927508442
                ],
                [
                    0.8462168642193106,
                    0.9277850225499955
                ],
                [
                    0.4385691061209902,
                    0.8204299611140077
                ],
                [
                    0.2820129090165234,
                    0.5729512353037711
                ],
                [
                    0.49701342750752153,
                    0.4510137205852005
                ]
            ],
            "phases": [
                5.353876392305728,
                4.636504826426702,
                4.28824590711316,
                0.6994395644448969,
                5.692130650829877
            ],
            "offset": -0.05809360157926674,
            "bounds": [
                [
                    3.3375593664195122,
                    6.259028392955562
                ],
                [
                    3.1399773817269305,
                    8.290898286248254
                ]
            ],
            "minimum_value": 0.0,
            "active_dims": [
                0,
                1
            ]
        }
    ],
    "stats": {
        "energy": 183615.02315864596,
        "bandwidth": 150,
        "mean": 0.15136025656194427,
        "std": 0.22094046970812858,
        "pct_over_06": 0.060625,
        "pct_over_08": 0.035625
    }
}