{
    "functions": [
        {
            "type": "Ramp",
            "coeff": [
                0.9810544990957182,
                1.0915642976227944
            ],
            "min_value": 0.15850379817453944,
            "max_value": 0.1779716511906783,
            "bounds": [
                [
                    3.315925018581639,
                    4.769621282751382
                ],
                [
                    1.625068777603858,
                    5.099083240689373
                ]
            ],
            "active_dims": [
                0,
                1
            ]
        },
        {
            "type": "Gaussian",
            "mean": [
                7.904572693001811,
                7.2554183604392115
            ],
            "std_dev": [
                1.1751237577490514,
                3.63423108132292
            ],
            "max_amplitude": 0.27747021656749604,
            "active_dims": [
                0,
                1
            ]
        },
        {
            "type": "Sinus",
            "amplitudes": [
                0.25956736853043455,
                0.34331211679147633,
                0.2444643660782449,
                0.20025056013887188
            ],
            "frequencies": [
                1.423636606734618,
                0.7799231815818597,
                1.9006698790853556,
                1.72497159959436
            ],
            "weight_vectors": [
                [
                    0.9564705387684949,
                    0.6894160017360615
                ],
                [
                    0.12163880141329109,
                    0.3587838536150645
                ],
                [
                    0.19018552321106408,
                    0.9856535932441607
                ],
                [
                    0.6308930041422893,
                    0.847642795972361
                ]
            ],
            "phases": [
                1.6316861437041914,
                2.2534712937719017,
                6.1879188576954895,
                6.179745683946108
            ],
            "offset": 0.2826157721405453,
            "bounds": [
                [
                    2.1735653555387464,
                    3.893428494339411
                ],
                [
                    4.298540008256992,
                    9.374499697030789
                ]
            ],
            "minimum_value": 0.0,
            "active_dims": [
                0,
                1
            ]
        },
        {
            "type": "Sinus",
            "amplitudes": [
                0.3333718303678763,
                0.214049158646476,
                0.5478982906827818
            ],
            "frequencies": [
                1.0555409299183856,
                1.1902422901453067,
                0.19057679344476583
            ],
            "weight_vectors": [
                [
                    0.8357581124143642,
                    0.018434770759305552
                ],
                [
                    0.7075459949522289,
                    0.5522598486965339
                ],
                [
                    0.03311825804130941,
                    0.253309532360233
                ]
            ],
            "phases": [
                2.4659617498461595,
                1.5393664768113076,
                0.8632416324199905
            ],
            "offset": -0.2792718199455125,
            "bounds": [
                [
                    4.462139824661985,
                    7.259596584457817
                ],
                [
                    1.8951129881038935,
                    5.319795814246003
                ]
            ],
            "minimum_value": 0.0,
            "active_dims": [
                0,
                1
            ]
        },
        {
            "type": "StaticHypercube",
            "dimensions": [
                [
                    3.3476071827508385,
                    3.930838656048799
                ],
                [
                    4.436895120187853,
                    7.348201484703736
                ]
            ],
            "static_value": 0.354666574867674,
            "active_dims": [
                0,
                1
            ]
        },
        {
            "type": "Sinus",
            "amplitudes": [
                0.2914763761082755
            ],
            "frequencies": [
                0.8491001917608182
            ],
            "weight_vectors": [
                [
                    0.9896376689044184,
                    0.9996260403887964
                ]
            ],
            "phases": [
                1.1404874335833495
            ],
            "offset": -0.0895579994793187,
            "bounds": [
                [
                    1.178677737943777,
                    6.514966416627344
                ],
                [
                    4.550539193048357,
                    8.000091551425498
                ]
            ],
            "minimum_value": 0.0,
            "active_dims": [
                0,
                1
            ]
        },
        {
            "type": "Gaussian",
            "mean": [
                9.246441612257733,
                7.75978382745072
            ],
            "std_dev": [
                3.3218710689590156,
                0.7437923597641769
            ],
            "max_amplitude": 0.3459045998391145,
            "active_dims": [
                0,
                1
            ]
        }
    ],
    "stats": {
        "energy": 170408.94406554266,
        "bandwidth": 102,
        "mean": 0.1615786878597741,
        "std": 0.2011425400185557,
        "pct_over_06": 0.051875,
        "pct_over_08": 0.00375
    }
}