{
    "functions": [
        {
            "type": "Gaussian",
            "mean": [
                8.394150050768843
            ],
            "std_dev": [
                2.14931701679675
            ],
            "max_amplitude": 0.34154562008021844,
            "active_dims": [
                0
            ]
        },
        {
            "type": "Ramp",
            "coeff": [
                0.004160800718137958,
                1.9483764423200325
            ],
            "min_value": 0.036433900260191186,
            "max_value": 0.3133933869375929,
            "bounds": [
                [
                    3.493005981214436,
                    6.753815386635493
                ],
                [
                    0.20245901370082306,
                    2.2440821034720004
                ]
            ],
            "active_dims": [
                0,
                1
            ]
        },
        {
            "type": "Sinus",
            "amplitudes": [
                0.43826763968761645,
                0.10418798842802318,
                0.31961121049079366
            ],
            "frequencies": [
                0.7060868416729592,
                0.11847959922894145,
                0.8592448163472135
            ],
            "weight_vectors": [
                [
                    0.566169598684739,
                    0.30243631323144693
                ],
                [
                    0.3498187937492011,
                    0.19147307340947284
                ],
                [
                    0.9259204284495491,
                    0.09576663758795345
                ]
            ],
            "phases": [
                0.4212461420560633,
                2.243642593168336,
                3.2057971032043975
            ],
            "offset": -0.15561285629922073,
            "bounds": [
                [
                    4.249120533341673,
                    9.306996830921118
                ],
                [
                    5.287955444842374,
                    9.788229870744788
                ]
            ],
            "minimum_value": 0.0,
            "active_dims": [
                0,
                1
            ]
        },
        {
            "type": "Gaussian",
            "mean": [
                5.435407054752385
            ],
            "std_dev": [
                2.2464326740032083
            ],
            "max_amplitude": 0.2809473529281811,
            "active_dims": [
                0
            ]
        },
        {
            "type": "Gaussian",
            "mean": [
                7.859519240705504,
                0.9883465158334459
            ],
            "std_dev": [
                2.115738767306073,
                3.251763725652449
            ],
            "max_amplitude": 0.2050925359240678,
            "active_dims": [
                0,
                1
            ]
        },
        {
            "type": "Sinus",
            "amplitudes": [
                0.13616964546753763,
                0.11857567485589095,
                0.23139381101523002,
                0.4693104651259915,
                0.33597447199932257
            ],
            "frequencies": [
                1.8917976621741783,
                0.35410247062264,
                1.513677289526605,
                1.6811808435578457,
                0.5381059320092642
            ],
            "weight_vectors": [
                [
                    0.8730233093272775,
                    0.30764807778185965
                ],
                [
                    0.08926234118024334,
                    0.1365891692940675
                ],
                [
                    0.5152939653881045,
                    0.07698051796913907
                ],
                [
                    0.6863801730369664,
                    0.48568278250165553
                ],
                [
                    0.9553742444704066,
                    0.09562437893908904
                ]
            ],
            "phases": [
                4.897218520653897,
                1.726391270019756,
                4.141719232919087,
                2.9586911403915295,
                0.9443566299005512
            ],
            "offset": 0.16316310127369335,
            "bounds": [
                [
                    7.178222892435079,
                    8.717344361507772
                ],
                [
                    1.3390255617551818,
                    5.914526462530343
                ]
            ],
            "minimum_value": 0.0,
            "active_dims": [
                0,
                1
            ]
        },
        {
            "type": "Sinus",
            "amplitudes": [
                0.44146634421882913,
                0.2756892574516261,
                0.16962160445677565,
                0.13049983690967346,
                0.4244026913737149
            ],
            "frequencies": [
                1.8471430627839227,
                0.25645962419479623,
                0.9302548415183106,
                1.7165879306021818,
                0.2118333016183115
            ],
            "weight_vectors": [
                [
                    0.4355573985907736,
                    0.6046673383344922
                ],
                [
                    0.9558526699349794,
                    0.3255819069198259
                ],
                [
                    0.510014277093103,
                    0.2944485003477969
                ],
                [
                    0.8506085889687354,
                    0.862369323517298
                ],
                [
                    0.44853611485964007,
                    0.3086647235620812
                ]
            ],
            "phases": [
                0.5937066504544029,
                2.165005993397731,
                1.146544465605402,
                0.7470883551223387,
                3.9193672424768096
            ],
            "offset": 0.11184288732614368,
            "bounds": [
                [
                    5.332575893254672,
                    9.337429602026099
                ],
                [
                    3.5671139842019786,
                    4.404593101730976
                ]
            ],
            "minimum_value": 0.0,
            "active_dims": [
                0,
                1
            ]
        }
    ],
    "stats": {
        "energy": 465679.93019794836,
        "bandwidth": 4,
        "mean": 0.35585898451558606,
        "std": 0.23509701374774936,
        "pct_over_06": 0.131875,
        "pct_over_08": 0.03375
    }
}