{
    "functions": [
        {
            "type": "Gaussian",
            "mean": [
                8.888549904670896,
                7.590093335412908
            ],
            "std_dev": [
                1.4642253560641048,
                3.6872414889841507
            ],
            "max_amplitude": 0.3863070227820465,
            "active_dims": [
                0,
                1
            ]
        },
        {
            "type": "StaticHypercube",
            "dimensions": [
                [
                    5.920307457589872,
                    8.965593262531343
                ]
            ],
            "static_value": 0.0767166362789795,
            "active_dims": [
                0
            ]
        },
        {
            "type": "Ramp",
            "coeff": [
                0.9827562442503135,
                0.026022829538540293
            ],
            "min_value": 0.04811899219119943,
            "max_value": 0.3192069398468881,
            "bounds": [
                [
                    2.8773224732777574,
                    3.1965958884311387
                ],
                [
                    2.541290152458423,
                    4.499003924725458
                ]
            ],
            "active_dims": [
                0,
                1
            ]
        },
        {
            "type": "Sinus",
            "amplitudes": [
                0.10921565970303737,
                0.2819776741810457,
                0.1899251001956482,
                0.326210466776807,
                0.4246204858931588
            ],
            "frequencies": [
                1.985371493882105,
                0.10122023569320476,
                0.9576424730141946,
                1.5740769097240375,
                0.18972335251405076
            ],
            "weight_vectors": [
                [
                    0.18219730764879905,
                    0.08291764861224005
                ],
                [
                    0.40651341471235103,
                    0.3721070542420516
                ],
                [
                    0.9677479216548254,
                    0.288444507081534
                ],
                [
                    0.7792953957421666,
                    0.25182100859307976
                ],
                [
                    0.07094937092849463,
                    0.41439309251196654
                ]
            ],
            "phases": [
                3.63598295319834,
                0.41101573654083673,
                3.9295602631091957,
                3.707157206421686,
                4.6353808284636475
            ],
            "offset": -0.049135772176433896,
            "bounds": [
                [
                    0.8860925678919424,
                    2.730431307786535
                ],
                [
                    2.5212547764103226,
                    2.6156223114627744
                ]
            ],
            "minimum_value": 0.0,
            "active_dims": [
                0,
                1
            ]
        },
        {
            "type": "Sinus",
            "amplitudes": [
                0.15584389743360427,
                0.2769177695293148,
                0.25904492551977687,
                0.1804920415953612,
                0.35372052479070604
            ],
            "frequencies": [
                0.6014269380771896,
                1.5187608566519888,
                1.8138644871959186,
                0.665535356910491,
                0.8616011981961441
            ],
            "weight_vectors": [
                [
                    0.6876791576021222,
                    0.922764351125395
                ],
                [
                    0.6590734153090662,
                    0.9638363564690156
                ],
                [
                    0.8840239857487223,
                    0.7961938256304844
                ],
                [
                    0.4040660256937453,
                    0.5732780837563195
                ],
                [
                    0.6150920879034176,
                    0.8129768512014965
                ]
            ],
            "phases": [
                3.9646256584665296,
                0.7309131671873682,
                5.874605381129879,
                3.0906130301603874,
                5.53604757869284
            ],
            "offset": 0.14487906034004674,
            "bounds": [
                [
                    2.2475253233348735,
                    4.335629044284858
                ],
                [
                    3.491318058927508,
                    6.780099542171376
                ]
            ],
            "minimum_value": 0.0,
            "active_dims": [
                0,
                1
            ]
        },
        {
            "type": "StaticHypercube",
            "dimensions": [
                [
                    1.3123919599259122,
                    5.087392364547529
                ],
                [
                    4.171217044558569,
                    8.420453493672216
                ]
            ],
            "static_value": 0.24475782173133714,
            "active_dims": [
                0,
                1
            ]
        },
        {
            "type": "StaticHypercube",
            "dimensions": [
                [
                    2.787836658446576,
                    6.682835733020038
                ],
                [
                    4.37453411263406,
                    5.98726334233343
                ]
            ],
            "static_value": 0.34948936637049316,
            "active_dims": [
                0,
                1
            ]
        }
    ],
    "stats": {
        "energy": 145099.7905479973,
        "bandwidth": 82,
        "mean": 0.15865625066678787,
        "std": 0.17750436560031085,
        "pct_over_06": 0.01875,
        "pct_over_08": 0.00375
    }
}