{
    "functions": [
        {
            "type": "Sinus",
            "amplitudes": [
                0.12234480672291355,
                0.12751260225612943,
                0.23465296826139517,
                0.3205110416906142
            ],
            "frequencies": [
                1.3918265734438338,
                1.8630279548145863,
                0.8323203691367932,
                0.56867092217852
            ],
            "weight_vectors": [
                [
                    0.9901911196820655,
                    0.9634837385634211
                ],
                [
                    0.5501953349456337,
                    0.9882616712174436
                ],
                [
                    0.5092546158582089,
                    0.349772437344012
                ],
                [
                    0.9313197157829524,
                    0.20418215532269568
                ]
            ],
            "phases": [
                0.5902790676180323,
                1.2307133760184557,
                1.373698739328476,
                1.159877134272204
            ],
            "offset": -0.038075644367714434,
            "bounds": [
                [
                    8.392485852857202,
                    9.364993515118266
                ],
                [
                    3.309818170810467,
                    7.367440294579014
                ]
            ],
            "minimum_value": 0.0,
            "active_dims": [
                1,
                3
            ]
        },
        {
            "type": "Ramp",
            "coeff": [
                0.2701350532412603
            ],
            "min_value": 0.08224756542590343,
            "max_value": 0.2105806524478803,
            "bounds": [
                [
                    1.047951522786967,
                    5.534714652285333
                ]
            ],
            "active_dims": [
                1
            ]
        },
        {
            "type": "Ramp",
            "coeff": [
                0.0019347150062818397,
                1.2201574369997088
            ],
            "min_value": 0.06375138609259548,
            "max_value": 0.13729903976734337,
            "bounds": [
                [
                    5.115097988222899,
                    6.108399877843121
                ],
                [
                    4.973487303090628,
                    6.003479032606027
                ]
            ],
            "active_dims": [
                0,
                3
            ]
        },
        {
            "type": "Ramp",
            "coeff": [
                1.7978662134991028
            ],
            "min_value": 0.029910081240399962,
            "max_value": 0.1877382884139403,
            "bounds": [
                [
                    0.3813042808690968,
                    1.7267970038002811
                ]
            ],
            "active_dims": [
                1
            ]
        },
        {
            "type": "StaticHypercube",
            "dimensions": [
                [
                    3.7475478233310313,
                    5.6201430695818
                ]
            ],
            "static_value": 0.20739076102267687,
            "active_dims": [
                1
            ]
        },
        {
            "type": "Sinus",
            "amplitudes": [
                0.06790706754152238,
                0.16695676178628624,
                0.1016844127809836,
                0.2902179392358278,
                0.3337992504089989
            ],
            "frequencies": [
                0.27095143790343024,
                1.8584502168035875,
                1.7220795081465097,
                1.6934029888300437,
                1.2473589509249041
            ],
            "weight_vectors": [
                [
                    0.5156080038658745
                ],
                [
                    0.5722760306112005
                ],
                [
                    0.8872094617627813
                ],
                [
                    0.6903907553064756
                ],
                [
                    0.4419325166003589
                ]
            ],
            "phases": [
                2.495380460091383,
                4.500177730008573,
                3.2198647081333247,
                4.005551639200302,
                3.381028734825219
            ],
            "offset": 0.03659270873416602,
            "bounds": [
                [
                    1.3022376365491704,
                    3.304479293793716
                ]
            ],
            "minimum_value": 0.0,
            "active_dims": [
                1
            ]
        },
        {
            "type": "Ramp",
            "coeff": [
                1.0877674190774196
            ],
            "min_value": 0.0944193718739221,
            "max_value": 0.19986167477516176,
            "bounds": [
                [
                    5.1788792594772435,
                    7.396382669609028
                ]
            ],
            "active_dims": [
                0
            ]
        },
        {
            "type": "Gaussian",
            "mean": [
                2.6138699879377745,
                5.097038904917436
            ],
            "std_dev": [
                0.2772183738646393,
                3.243613220386531
            ],
            "max_amplitude": 0.13522084979896878,
            "active_dims": [
                1,
                2
            ]
        },
        {
            "type": "Gaussian",
            "mean": [
                9.856950861178717
            ],
            "std_dev": [
                1.6788651019036476
            ],
            "max_amplitude": 0.18033414511424475,
            "active_dims": [
                0
            ]
        },
        {
            "type": "Gaussian",
            "mean": [
                3.1421655516179294,
                5.379542569191727
            ],
            "std_dev": [
                3.8589171864735,
                2.9772057271320223
            ],
            "max_amplitude": 0.195168483043842,
            "active_dims": [
                2,
                3
            ]
        },
        {
            "type": "StaticHypercube",
            "dimensions": [
                [
                    0.6142421779272168,
                    4.943600036323204
                ],
                [
                    7.245311233326054,
                    7.947418535758514
                ]
            ],
            "static_value": 0.17761983750189442,
            "active_dims": [
                0,
                1
            ]
        }
    ]
}