{
    "functions": [
        {
            "type": "Ramp",
            "coeff": [
                0.14688194472051141
            ],
            "min_value": 0.0877261238204596,
            "max_value": 0.16133371367235874,
            "bounds": [
                [
                    2.9354549678369586,
                    6.689280877867536
                ]
            ],
            "active_dims": [
                2
            ]
        },
        {
            "type": "Gaussian",
            "mean": [
                0.3465443241921262,
                8.681143320617686
            ],
            "std_dev": [
                1.3100753074259226,
                2.486749849172181
            ],
            "max_amplitude": 0.0774500796406127,
            "active_dims": [
                1,
                3
            ]
        },
        {
            "type": "StaticHypercube",
            "dimensions": [
                [
                    3.3654956229482282,
                    5.858419052091392
                ]
            ],
            "static_value": 0.14417640904226578,
            "active_dims": [
                3
            ]
        },
        {
            "type": "Sinus",
            "amplitudes": [
                0.10087791680467684,
                0.19319984210345867,
                0.05683856894646782,
                0.2810772814259055,
                0.07443985343022198
            ],
            "frequencies": [
                0.611469768101546,
                1.8998566782028343,
                1.9488839584043214,
                1.2097125586857584,
                0.3437144059117949
            ],
            "weight_vectors": [
                [
                    0.683309504043183,
                    0.9412539220290125,
                    0.9715127399065931
                ],
                [
                    0.5778602965275927,
                    0.9895598578539574,
                    0.2674374111263935
                ],
                [
                    0.558597032866212,
                    0.01286183960845333,
                    0.7488405236755269
                ],
                [
                    0.8819583827522022,
                    0.01952336262022558,
                    0.32139908102478143
                ],
                [
                    0.026723209216901522,
                    0.7838889754550556,
                    0.5928182869371288
                ]
            ],
            "phases": [
                1.6156270734022,
                2.905256855461222,
                1.24782177857941,
                1.4303194988779317,
                3.9142800999672853
            ],
            "offset": -0.12934551572275696,
            "bounds": [
                [
                    2.1433851549299816,
                    3.589490827271614
                ],
                [
                    6.654661879097741,
                    7.396989077669523
                ],
                [
                    4.543262224804691,
                    5.049745995469001
                ]
            ],
            "minimum_value": 0.0,
            "active_dims": [
                0,
                2,
                3
            ]
        },
        {
            "type": "Gaussian",
            "mean": [
                4.469881690008544
            ],
            "std_dev": [
                1.1004574093722905
            ],
            "max_amplitude": 0.11293423026150468,
            "active_dims": [
                1
            ]
        },
        {
            "type": "Ramp",
            "coeff": [
                0.4677842413506166
            ],
            "min_value": 0.04545565840275598,
            "max_value": 0.05567520316851521,
            "bounds": [
                [
                    0.27391968646910503,
                    4.110264006682609
                ]
            ],
            "active_dims": [
                3
            ]
        },
        {
            "type": "Gaussian",
            "mean": [
                9.348796212494761,
                8.526244184331853,
                6.652859112989315
            ],
            "std_dev": [
                3.3272595244876677,
                3.943040282541989,
                1.3935784215422449
            ],
            "max_amplitude": 0.23827548924697153,
            "active_dims": [
                1,
                2,
                3
            ]
        },
        {
            "type": "Gaussian",
            "mean": [
                8.093739236157075
            ],
            "std_dev": [
                0.673099742776437
            ],
            "max_amplitude": 0.19905916753975292,
            "active_dims": [
                3
            ]
        },
        {
            "type": "Sinus",
            "amplitudes": [
                0.11453363992571722,
                0.22933112936338051,
                0.1631187217081092,
                0.14593172940789606
            ],
            "frequencies": [
                0.38688809861260454,
                1.560495508390019,
                1.482773442473399,
                0.5107941839146133
            ],
            "weight_vectors": [
                [
                    0.08354141602970644
                ],
                [
                    0.14484819856710662
                ],
                [
                    0.41619262866806295
                ],
                [
                    0.7323817134878847
                ]
            ],
            "phases": [
                0.1624048518853131,
                0.9056257464488998,
                5.54150594984046,
                0.35459642631672067
            ],
            "offset": 0.09412570069856742,
            "bounds": [
                [
                    8.357789918866544,
                    9.346309764089352
                ]
            ],
            "minimum_value": 0.0,
            "active_dims": [
                3
            ]
        },
        {
            "type": "Sinus",
            "amplitudes": [
                0.11421515795751055,
                0.1749556822376245,
                0.11966761478083882,
                0.1695033705344836,
                0.21155273842109748
            ],
            "frequencies": [
                0.8551471662973058,
                1.9776604478648174,
                1.5275167059922283,
                0.9684795434289325,
                1.60925941645311
            ],
            "weight_vectors": [
                [
                    0.3297976336059891
                ],
                [
                    0.8060572879817083
                ],
                [
                    0.7121469893528346
                ],
                [
                    0.06850929791416993
                ],
                [
                    0.6322776105273067
                ]
            ],
            "phases": [
                2.6255871009846063,
                2.1552957132845187,
                3.6082080245193846,
                4.072147065414491,
                1.2765586775206255
            ],
            "offset": -0.0386261479308785,
            "bounds": [
                [
                    6.251038376323275,
                    9.468251761528414
                ]
            ],
            "minimum_value": 0.0,
            "active_dims": [
                2
            ]
        },
        {
            "type": "Sinus",
            "amplitudes": [
                0.08285255909338816
            ],
            "frequencies": [
                1.9826370539332918
            ],
            "weight_vectors": [
                [
                    0.9875740433490091
                ]
            ],
            "phases": [
                1.3084071413158471
            ],
            "offset": 0.002153410048282838,