{
    "functions": [
        {
            "type": "Gaussian",
            "mean": [
                9.68985475592904
            ],
            "std_dev": [
                3.581815160443956
            ],
            "max_amplitude": 0.05478282715786451,
            "active_dims": [
                1
            ]
        },
        {
            "type": "Sinus",
            "amplitudes": [
                0.18570170659962293
            ],
            "frequencies": [
                0.4673221217227993
            ],
            "weight_vectors": [
                [
                    0.23392243045681227
                ]
            ],
            "phases": [
                0.5190269030504169
            ],
            "offset": 0.0245225507613796,
            "bounds": [
                [
                    1.4206936199453999,
                    6.765342954167645
                ]
            ],
            "minimum_value": 0.0,
            "active_dims": [
                1
            ]
        },
        {
            "type": "Sinus",
            "amplitudes": [
                0.1403462669743743,
                0.15457417452880765,
                0.1025043235136119
            ],
            "frequencies": [
                1.1906264755330964,
                1.3629853164315489,
                0.12473147346762485
            ],
            "weight_vectors": [
                [
                    0.6402280585323163,
                    0.9130995961912277
                ],
                [
                    0.556060220955527,
                    0.5354511129913677
                ],
                [
                    0.44325941547937386,
                    0.1391296654495523
                ]
            ],
            "phases": [
                0.5879714414558884,
                1.7746249506513985,
                3.1873831366068983
            ],
            "offset": -0.03479375821911071,
            "bounds": [
                [
                    6.871798510811895,
                    7.602002164175534
                ],
                [
                    5.088520917475963,
                    6.698637522177414
                ]
            ],
            "minimum_value": 0.0,
            "active_dims": [
                0,
                1
            ]
        },
        {
            "type": "Gaussian",
            "mean": [
                8.851680514664556
            ],
            "std_dev": [
                0.3216032483303901
            ],
            "max_amplitude": 0.12713800150061064,
            "active_dims": [
                1
            ]
        },
        {
            "type": "Sinus",
            "amplitudes": [
                0.23088479797397551,
                0.07647238704986371,
                0.11800731293337037,
                0.08190125644276887,
                0.06167309645884678
            ],
            "frequencies": [
                0.3767914884972825,
                1.1490707122127795,
                0.5618377349360273,
                0.9968908766643175,
                1.1016541565450464
            ],
            "weight_vectors": [
                [
                    0.5417730345282308
                ],
                [
                    0.9027811599332043
                ],
                [
                    0.39166643544557445
                ],
                [
                    0.5938476572560318
                ],
                [
                    0.8960179127379105
                ]
            ],
            "phases": [
                2.744711956320295,
                3.9310395446909867,
                3.30094020926283,
                3.330503104843041,
                4.899006356728939
            ],
            "offset": -0.028341426250101828,
            "bounds": [
                [
                    2.6933913121801862,
                    5.104367893677619
                ]
            ],
            "minimum_value": 0.0,
            "active_dims": [
                2
            ]
        },
        {
            "type": "StaticHypercube",
            "dimensions": [
                [
                    0.7462759784924119,
                    4.453197276965956
                ]
            ],
            "static_value": 0.16956085854431188,
            "active_dims": [
                0
            ]
        },
        {
            "type": "StaticHypercube",
            "dimensions": [
                [
                    0.21698374998782155,
                    5.305283535981911
                ]
            ],
            "static_value": 0.18108289716002515,
            "active_dims": [
                2
            ]
        },
        {
            "type": "Gaussian",
            "mean": [
                5.322412500725653
            ],
            "std_dev": [
                1.4999852905582145
            ],
            "max_amplitude": 0.10454560763070013,
            "active_dims": [
                1
            ]
        },
        {
            "type": "Sinus",
            "amplitudes": [
                0.16818267705912074,
                0.24597563339073727,
                0.12362573126189319,
                0.10435503014178878
            ],
            "frequencies": [
                0.40896264132214666,
                1.7777978668534717,
                0.5394191227145799,
                1.2544606620340524
            ],
            "weight_vectors": [
                [
                    0.5459815942856074
                ],
                [
                    0.22418098794063634
                ],
                [
                    0.6566376341398921
                ],
                [
                    0.7964643528714422
                ]
            ],
            "phases": [
                5.25720524424402,
                5.1314975903252025,
                1.9985317430207368,
                4.462070270846122
            ],
            "offset": -0.029437625488527328,
            "bounds": [
                [
                    4.175914318267258,
                    8.451251354848527
                ]
            ],
            "minimum_value": 0.0,
            "active_dims": [
                2
            ]
        },
        {
            "type": "Gaussian",
            "mean": [
                0.347450847545534,
                8.34177856813567
            ],
            "std_dev": [
                1.097736072048876,
                1.3958512254920419
            ],
            "max_amplitude": 0.053952386928175174,
            "active_dims": [
                0,
                2
            ]
        },
        {
            "type": "Sinus",
            "amplitudes": [
                0.06294587025341244,
                0.09636835879751153
            ],
            "frequencies": [
                0.11767879320476515,
                0.649113869337618
            ],
            "weight_vectors": [
                [
                    0.4051982721522879
                ],
                [
                    0.4456305462211577
                ]
            ],
            "phases": [
                1.5873369029226623,
                5.067167322121492
            ],
            "offset": -0.05967281277408183,
            "bounds": [
                [
                    1.1056351805415987,
                    6.125979628532063
                ]
            ],
            "minimum_value": 0.0,
            "active_dims": [
                0
            ]
        }
    ]
}