{
    "functions": [
        {
            "type": "Sinus",
            "amplitudes": [
                0.07419336677369204,
                0.1380028131654005,
                0.2263206551096018,
                0.16116462677350138,
                0.08978419964339718
            ],
            "frequencies": [
                1.3274604872213933,
                1.413978513359794,
                1.4654397401935022,
                0.7200355413334248,
                0.9509715405797998
            ],
            "weight_vectors": [
                [
                    0.619275676996665,
                    0.2709167780794438
                ],
                [
                    0.7348729201679741,
                    0.1889821298485318
                ],
                [
                    0.28237425382788983,
                    0.29146713895027776
                ],
                [
                    0.5176297089108057,
                    0.38586127824393923
                ],
                [
                    0.2319284538685925,
                    0.8062407620046818
                ]
            ],
            "phases": [
                0.12155653502597334,
                2.4985980292837078,
                5.899366430076827,
                5.635769005952723,
                2.275290958494302
            ],
            "offset": 0.12611161228673234,
            "bounds": [
                [
                    5.323487814359532,
                    8.457117172742963
                ],
                [
                    3.2291655154818466,
                    3.8077319527139646
                ]
            ],
            "minimum_value": 0.0,
            "active_dims": [
                0,
                1
            ]
        },
        {
            "type": "Gaussian",
            "mean": [
                6.098513996573499,
                1.9519509503942234
            ],
            "std_dev": [
                2.434963705791017,
                0.21880380915876402
            ],
            "max_amplitude": 0.1943462128572196,
            "active_dims": [
                0,
                3
            ]
        },
        {
            "type": "Sinus",
            "amplitudes": [
                0.18929073991438555,
                0.12075949208139151,
                0.0880164033384104
            ],
            "frequencies": [
                1.7084857492467518,
                0.8021940872756501,
                1.1748840924662642
            ],
            "weight_vectors": [
                [
                    0.3468443706460439,
                    0.3471430460683239,
                    0.6578571648923591
                ],
                [
                    0.792122928112791,
                    0.3922017973113634,
                    0.9708306160903415
                ],
                [
                    0.7066810485459158,
                    0.8545913970791775,
                    0.9215644610511777
                ]
            ],
            "phases": [
                5.6311421564482025,
                2.1556973565825714,
                2.506156971914455
            ],
            "offset": 0.06740286975533519,
            "bounds": [
                [
                    4.637077044273473,
                    7.467819187768983
                ],
                [
                    3.5666267649078915,
                    5.635523593576227
                ],
                [
                    2.2888154796226163,
                    7.606307972695102
                ]
            ],
            "minimum_value": 0.0,
            "active_dims": [
                1,
                2,
                3
            ]
        },
        {
            "type": "Gaussian",
            "mean": [
                0.9780191613907563
            ],
            "std_dev": [
                0.16240250171485013
            ],
            "max_amplitude": 0.1456901889491946,
            "active_dims": [
                0
            ]
        },
        {
            "type": "Ramp",
            "coeff": [
                0.6864693415775713,
                0.2656352364289196
            ],
            "min_value": 0.06436705306812378,
            "max_value": 0.18955709860305112,
            "bounds": [
                [
                    2.6233458939512078,
                    7.683993549254473
                ],
                [
                    5.933836192427676,
                    6.870206447213344
                ]
            ],
            "active_dims": [
                1,
                3
            ]
        },
        {
            "type": "Sinus",
            "amplitudes": [
                0.1742388966601528,
                0.19348532409199615,
                0.08629660359701424,
                0.06427001628612791,
                0.11120440205300186
            ],
            "frequencies": [
                0.7184716782829688,
                0.2066786577647774,
                1.8876795189463236,
                0.9852038484686955,
                1.9896195690831733
            ],
            "weight_vectors": [
                [
                    0.007557313723873249
                ],
                [
                    0.7801817013223976
                ],
                [
                    0.5245577440318313
                ],
                [
                    0.3356287757818025
                ],
                [
                    0.15868184030012988
                ]
            ],
            "phases": [
                3.980471898166031,
                2.5282865014490663,
                4.346638450265798,
                3.5384673508849827,
                1.057942308632681
            ],
            "offset": 0.01908944655471498,
            "bounds": [
                [
                    6.588982366035801,
                    9.515546415304026
                ]
            ],
            "minimum_value": 0.0,
            "active_dims": [
                0
            ]
        },
        {
            "type": "Gaussian",
            "mean": [
                1.3768167073908055
            ],
            "std_dev": [
                0.2165697296902438
            ],
            "max_amplitude": 0.17787401300492675,
            "active_dims": [
                2
            ]
        },
        {
            "type": "Ramp",
            "coeff": [
                0.0735868688227066,
                1.4457833271068585
            ],
            "min_value": 0.0963670320573455,
            "max_value": 0.11812316345644529,
            "bounds": [
                [
                    2.4518317278233956,
                    4.515856438195943
                ],
                [
                    3.9802503334805466,
                    8.972587251310667
                ]
            ],
            "active_dims": [
                1,
                2
            ]
        },
        {
            "type": "Gaussian",
            "mean": [
                9.3687378913232
            ],
            "std_dev": [
                1.4533874242925304
            ],
            "max_amplitude": 0.09289263045119155,
            "active_dims": [
                3
            ]
        },
        {
            "type": "Sinus",
            "amplitudes": [
                0.1987117815974956,
                0.23832075115441637,
                0.2555315356424149,
                0.146062057252833
            ],
            "frequencies": [
                0.3848333704912549,
                0.8865655025336173,
                1.793386387617014,
                1.9408659796206904
            ],