{
    "functions": [
        {
            "type": "Ramp",
            "coeff": [
                0.1673318207701373
            ],
            "min_value": 0.09718924780110227,
            "max_value": 0.10095186861282542,
            "bounds": [
                [
                    2.211429243726491,
                    9.14548692049592
                ]
            ],
            "active_dims": [
                1
            ]
        },
        {
            "type": "StaticHypercube",
            "dimensions": [
                [
                    2.072308769802104,
                    2.620497423254043
                ],
                [
                    0.9431345702385141,
                    6.149260728068345
                ],
                [
                    5.677702500039807,
                    8.710789875423083
                ]
            ],
            "static_value": 0.1079242891790895,
            "active_dims": [
                0,
                1,
                2
            ]
        },
        {
            "type": "Ramp",
            "coeff": [
                0.7176401542010189
            ],
            "min_value": 0.0439153870868327,
            "max_value": 0.1082477751785827,
            "bounds": [
                [
                    4.1803819893755145,
                    6.575248513230136
                ]
            ],
            "active_dims": [
                2
            ]
        },
        {
            "type": "Sinus",
            "amplitudes": [
                0.2258392208872011,
                0.09518704310719166,
                0.13902190535536993
            ],
            "frequencies": [
                0.5128293631842537,
                0.5661751819844186,
                1.6121740054795033
            ],
            "weight_vectors": [
                [
                    0.9028118459872476,
                    0.5375014817017365
                ],
                [
                    0.09894442813170345,
                    0.8125945489088434
                ],
                [
                    0.5300534116638986,
                    0.6950708555045416
                ]
            ],
            "phases": [
                4.5359095673561045,
                5.896834080689919,
                5.494167652297242
            ],
            "offset": -0.11118328008297242,
            "bounds": [
                [
                    1.2469177581263087,
                    5.406337560978299
                ],
                [
                    0.44687178933760274,
                    2.4642824272992794
                ]
            ],
            "minimum_value": 0.0,
            "active_dims": [
                1,
                2
            ]
        },
        {
            "type": "Gaussian",
            "mean": [
                9.093006622964717,
                8.731502566941069
            ],
            "std_dev": [
                1.047558492422999,
                3.824094910020059
            ],
            "max_amplitude": 0.17594814727744632,
            "active_dims": [
                0,
                1
            ]
        },
        {
            "type": "Sinus",
            "amplitudes": [
                0.18390835995321458,
                0.09073203148903491
            ],
            "frequencies": [
                0.6663202433629986,
                0.3415630288485737
            ],
            "weight_vectors": [
                [
                    0.8439821316397432
                ],
                [
                    0.32875701614259145
                ]
            ],
            "phases": [
                0.6970784705453019,
                5.772718798843012
            ],
            "offset": -0.12697265207578787,
            "bounds": [
                [
                    1.9211166192783506,
                    4.904936777965311
                ]
            ],
            "minimum_value": 0.0,
            "active_dims": [
                1
            ]
        },
        {
            "type": "StaticHypercube",
            "dimensions": [
                [
                    8.920389250650903,
                    9.732056351182342
                ]
            ],
            "static_value": 0.11714990779887222,
            "active_dims": [
                0
            ]
        },
        {
            "type": "Sinus",
            "amplitudes": [
                0.06108396019945041,
                0.26435253334490694,
                0.20639735137055173,
                0.15015308754641374,
                0.09797854532015089
            ],
            "frequencies": [
                0.6944488397008847,
                1.7364037454187182,
                0.37060448351285946,
                1.7704411913808673,
                1.5407337262099141
            ],
            "weight_vectors": [
                [
                    0.3756554606230915
                ],
                [
                    0.0071538258880377015
                ],
                [
                    0.050402740750721375
                ],
                [
                    0.8227646207266283
                ],
                [
                    0.9685839284015374
                ]
            ],
            "phases": [
                4.794873896589223,
                3.1476355709205883,
                1.930275765914233,
                3.171408678923208,
                5.47300832311883
            ],
            "offset": 0.08992712156396304,
            "bounds": [
                [
                    0.38149209706116,
                    3.267020106590001
                ]
            ],
            "minimum_value": 0.0,
            "active_dims": [
                0
            ]
        },
        {
            "type": "Sinus",
            "amplitudes": [
                0.2658262931564223,
                0.254441028911896
            ],
            "frequencies": [
                0.8261402969698385,
                0.45317632449158307
            ],
            "weight_vectors": [
                [
                    0.06260925718039012,
                    0.3375684730702272
                ],
                [
                    0.16002545559720538,
                    0.7226689495322585
                ]
            ],
            "phases": [
                3.3235335423537133,
                1.445645120979532
            ],
            "offset": -0.06325985047153183,
            "bounds": [
                [
                    2.8040066606571004,
                    3.7745052548386715
                ],
                [
                    4.798720061030599,
                    7.261853540123477
                ]
            ],
            "minimum_value": 0.0,
            "active_dims": [
                2,
                3
            ]
        },
        {
            "type": "Gaussian",
            "mean": [
                9.42575323296015
            ],
            "std_dev": [
                3.012709028538495
            ],
            "max_amplitude": 0.15757969286733667,
            "active_dims": [
                2
            ]
        },
        {
            "type": "Sinus",
            "amplitudes": [
                0.037622993272805674,
                0.2337097407946143,
                0.2673028253325054,
                0.11331599144738805,
                0.05151868973656399
            ],
            "frequencies": [
                1.5884280857297997,
                1.074074309102803,
                0.1422608359400646,
                1.480054555139052,
                1.2497455702599751
            ],