{
    "functions": [
        {
            "type": "Sinus",
            "amplitudes": [
                0.19633966820717683
            ],
            "frequencies": [
                0.856137773031677
            ],
            "weight_vectors": [
                [
                    0.9127222899351977
                ]
            ],
            "phases": [
                4.428785452593227
            ],
            "offset": -0.047085952941769676,
            "bounds": [
                [
                    3.9885914445041504,
                    6.431139527465779
                ]
            ],
            "minimum_value": 0.0,
            "active_dims": [
                2
            ]
        },
        {
            "type": "Gaussian",
            "mean": [
                4.326637404140749
            ],
            "std_dev": [
                1.4128484202595932
            ],
            "max_amplitude": 0.19579648405001032,
            "active_dims": [
                0
            ]
        },
        {
            "type": "Ramp",
            "coeff": [
                1.2182728549180093
            ],
            "min_value": 0.0776309711275093,
            "max_value": 0.16178894869689672,
            "bounds": [
                [
                    8.750760288473018,
                    8.768852515550567
                ]
            ],
            "active_dims": [
                2
            ]
        },
        {
            "type": "Sinus",
            "amplitudes": [
                0.15657141629623844,
                0.20345275251177772,
                0.1046048418010941
            ],
            "frequencies": [
                0.22271972177045482,
                0.6394755970111894,
                0.31999966428326754
            ],
            "weight_vectors": [
                [
                    0.9634304149536288
                ],
                [
                    0.6156738730774998
                ],
                [
                    0.8625839693020417
                ]
            ],
            "phases": [
                3.5174358012459024,
                2.2975450531181902,
                4.7176855110952856
            ],
            "offset": 0.023136642712300537,
            "bounds": [
                [
                    8.05527554684647,
                    9.952046365072967
                ]
            ],
            "minimum_value": 0.0,
            "active_dims": [
                1
            ]
        },
        {
            "type": "Gaussian",
            "mean": [
                1.0068735287665154,
                8.58258123227989
            ],
            "std_dev": [
                0.7794876965157754,
                0.10393582601051206
            ],
            "max_amplitude": 0.15536902303419067,
            "active_dims": [
                1,
                3
            ]
        },
        {
            "type": "Ramp",
            "coeff": [
                0.046338834122339634
            ],
            "min_value": 0.1095066557496748,
            "max_value": 0.11985019230319618,
            "bounds": [
                [
                    6.922622322380464,
                    9.557990081408697
                ]
            ],
            "active_dims": [
                1
            ]
        },
        {
            "type": "Ramp",
            "coeff": [
                0.27152171373844913
            ],
            "min_value": 0.06425653525623068,
            "max_value": 0.2229392711002384,
            "bounds": [
                [
                    4.0509345690453715,
                    7.824235401362967
                ]
            ],
            "active_dims": [
                2
            ]
        },
        {
            "type": "Sinus",
            "amplitudes": [
                0.2347935281351631,
                0.037495824399852155,
                0.13064303687935158
            ],
            "frequencies": [
                0.8216248136070581,
                0.8230981653772688,
                0.30697499737442646
            ],
            "weight_vectors": [
                [
                    0.714015396668201
                ],
                [
                    0.4865717713021802
                ],
                [
                    0.23274440122166595
                ]
            ],
            "phases": [
                1.2508963901415793,
                0.7599394831918744,
                5.188530780415681
            ],
            "offset": -0.0751878179647742,
            "bounds": [
                [
                    7.1437659888222225,
                    8.101609343007212
                ]
            ],
            "minimum_value": 0.0,
            "active_dims": [
                1
            ]
        },
        {
            "type": "Gaussian",
            "mean": [
                2.4733143502663903
            ],
            "std_dev": [
                1.6178895818615562
            ],
            "max_amplitude": 0.21010618987541166,
            "active_dims": [
                3
            ]
        },
        {
            "type": "Gaussian",
            "mean": [
                3.282831975255095
            ],
            "std_dev": [
                3.5862411183577554
            ],
            "max_amplitude": 0.2593390833780062,
            "active_dims": [
                2
            ]
        },
        {
            "type": "Gaussian",
            "mean": [
                9.946821313305271,
                9.228358158846328
            ],
            "std_dev": [
                2.0100856903407163,
                0.33853793197828097
            ],
            "max_amplitude": 0.27764209893254954,
            "active_dims": [
                2,
                3
            ]
        }
    ]
}