{
    "functions": [
        {
            "type": "StaticHypercube",
            "dimensions": [
                [
                    5.109695983577242,
                    7.2318959441744575
                ],
                [
                    2.0954137392373453,
                    6.274883165375352
                ]
            ],
            "static_value": 0.14777699492857693,
            "active_dims": [
                0,
                3
            ]
        },
        {
            "type": "Ramp",
            "coeff": [
                1.241796615413718,
                1.1909119524632037
            ],
            "min_value": 0.07037636519922663,
            "max_value": 0.0990269388275378,
            "bounds": [
                [
                    6.700839543955358,
                    9.683437630270353
                ],
                [
                    5.180513114895075,
                    6.556919286469045
                ]
            ],
            "active_dims": [
                2,
                3
            ]
        },
        {
            "type": "Sinus",
            "amplitudes": [
                0.10266995884956834,
                0.1831245764363316,
                0.12106252027826842,
                0.13357185923767656,
                0.19311927887598962
            ],
            "frequencies": [
                1.108541199734708,
                0.766687980806273,
                1.862609758266545,
                0.4757448994932091,
                1.2586959102269268
            ],
            "weight_vectors": [
                [
                    0.3892800089934265
                ],
                [
                    0.8021974209474099
                ],
                [
                    0.3131728389985837
                ],
                [
                    0.10676353110747483
                ],
                [
                    0.5946183331762279
                ]
            ],
            "phases": [
                2.389823153105655,
                5.632268288366946,
                4.910666471633623,
                0.5135190130471315,
                0.18697952128265025
            ],
            "offset": 0.1098806220746595,
            "bounds": [
                [
                    0.18723731045344869,
                    2.475653422959357
                ]
            ],
            "minimum_value": 0.0,
            "active_dims": [
                0
            ]
        },
        {
            "type": "Ramp",
            "coeff": [
                1.3759094428706438
            ],
            "min_value": 0.05443373389096492,
            "max_value": 0.16235405696786895,
            "bounds": [
                [
                    3.8608475572627583,
                    7.128393874662068
                ]
            ],
            "active_dims": [
                1
            ]
        },
        {
            "type": "Sinus",
            "amplitudes": [
                0.0851151329741689,
                0.13583194657792766
            ],
            "frequencies": [
                1.1921223395653338,
                0.662545763942959
            ],
            "weight_vectors": [
                [
                    0.9749366393049959,
                    0.24743083222920215
                ],
                [
                    0.051994309492415236,
                    0.18405809728163258
                ]
            ],
            "phases": [
                5.9821982617834975,
                3.183365027449558
            ],
            "offset": -0.06208945774359695,
            "bounds": [
                [
                    4.781712618494587,
                    8.436976080214386
                ],
                [
                    8.036422074385513,
                    8.883927308685466
                ]
            ],
            "minimum_value": 0.0,
            "active_dims": [
                1,
                3
            ]
        },
        {
            "type": "Gaussian",
            "mean": [
                8.890296370244942,
                2.002570836155353,
                7.649028408969139
            ],
            "std_dev": [
                2.548047168775525,
                3.4491230270397955,
                1.5545310095128553
            ],
            "max_amplitude": 0.15573590708900759,
            "active_dims": [
                0,
                1,
                3
            ]
        },
        {
            "type": "Ramp",
            "coeff": [
                1.074174180974404
            ],
            "min_value": 0.08240051911009758,
            "max_value": 0.20666118360767852,
            "bounds": [
                [
                    0.9269578581464123,
                    6.766026118878756
                ]
            ],
            "active_dims": [
                0
            ]
        },
        {
            "type": "Gaussian",
            "mean": [
                4.209502108978739
            ],
            "std_dev": [
                2.7629179020533856
            ],
            "max_amplitude": 0.10271220510698852,
            "active_dims": [
                1
            ]
        },
        {
            "type": "Gaussian",
            "mean": [
                0.9896850358314524
            ],
            "std_dev": [
                2.081311101152473
            ],
            "max_amplitude": 0.11835316422914906,
            "active_dims": [
                3
            ]
        },
        {
            "type": "Gaussian",
            "mean": [
                3.21298300309698,
                0.67835406492888
            ],
            "std_dev": [
                3.1464817728060126,
                2.479918301983427
            ],
            "max_amplitude": 0.11091855788184223,
            "active_dims": [
                0,
                1
            ]
        },
        {
            "type": "Gaussian",
            "mean": [
                4.4661560801764235,
                8.280580851351898
            ],
            "std_dev": [
                1.3751772458155065,
                3.080883464928972
            ],
            "max_amplitude": 0.20370680551320236,
            "active_dims": [
                0,
                1
            ]
        }
    ]
}