{
    "functions": [
        {
            "type": "Ramp",
            "coeff": [
                0.7330299495400687,
                0.6520565336766886,
                0.8077886614546486
            ],
            "min_value": 0.02600703148068006,
            "max_value": 0.09188779575181474,
            "bounds": [
                [
                    3.3087326069305294,
                    9.01107413099019
                ],
                [
                    3.0695172979672694,
                    6.5619219663495905
                ],
                [
                    5.640291114756156,
                    6.791761268477958
                ]
            ],
            "active_dims": [
                1,
                2,
                3
            ]
        },
        {
            "type": "Gaussian",
            "mean": [
                6.647911135768235
            ],
            "std_dev": [
                3.541541610230076
            ],
            "max_amplitude": 0.14468346095383194,
            "active_dims": [
                1
            ]
        },
        {
            "type": "Sinus",
            "amplitudes": [
                0.08768029299235677,
                0.06887400540372067,
                0.06879940890817757,
                0.16088140134675818
            ],
            "frequencies": [
                0.5117300832022634,
                0.2799297240113984,
                1.6116499605890042,
                0.8047184283936865
            ],
            "weight_vectors": [
                [
                    0.9528767147108732
                ],
                [
                    0.3436315778925598
                ],
                [
                    0.865099816318328
                ],
                [
                    0.830277712198797
                ]
            ],
            "phases": [
                2.258366280043925,
                1.645770477537048,
                5.1457090288634815,
                6.189708056279843
            ],
            "offset": -0.01703566420943081,
            "bounds": [
                [
                    0.05275697429078441,
                    1.9594604338483737
                ]
            ],
            "minimum_value": 0.0,
            "active_dims": [
                3
            ]
        },
        {
            "type": "Sinus",
            "amplitudes": [
                0.06895310430333729,
                0.042390182401982175,
                0.09899714802235153,
                0.05631624698190108,
                0.14792704455860703
            ],
            "frequencies": [
                1.0027548433544347,
                1.0470582604655962,
                1.7642116641240484,
                0.6914588328426138,
                1.7529819767489925
            ],
            "weight_vectors": [
                [
                    0.324607996437537
                ],
                [
                    0.11757809302799405
                ],
                [
                    0.05110099639577459
                ],
                [
                    0.6376586528178253
                ],
                [
                    0.8122658949111644
                ]
            ],
            "phases": [
                4.339984181016796,
                4.292107065935795,
                0.037351704456811755,
                0.527905215130423,
                0.20091560971170805
            ],
            "offset": -0.038519499665261706,
            "bounds": [
                [
                    4.803349882725956,
                    9.003074066016257
                ]
            ],
            "minimum_value": 0.0,
            "active_dims": [
                0
            ]
        },
        {
            "type": "Ramp",
            "coeff": [
                1.5489576251125674
            ],
            "min_value": 0.10105440115145414,
            "max_value": 0.22028776198997727,
            "bounds": [
                [
                    6.263150625910131,
                    7.388369435233609
                ]
            ],
            "active_dims": [
                3
            ]
        },
        {
            "type": "StaticHypercube",
            "dimensions": [
                [
                    4.5181688053421185,
                    9.455507840698974
                ],
                [
                    2.274607569393073,
                    7.180030807780144
                ]
            ],
            "static_value": 0.20586721719159207,
            "active_dims": [
                0,
                1
            ]
        },
        {
            "type": "Gaussian",
            "mean": [
                3.3755660336478135
            ],
            "std_dev": [
                0.36345559233692337
            ],
            "max_amplitude": 0.09708421718866518,
            "active_dims": [
                1
            ]
        },
        {
            "type": "Gaussian",
            "mean": [
                2.786705097486406
            ],
            "std_dev": [
                3.31555623544411
            ],
            "max_amplitude": 0.18520406854723206,
            "active_dims": [
                3
            ]
        },
        {
            "type": "Gaussian",
            "mean": [
                1.121926421254128,
                9.810313716550125,
                9.010503736088337
            ],
            "std_dev": [
                1.3447053212892668,
                0.4729373268359951,
                2.6479077243145768
            ],
            "max_amplitude": 0.17430851620282595,
            "active_dims": [
                0,
                2,
                3
            ]
        },
        {
            "type": "StaticHypercube",
            "dimensions": [
                [
                    3.9309372387441024,
                    5.363440499205696
                ]
            ],
            "static_value": 0.12730399213074556,
            "active_dims": [
                1
            ]
        },
        {
            "type": "Gaussian",
            "mean": [
                6.604080959839596,
                5.5233708465935125
            ],
            "std_dev": [
                2.1878545577072663,
                1.4039840807932171
            ],
            "max_amplitude": 0.09646060701988271,
            "active_dims": [
                2,
                3
            ]
        }
    ]
}