{
    "functions": [
        {
            "type": "Sinus",
            "amplitudes": [
                0.07470159121972722,
                0.16432372663043507,
                0.08815966903706639,
                0.10886615855034716
            ],
            "frequencies": [
                1.0438626056472733,
                1.7565817002109372,
                1.3855731318277966,
                1.4433889044590835
            ],
            "weight_vectors": [
                [
                    0.5361085251544213
                ],
                [
                    0.1731619728199083
                ],
                [
                    0.16593757833201583
                ],
                [
                    0.1104694723853159
                ]
            ],
            "phases": [
                1.1498928740879566,
                1.952024077081691,
                5.744832277664927,
                6.215909111364229
            ],
            "offset": 0.0974636901641608,
            "bounds": [
                [
                    2.769389254039626,
                    5.603390807614874
                ]
            ],
            "minimum_value": 0.0,
            "active_dims": [
                2
            ]
        },
        {
            "type": "Gaussian",
            "mean": [
                3.582854928312619
            ],
            "std_dev": [
                2.9298156595572302
            ],
            "max_amplitude": 0.14094206530532072,
            "active_dims": [
                0
            ]
        },
        {
            "type": "StaticHypercube",
            "dimensions": [
                [
                    6.623453071703921,
                    9.520127597406102
                ]
            ],
            "static_value": 0.017174187820767916,
            "active_dims": [
                1
            ]
        },
        {
            "type": "Sinus",
            "amplitudes": [
                0.14737400096226158,
                0.05018250990593602,
                0.12801242143970065,
                0.12267861150710609,
                0.09467891078259598
            ],
            "frequencies": [
                0.8183551283262714,
                0.6483669626019805,
                1.7797237277365625,
                1.6453800176769438,
                1.0939941631827093
            ],
            "weight_vectors": [
                [
                    0.3070840207955148
                ],
                [
                    0.6191454398430698
                ],
                [
                    0.9992306377558419
                ],
                [
                    0.7480224219358192
                ],
                [
                    0.5385694636735573
                ]
            ],
            "phases": [
                5.673495300264497,
                3.563419319622127,
                2.2474500815976985,
                4.434555401275007,
                3.550669922812654
            ],
            "offset": 0.09837039139181546,
            "bounds": [
                [
                    7.168694364880374,
                    8.490955384061543
                ]
            ],
            "minimum_value": 0.0,
            "active_dims": [
                3
            ]
        },
        {
            "type": "Gaussian",
            "mean": [
                5.47862352365904
            ],
            "std_dev": [
                0.8938401045141365
            ],
            "max_amplitude": 0.17385686289918695,
            "active_dims": [
                0
            ]
        },
        {
            "type": "StaticHypercube",
            "dimensions": [
                [
                    6.077213616054345,
                    8.269909275408574
                ]
            ],
            "static_value": 0.09269327835745697,
            "active_dims": [
                1
            ]
        },
        {
            "type": "Gaussian",
            "mean": [
                0.7649728175723913,
                5.713533384845041
            ],
            "std_dev": [
                1.296268402368132,
                2.6607232931521034
            ],
            "max_amplitude": 0.06381143982255483,
            "active_dims": [
                1,
                2
            ]
        },
        {
            "type": "Gaussian",
            "mean": [
                9.19087835465615
            ],
            "std_dev": [
                2.0193081133598914
            ],
            "max_amplitude": 0.15782411802233018,
            "active_dims": [
                0
            ]
        },
        {
            "type": "Gaussian",
            "mean": [
                0.4361928467650489,
                8.811229483675051
            ],
            "std_dev": [
                1.0176907571313067,
                0.5691972029400376
            ],
            "max_amplitude": 0.11548273723539662,
            "active_dims": [
                0,
                3
            ]
        },
        {
            "type": "StaticHypercube",
            "dimensions": [
                [
                    3.9768577927310798,
                    7.536803805432621
                ]
            ],
            "static_value": 0.017220573369237525,
            "active_dims": [
                3
            ]
        },
        {
            "type": "Gaussian",
            "mean": [
                8.378859946732192
            ],
            "std_dev": [
                2.185984884701564
            ],
            "max_amplitude": 0.1384226205403835,
            "active_dims": [
                0
            ]
        }
    ]
}