{
    "functions": [
        {
            "type": "Sinus",
            "amplitudes": [
                0.13893632269864228,
                0.10946752691114522,
                0.08345377681043284,
                0.09553497690725102,
                0.10398898749303212
            ],
            "frequencies": [
                0.5637412288316843,
                0.4479249354528926,
                0.3761105098223174,
                0.5137371968387535,
                1.9638903966820314
            ],
            "weight_vectors": [
                [
                    0.2670245053477077,
                    0.06879344110653762
                ],
                [
                    0.21869087375359275,
                    0.4759018461979072
                ],
                [
                    0.10614864730775486,
                    0.971701820029062
                ],
                [
                    0.11584579069972067,
                    0.38105950378577313
                ],
                [
                    0.5885880722204764,
                    0.3865806019326137
                ]
            ],
            "phases": [
                0.8930455647139636,
                5.962473699810484,
                5.210838983163587,
                4.351874220760113,
                0.09429319532264852
            ],
            "offset": -0.05623423239684859,
            "bounds": [
                [
                    4.243243823501271,
                    8.950545635409192
                ],
                [
                    8.516886926762492,
                    9.689536152791167
                ]
            ],
            "minimum_value": 0.0,
            "active_dims": [
                1,
                2
            ]
        },
        {
            "type": "Gaussian",
            "mean": [
                2.769056752256712
            ],
            "std_dev": [
                3.5770395324289983
            ],
            "max_amplitude": 0.06850324779316397,
            "active_dims": [
                1
            ]
        },
        {
            "type": "Gaussian",
            "mean": [
                1.9189267961235834
            ],
            "std_dev": [
                2.723833592401146
            ],
            "max_amplitude": 0.09194913530497438,
            "active_dims": [
                0
            ]
        },
        {
            "type": "Gaussian",
            "mean": [
                8.461088891471102
            ],
            "std_dev": [
                2.3333393219206906
            ],
            "max_amplitude": 0.13126162934508903,
            "active_dims": [
                3
            ]
        },
        {
            "type": "StaticHypercube",
            "dimensions": [
                [
                    5.171696684254227,
                    9.581861669028484
                ]
            ],
            "static_value": 0.06734364260197645,
            "active_dims": [
                1
            ]
        },
        {
            "type": "Sinus",
            "amplitudes": [
                0.10779490664714632
            ],
            "frequencies": [
                0.8947814095403963
            ],
            "weight_vectors": [
                [
                    0.6790607551691955
                ]
            ],
            "phases": [
                1.6697056958228815
            ],
            "offset": -0.08767707546219933,
            "bounds": [
                [
                    0.4850484083830751,
                    2.1322356603956343
                ]
            ],
            "minimum_value": 0.0,
            "active_dims": [
                1
            ]
        },
        {
            "type": "Sinus",
            "amplitudes": [
                0.053961045742890776,
                0.07870139549306777,
                0.0616714705473676,
                0.14266499344308103
            ],
            "frequencies": [
                0.6217989134561878,
                1.8584563990062282,
                0.8110935620846427,
                0.8906565414722676
            ],
            "weight_vectors": [
                [
                    0.791864285933451
                ],
                [
                    0.4556020095863552
                ],
                [
                    0.26716779892657205
                ],
                [
                    0.5192970209080074
                ]
            ],
            "phases": [
                4.3152606972357,
                3.2018574185489816,
                0.7500727271885118,
                6.2407001161225635
            ],
            "offset": -0.032738509893569266,
            "bounds": [
                [
                    2.7202056060732875,
                    6.1819209426620265
                ]
            ],
            "minimum_value": 0.0,
            "active_dims": [
                1
            ]
        },
        {
            "type": "StaticHypercube",
            "dimensions": [
                [
                    2.7514085553114964,
                    4.688747118086601
                ],
                [
                    4.86695918799139,
                    8.602630903565595
                ]
            ],
            "static_value": 0.08572917221357271,
            "active_dims": [
                1,
                2
            ]
        },
        {
            "type": "StaticHypercube",
            "dimensions": [
                [
                    2.837905877987788,
                    8.846556138328006
                ]
            ],
            "static_value": 0.15550448515166646,
            "active_dims": [
                0
            ]
        },
        {
            "type": "StaticHypercube",
            "dimensions": [
                [
                    2.417142096957648,
                    7.229283840541276
                ]
            ],
            "static_value": 0.13666024340159016,
            "active_dims": [
                1
            ]
        },
        {
            "type": "Ramp",
            "coeff": [
                0.2049993562776411
            ],
            "min_value": 0.08813023085421501,
            "max_value": 0.11656770599825284,
            "bounds": [
                [
                    3.2595369162641252,
                    9.83090294575147
                ]
            ],
            "active_dims": [
                1
            ]
        }
    ]
}