{
    "functions": [
        {
            "type": "Sinus",
            "amplitudes": [
                0.13348638679458807,
                0.12053854533581085,
                0.12248070172085777,
                0.10089016279019446,
                0.07685627118915145
            ],
            "frequencies": [
                1.6376279598801737,
                0.29988966639401227,
                0.8671268651960501,
                0.42327103167006985,
                1.125154671755615
            ],
            "weight_vectors": [
                [
                    0.22421933023372076
                ],
                [
                    0.19327244529968202
                ],
                [
                    0.5552835903927064
                ],
                [
                    0.30069863571026534
                ],
                [
                    0.7699521421758126
                ]
            ],
            "phases": [
                0.9318011808830385,
                3.4855715326750913,
                3.219260184940424,
                3.9067447953273877,
                3.5438456191475645
            ],
            "offset": 0.01071008660077448,
            "bounds": [
                [
                    4.292273325448772,
                    5.64234378541744
                ]
            ],
            "minimum_value": 0.0,
            "active_dims": [
                2
            ]
        },
        {
            "type": "Ramp",
            "coeff": [
                0.009554690067137717
            ],
            "min_value": 0.08394710306591471,
            "max_value": 0.18573346932371645,
            "bounds": [
                [
                    6.36938152744205,
                    8.413854177667348
                ]
            ],
            "active_dims": [
                3
            ]
        },
        {
            "type": "StaticHypercube",
            "dimensions": [
                [
                    5.167637837885174,
                    7.710414450516222
                ],
                [
                    1.5616026680119883,
                    6.590219770596952
                ]
            ],
            "static_value": 0.1697961553106532,
            "active_dims": [
                0,
                3
            ]
        },
        {
            "type": "Gaussian",
            "mean": [
                8.138725332987079,
                7.424568164264783
            ],
            "std_dev": [
                2.7678706623081046,
                1.5948083474809904
            ],
            "max_amplitude": 0.1655568101230608,
            "active_dims": [
                0,
                2
            ]
        },
        {
            "type": "StaticHypercube",
            "dimensions": [
                [
                    2.937879941808078,
                    9.508314165453202
                ],
                [
                    0.1889198804671794,
                    5.822171236753869
                ]
            ],
            "static_value": 0.057066740474910185,
            "active_dims": [
                0,
                2
            ]
        },
        {
            "type": "StaticHypercube",
            "dimensions": [
                [
                    4.510147656166666,
                    7.192685793810485
                ],
                [
                    3.941101815361114,
                    9.744022112974626
                ]
            ],
            "static_value": 0.1772196171645374,
            "active_dims": [
                1,
                2
            ]
        },
        {
            "type": "Ramp",
            "coeff": [
                1.920445649058192,
                0.7690568046679849
            ],
            "min_value": 0.03562728553789685,
            "max_value": 0.09412840721444343,
            "bounds": [
                [
                    5.573571740638826,
                    7.854602828720001
                ],
                [
                    2.1478563354608653,
                    7.313930597286404
                ]
            ],
            "active_dims": [
                0,
                1
            ]
        },
        {
            "type": "Ramp",
            "coeff": [
                0.7096565233695613,
                0.8823460678297288
            ],
            "min_value": 0.11150244197408003,
            "max_value": 0.19883884868348972,
            "bounds": [
                [
                    3.014519802742209,
                    4.548816644669778
                ],
                [
                    2.6508709045067778,
                    5.000525826318345
                ]
            ],
            "active_dims": [
                0,
                2
            ]
        },
        {
            "type": "Gaussian",
            "mean": [
                0.8353955148891201,
                9.573259337676395
            ],
            "std_dev": [
                2.338369755713064,
                0.32779634545005176
            ],
            "max_amplitude": 0.13190599553416948,
            "active_dims": [
                1,
                3
            ]
        },
        {
            "type": "Ramp",
            "coeff": [
                0.5261044973386286
            ],
            "min_value": 0.09166052249122922,
            "max_value": 0.18728224699399784,
            "bounds": [
                [
                    3.826324192382861,
                    7.11075422428855
                ]
            ],
            "active_dims": [
                3
            ]
        },
        {
            "type": "Ramp",
            "coeff": [
                1.4314485844328555,
                1.9033692842561747
            ],
            "min_value": 0.04799292121814887,
            "max_value": 0.0919554528312064,
            "bounds": [
                [
                    2.218605801715359,
                    7.790076140120883
                ],
                [
                    3.336365986901197,
                    6.599217041220477
                ]
            ],
            "active_dims": [
                0,
                2
            ]
        }
    ]
}