{
    "functions": [
        {
            "type": "Sinus",
            "amplitudes": [
                0.19934053384988598,
                0.12813356269869658,
                0.23230032676855272,
                0.15641750879872127
            ],
            "frequencies": [
                1.52499702343037,
                0.21610312974316204,
                1.3512814599663174,
                0.4962083067606795
            ],
            "weight_vectors": [
                [
                    0.5786224601952583,
                    0.13588434421025164
                ],
                [
                    0.5751450791679286,
                    0.0427086721299631
                ],
                [
                    0.813874693501739,
                    0.28621386584956576
                ],
                [
                    0.9469014293411236,
                    0.8259550382592944
                ]
            ],
            "phases": [
                2.8986470743997583,
                5.078296133471268,
                3.2673707054468006,
                4.559776810823605
            ],
            "offset": 0.1352573071444872,
            "bounds": [
                [
                    3.3427653052684594,
                    5.098082173385743
                ],
                [
                    2.1115162623851047,
                    3.85897753711288
                ]
            ],
            "minimum_value": 0.0,
            "active_dims": [
                0,
                2
            ]
        },
        {
            "type": "Gaussian",
            "mean": [
                4.730096052257002,
                9.426590870279908
            ],
            "std_dev": [
                2.4514366137551424,
                2.2435318754587956
            ],
            "max_amplitude": 0.14702216460558568,
            "active_dims": [
                1,
                2
            ]
        },
        {
            "type": "StaticHypercube",
            "dimensions": [
                [
                    4.847766720279134,
                    6.806706905349184
                ]
            ],
            "static_value": 0.0922971084598828,
            "active_dims": [
                1
            ]
        },
        {
            "type": "Ramp",
            "coeff": [
                0.4586033633244615
            ],
            "min_value": 0.14640600635422102,
            "max_value": 0.19193605003733147,
            "bounds": [
                [
                    2.9408202898888236,
                    7.2774647522691485
                ]
            ],
            "active_dims": [
                1
            ]
        },
        {
            "type": "Sinus",
            "amplitudes": [
                0.0864987980906642,
                0.08469219394227999,
                0.24163984419562134,
                0.18352899295699543
            ],
            "frequencies": [
                0.1527915207072716,
                0.6103383561375992,
                1.8534490534240335,
                1.5547583603457598
            ],
            "weight_vectors": [
                [
                    0.09680351452286629
                ],
                [
                    0.9271922838734684
                ],
                [
                    0.4561004965346711
                ],
                [
                    0.5321147571612668
                ]
            ],
            "phases": [
                3.557930029054776,
                5.173983712514712,
                0.7268310303862265,
                4.661117992043272
            ],
            "offset": -0.10089247331023068,
            "bounds": [
                [
                    9.293748214093366,
                    9.924015814112542
                ]
            ],
            "minimum_value": 0.0,
            "active_dims": [
                3
            ]
        },
        {
            "type": "Ramp",
            "coeff": [
                0.8748104071560994
            ],
            "min_value": 0.12281339167413365,
            "max_value": 0.2972382898398218,
            "bounds": [
                [
                    5.914724120795735,
                    6.820420914601713
                ]
            ],
            "active_dims": [
                0
            ]
        },
        {
            "type": "Ramp",
            "coeff": [
                1.7584326797387655
            ],
            "min_value": 0.03704332115513878,
            "max_value": 0.05160690598367445,
            "bounds": [
                [
                    0.3111048925931408,
                    2.861447215968904
                ]
            ],
            "active_dims": [
                3
            ]
        },
        {
            "type": "Gaussian",
            "mean": [
                2.122681212073233
            ],
            "std_dev": [
                3.3125619906827244
            ],
            "max_amplitude": 0.167343131377306,
            "active_dims": [
                1
            ]
        },
        {
            "type": "Ramp",
            "coeff": [
                1.8169125507430648,
                0.9186777282617504,
                1.1834982616889793
            ],
            "min_value": 0.09444286524518768,
            "max_value": 0.1413387462228981,
            "bounds": [
                [
                    2.49184148122645,
                    7.46659884909667
                ],
                [
                    1.3455803642685258,
                    8.3923940413857
                ],
                [
                    1.1594154892582698,
                    7.792548729873961
                ]
            ],
            "active_dims": [
                1,
                2,
                3
            ]
        },
        {
            "type": "Sinus",
            "amplitudes": [
                0.05467144640740812
            ],
            "frequencies": [
                0.13882759312130405
            ],
            "weight_vectors": [
                [
                    0.9122592817546598,
                    0.42109822648614803
                ]
            ],
            "phases": [
                4.219013130480976
            ],
            "offset": -0.14129491290239546,
            "bounds": [
                [
                    0.5250524885914006,
                    5.282044373805794
                ],
                [
                    6.970751199536665,
                    8.993848060325824
                ]
            ],
            "minimum_value": 0.0,
            "active_dims": [
                0,
                1
            ]
        },
        {
            "type": "Sinus",
            "amplitudes": [
                0.1253085946112086,
                0.13287619085772545,
                0.24352440243104254
            ],
            "frequencies": [
                0.10064388370301426,
                0.5921538883553993,
                0.3900764023652964
            ],
            "weight_vectors": [
                [
                    0.3865673877955613
                ],
                [
                    0.3557676438499153
                ],
                [
                    0.6815306348997217
                ]
            ],
            "phases": [
                1.8071502623153048,
                2.23812435623852,
                5.15841288135378
            ],
            "offset": -0.03785931948259318,
            "bounds": [
                [
                    0.8679820453041945,
                    3.033991858547709
                ]
            ],
            "minimum_value": 0.0,
            "active_dims": [
                3
            ]
        }
    ]
}