{
    "functions": [
        {
            "type": "Ramp",
            "coeff": [
                0.5832400354376632
            ],
            "min_value": 0.02258396599508134,
            "max_value": 0.1519688644979633,
            "bounds": [
                [
                    2.3977813517638387,
                    3.8995826347943714
                ]
            ],
            "active_dims": [
                1
            ]
        },
        {
            "type": "Gaussian",
            "mean": [
                0.2953799139644886
            ],
            "std_dev": [
                0.11683897138923875
            ],
            "max_amplitude": 0.14076574398412092,
            "active_dims": [
                3
            ]
        },
        {
            "type": "Sinus",
            "amplitudes": [
                0.15857197847147386,
                0.08159030043962387,
                0.13768586607210662,
                0.04464930307688099,
                0.061152274427866214
            ],
            "frequencies": [
                1.9196017122656766,
                1.6395848881121429,
                0.8223469724278498,
                0.1077644248054664,
                0.8463672360785081
            ],
            "weight_vectors": [
                [
                    0.7102534684712332
                ],
                [
                    0.08285515554596379
                ],
                [
                    0.5483698917778704
                ],
                [
                    0.14244829687392868
                ],
                [
                    0.10721273060321301
                ]
            ],
            "phases": [
                4.608977096797316,
                4.539386364292866,
                4.4807914016882275,
                1.343379923353297,
                2.406575451238934
            ],
            "offset": 0.09644561365211035,
            "bounds": [
                [
                    6.893269134672027,
                    9.209946062674256
                ]
            ],
            "minimum_value": 0.0,
            "active_dims": [
                3
            ]
        },
        {
            "type": "StaticHypercube",
            "dimensions": [
                [
                    7.770886129671421,
                    9.954941361832134
                ]
            ],
            "static_value": 0.06236512120826519,
            "active_dims": [
                2
            ]
        },
        {
            "type": "Ramp",
            "coeff": [
                1.0839390140652099
            ],
            "min_value": 0.028115859153610503,
            "max_value": 0.07661339988421552,
            "bounds": [
                [
                    2.9253478375769935,
                    7.633973906802815
                ]
            ],
            "active_dims": [
                2
            ]
        },
        {
            "type": "Sinus",
            "amplitudes": [
                0.04607069334886665
            ],
            "frequencies": [
                0.11291709932491178
            ],
            "weight_vectors": [
                [
                    0.14058036554451925
                ]
            ],
            "phases": [
                2.113484631225925
            ],
            "offset": 0.02236560228380769,
            "bounds": [
                [
                    8.272045322769507,
                    9.31434647535298
                ]
            ],
            "minimum_value": 0.0,
            "active_dims": [
                2
            ]
        },
        {
            "type": "Gaussian",
            "mean": [
                0.5503711557941271
            ],
            "std_dev": [
                0.6621839658566534
            ],
            "max_amplitude": 0.1512046658468179,
            "active_dims": [
                2
            ]
        },
        {
            "type": "StaticHypercube",
            "dimensions": [
                [
                    1.8810152426913236,
                    2.3938493218475436
                ],
                [
                    4.194984169111599,
                    6.492189132555085
                ]
            ],
            "static_value": 0.06601244302253924,
            "active_dims": [
                1,
                2
            ]
        },
        {
            "type": "Gaussian",
            "mean": [
                3.4679103528798825
            ],
            "std_dev": [
                0.8070918749092061
            ],
            "max_amplitude": 0.14251504016743038,
            "active_dims": [
                1
            ]
        },
        {
            "type": "Gaussian",
            "mean": [
                1.618972593832474
            ],
            "std_dev": [
                1.8454886054719313
            ],
            "max_amplitude": 0.1361367834527432,
            "active_dims": [
                3
            ]
        },
        {
            "type": "Gaussian",
            "mean": [
                2.325918178177613
            ],
            "std_dev": [
                3.014529186289313
            ],
            "max_amplitude": 0.08234367128974392,
            "active_dims": [
                2
            ]
        }
    ]
}