{
    "functions": [
        {
            "type": "Ramp",
            "coeff": [
                0.5606197681924496
            ],
            "min_value": 0.09849538086590545,
            "max_value": 0.11163346949173876,
            "bounds": [
                [
                    4.373800835144575,
                    8.705570192526714
                ]
            ],
            "active_dims": [
                1
            ]
        },
        {
            "type": "Ramp",
            "coeff": [
                1.8238930477777273
            ],
            "min_value": 0.11070737221396977,
            "max_value": 0.1664550370362651,
            "bounds": [
                [
                    1.6086685425861433,
                    8.535501586061327
                ]
            ],
            "active_dims": [
                1
            ]
        },
        {
            "type": "Gaussian",
            "mean": [
                4.369156507951849
            ],
            "std_dev": [
                0.675586390314863
            ],
            "max_amplitude": 0.1440611365652425,
            "active_dims": [
                1
            ]
        },
        {
            "type": "Sinus",
            "amplitudes": [
                0.047006895180290255,
                0.13612645973103876,
                0.17689852887926685,
                0.0801655092749647
            ],
            "frequencies": [
                0.8871756069347159,
                0.6696557938665942,
                1.0206533168633305,
                0.4885887682907538
            ],
            "weight_vectors": [
                [
                    0.9933149001167553,
                    0.05004751439001409
                ],
                [
                    0.109039507342926,
                    0.016116987870649857
                ],
                [
                    0.8836764470965234,
                    0.20085905886367794
                ],
                [
                    0.43598383768777027,
                    0.6095720053286096
                ]
            ],
            "phases": [
                4.18580156784993,
                3.885980352943821,
                2.8972114786888015,
                3.02119911862815
            ],
            "offset": -0.04064806120855448,
            "bounds": [
                [
                    0.17567141433252859,
                    2.211136204367768
                ],
                [
                    1.509511106846328,
                    3.801801756367518
                ]
            ],
            "minimum_value": 0.0,
            "active_dims": [
                1,
                2
            ]
        },
        {
            "type": "StaticHypercube",
            "dimensions": [
                [
                    5.514484849447011,
                    8.671961362747393
                ]
            ],
            "static_value": 0.1148950417821035,
            "active_dims": [
                2
            ]
        },
        {
            "type": "StaticHypercube",
            "dimensions": [
                [
                    3.079028263473464,
                    8.909946824860198
                ]
            ],
            "static_value": 0.09352764260657512,
            "active_dims": [
                0
            ]
        },
        {
            "type": "Ramp",
            "coeff": [
                1.8858194112872397
            ],
            "min_value": 0.09890656277708258,
            "max_value": 0.2147429820243851,
            "bounds": [
                [
                    1.5279161403667902,
                    5.132559157456382
                ]
            ],
            "active_dims": [
                0
            ]
        },
        {
            "type": "Sinus",
            "amplitudes": [
                0.19413226758829671,
                0.09918707472065337,
                0.11197979350879493
            ],
            "frequencies": [
                0.20213960940550002,
                0.8533446043292962,
                1.764602395184712
            ],
            "weight_vectors": [
                [
                    0.09525679424992839,
                    0.7558354868828847,
                    0.07463547498257983
                ],
                [
                    0.22864117380059867,
                    0.09613871980053035,
                    0.9244807589315734
                ],
                [
                    0.97230067196233,
                    0.5962962121649391,
                    0.9733397568398735
                ]
            ],
            "phases": [
                3.149858417824109,
                4.218213624680306,
                5.327334328925699
            ],
            "offset": 0.03297951626732736,
            "bounds": [
                [
                    2.4431328367569467,
                    5.259849000702935
                ],
                [
                    3.2756322125771415,
                    8.881970039442962
                ],
                [
                    3.056448143605079,
                    5.403338102688581
                ]
            ],
            "minimum_value": 0.0,
            "active_dims": [
                0,
                1,
                2
            ]
        },
        {
            "type": "StaticHypercube",
            "dimensions": [
                [
                    4.332218148670509,
                    5.969916530064904
                ],
                [
                    0.9941326375825917,
                    1.9261577067200824
                ]
            ],
            "static_value": 0.19040465563238484,
            "active_dims": [
                0,
                1
            ]
        },
        {
            "type": "Ramp",
            "coeff": [
                1.2149505079667324
            ],
            "min_value": 0.10173313557216368,
            "max_value": 0.24378492970833757,
            "bounds": [
                [
                    3.7439449406171743,
                    8.231760941924042
                ]
            ],
            "active_dims": [
                2
            ]
        },
        {
            "type": "Gaussian",
            "mean": [
                8.899272057511658
            ],
            "std_dev": [
                2.2076631788953254
            ],
            "max_amplitude": 0.18189581587880788,
            "active_dims": [
                1
            ]
        }
    ]
}