{
    "functions": [
        {
            "type": "Sinus",
            "amplitudes": [
                0.13115888924299512,
                0.04760489746251141
            ],
            "frequencies": [
                1.747618148711973,
                1.8741924909708003
            ],
            "weight_vectors": [
                [
                    0.891442474262873
                ],
                [
                    0.0863116609648037
                ]
            ],
            "phases": [
                5.673240334173711,
                0.31082910675198505
            ],
            "offset": 0.045700748220330434,
            "bounds": [
                [
                    1.319058998489605,
                    2.9553197699014047
                ]
            ],
            "minimum_value": 0.0,
            "active_dims": [
                2
            ]
        },
        {
            "type": "Gaussian",
            "mean": [
                7.11271023521865
            ],
            "std_dev": [
                2.8136866874616873
            ],
            "max_amplitude": 0.11353246413226058,
            "active_dims": [
                2
            ]
        },
        {
            "type": "Sinus",
            "amplitudes": [
                0.11976720450918092,
                0.08084837989878789,
                0.1454408193925236,
                0.06288426378106723
            ],
            "frequencies": [
                0.9832962952928818,
                1.0912635264244015,
                1.0159620916396837,
                1.2853121192939918
            ],
            "weight_vectors": [
                [
                    0.6584529246736097
                ],
                [
                    0.989522748350259
                ],
                [
                    0.6442514219650061
                ],
                [
                    0.30310127858355074
                ]
            ],
            "phases": [
                6.0972852959191615,
                2.3387553164503436,
                4.034547729294286,
                4.802679023675688
            ],
            "offset": 0.07355850681978576,
            "bounds": [
                [
                    4.160097723843973,
                    8.866263698238736
                ]
            ],
            "minimum_value": 0.0,
            "active_dims": [
                1
            ]
        },
        {
            "type": "Gaussian",
            "mean": [
                4.055455446531074
            ],
            "std_dev": [
                2.7362502500054573
            ],
            "max_amplitude": 0.10890107933188303,
            "active_dims": [
                1
            ]
        },
        {
            "type": "StaticHypercube",
            "dimensions": [
                [
                    5.734452336780138,
                    7.1006712117676685
                ]
            ],
            "static_value": 0.10186120041824198,
            "active_dims": [
                0
            ]
        },
        {
            "type": "Gaussian",
            "mean": [
                4.554754615933537,
                8.475662930248278,
                4.506617512212646
            ],
            "std_dev": [
                2.5836732547163472,
                0.7491605241093136,
                2.8052118490411106
            ],
            "max_amplitude": 0.13047128207049585,
            "active_dims": [
                1,
                2,
                3
            ]
        },
        {
            "type": "StaticHypercube",
            "dimensions": [
                [
                    7.196235078616176,
                    9.24830864468433
                ],
                [
                    2.932589504119541,
                    5.307842458237128
                ]
            ],
            "static_value": 0.10156772609988705,
            "active_dims": [
                0,
                1
            ]
        },
        {
            "type": "StaticHypercube",
            "dimensions": [
                [
                    0.759297556327282,
                    1.029290563766427
                ],
                [
                    5.04910575669974,
                    6.4294650322495706
                ]
            ],
            "static_value": 0.19736184842731283,
            "active_dims": [
                0,
                2
            ]
        },
        {
            "type": "Gaussian",
            "mean": [
                5.354641029394963,
                7.735347643689289
            ],
            "std_dev": [
                1.8715719189528406,
                1.7010434364084943
            ],
            "max_amplitude": 0.18412788685163967,
            "active_dims": [
                0,
                2
            ]
        },
        {
            "type": "StaticHypercube",
            "dimensions": [
                [
                    3.216382135926374,
                    6.28333821171897
                ]
            ],
            "static_value": 0.07185580873550515,
            "active_dims": [
                3
            ]
        },
        {
            "type": "Gaussian",
            "mean": [
                0.45959435227983847
            ],
            "std_dev": [
                2.0673211073052125
            ],
            "max_amplitude": 0.07903472962985585,
            "active_dims": [
                1
            ]
        }
    ]
}