{
    "functions": [
        {
            "type": "Sinus",
            "amplitudes": [
                0.05142818669229782,
                0.14224612892830793
            ],
            "frequencies": [
                1.945492539249345,
                1.0881700198680304
            ],
            "weight_vectors": [
                [
                    0.9858423635165023,
                    0.5590790688036144,
                    0.5920192432271011
                ],
                [
                    0.7419306754094015,
                    0.8212812049578435,
                    0.12567153920750518
                ]
            ],
            "phases": [
                2.235849550351334,
                2.954236651047378
            ],
            "offset": -0.0018010200864076896,
            "bounds": [
                [
                    7.615228906906481,
                    9.252990630543707
                ],
                [
                    3.383373336254314,
                    8.664186510632005
                ],
                [
                    3.6399788063440868,
                    5.389024696093493
                ]
            ],
            "minimum_value": 0.0,
            "active_dims": [
                0,
                1,
                2
            ]
        },
        {
            "type": "Gaussian",
            "mean": [
                9.124552649701895
            ],
            "std_dev": [
                3.369435890838576
            ],
            "max_amplitude": 0.14361561133412756,
            "active_dims": [
                3
            ]
        },
        {
            "type": "Ramp",
            "coeff": [
                1.0024123844158321,
                1.6074538166467112,
                0.07888313831617944
            ],
            "min_value": 0.11472398094600847,
            "max_value": 0.23705456320386226,
            "bounds": [
                [
                    2.495349381076001,
                    6.8928332979773295
                ],
                [
                    2.151920552550921,
                    5.42105831247442
                ],
                [
                    1.556777788118558,
                    7.8791232170800605
                ]
            ],
            "active_dims": [
                0,
                1,
                2
            ]
        },
        {
            "type": "Gaussian",
            "mean": [
                8.07243819501413
            ],
            "std_dev": [
                3.09072310893029
            ],
            "max_amplitude": 0.10837063385114519,
            "active_dims": [
                3
            ]
        },
        {
            "type": "Gaussian",
            "mean": [
                4.939940198141058
            ],
            "std_dev": [
                3.1189166265778208
            ],
            "max_amplitude": 0.09641947892224946,
            "active_dims": [
                0
            ]
        },
        {
            "type": "Gaussian",
            "mean": [
                5.465947597351935
            ],
            "std_dev": [
                0.8302159639191208
            ],
            "max_amplitude": 0.16355237876556797,
            "active_dims": [
                1
            ]
        },
        {
            "type": "StaticHypercube",
            "dimensions": [
                [
                    0.7457075407395645,
                    4.113857686428281
                ]
            ],
            "static_value": 0.09235177097056796,
            "active_dims": [
                3
            ]
        },
        {
            "type": "Gaussian",
            "mean": [
                2.8807497314309236
            ],
            "std_dev": [
                1.4680687201766789
            ],
            "max_amplitude": 0.08472344898488285,
            "active_dims": [
                0
            ]
        },
        {
            "type": "StaticHypercube",
            "dimensions": [
                [
                    1.7473197180334514,
                    3.654728736132731
                ],
                [
                    1.612601267288137,
                    2.517308637811217
                ]
            ],
            "static_value": 0.188073470690696,
            "active_dims": [
                0,
                1
            ]
        },
        {
            "type": "StaticHypercube",
            "dimensions": [
                [
                    6.7698460025029314,
                    9.37772119789614
                ]
            ],
            "static_value": 0.07484669190897948,
            "active_dims": [
                3
            ]
        },
        {
            "type": "Ramp",
            "coeff": [
                1.1089363846529046,
                1.7452954599452886
            ],
            "min_value": 0.10830933256650248,
            "max_value": 0.17450163482645728,
            "bounds": [
                [
                    0.7677413675860939,
                    2.6514260543256394
                ],
                [
                    4.137999655973128,
                    7.237473935244469
                ]
            ],
            "active_dims": [
                1,
                2
            ]
        }
    ]
}