{
    "functions": [
        {
            "type": "Ramp",
            "coeff": [
                0.3166063441372431,
                0.29926486302262645,
                1.536723366483451
            ],
            "min_value": 0.04817738785966267,
            "max_value": 0.16580667619116013,
            "bounds": [
                [
                    4.352109676271191,
                    5.710209564270868
                ],
                [
                    1.2683504009088853,
                    6.831182281092752
                ],
                [
                    0.04362631517900378,
                    3.949772737137785
                ]
            ],
            "active_dims": [
                1,
                2,
                3
            ]
        },
        {
            "type": "Ramp",
            "coeff": [
                1.4030531693017563,
                1.9757538635799454
            ],
            "min_value": 0.037755788431656286,
            "max_value": 0.1949047871937752,
            "bounds": [
                [
                    0.568534661144475,
                    5.723505228954314
                ],
                [
                    0.5579893483764055,
                    3.997716375005685
                ]
            ],
            "active_dims": [
                1,
                3
            ]
        },
        {
            "type": "StaticHypercube",
            "dimensions": [
                [
                    0.6279651330568687,
                    7.9214244590532115
                ]
            ],
            "static_value": 0.13083059413867104,
            "active_dims": [
                1
            ]
        },
        {
            "type": "Sinus",
            "amplitudes": [
                0.11073934605952493,
                0.2710064932987577,
                0.06906668540834224,
                0.18274817095655613,
                0.19392381556904886
            ],
            "frequencies": [
                1.4844882061211038,
                1.87730347536648,
                1.1990634601700314,
                0.9009084229547566,
                1.145299030416654
            ],
            "weight_vectors": [
                [
                    0.34845673710863434,
                    0.12878877558095247
                ],
                [
                    0.6419360838880932,
                    0.27325418167248894
                ],
                [
                    0.828660956700094,
                    0.647273276067619
                ],
                [
                    0.39436241403765415,
                    0.16186778305474925
                ],
                [
                    0.3188984358766487,
                    0.29280048722418983
                ]
            ],
            "phases": [
                2.7668796294242317,
                1.4646868280525829,
                2.4647601544111897,
                1.6580302239488545,
                2.493306472714872
            ],
            "offset": 0.1192995497428374,
            "bounds": [
                [
                    3.920591507553905,
                    7.4447418870748425
                ],
                [
                    2.9856844941585337,
                    7.484676823733464
                ]
            ],
            "minimum_value": 0.0,
            "active_dims": [
                0,
                3
            ]
        },
        {
            "type": "Gaussian",
            "mean": [
                2.4623353461288424
            ],
            "std_dev": [
                1.0218673634288544
            ],
            "max_amplitude": 0.1519022753486905,
            "active_dims": [
                3
            ]
        },
        {
            "type": "Ramp",
            "coeff": [
                1.860867398995227,
                0.6626173294101514,
                1.982483896055447
            ],
            "min_value": 0.09414714943814083,
            "max_value": 0.15501676552334892,
            "bounds": [
                [
                    0.8519155866581566,
                    1.996964551663389
                ],
                [
                    1.2069403981836535,
                    5.066996922771202
                ],
                [
                    4.377944738898609,
                    5.513906330098128
                ]
            ],
            "active_dims": [
                1,
                2,
                3
            ]
        },
        {
            "type": "StaticHypercube",
            "dimensions": [
                [
                    3.4488355635161474,
                    5.398699809445917
                ]
            ],
            "static_value": 0.14780439386094843,
            "active_dims": [
                0
            ]
        },
        {
            "type": "StaticHypercube",
            "dimensions": [
                [
                    2.5091987437944887,
                    4.269987065178621
                ],
                [
                    0.056908579038885,
                    3.5376029881862987
                ]
            ],
            "static_value": 0.10809096888408062,
            "active_dims": [
                1,
                3
            ]
        },
        {
            "type": "Sinus",
            "amplitudes": [
                0.17704317374433312,
                0.04690131508600415,
                0.15321884864465982,
                0.17189569974469565,
                0.17726621766664866
            ],
            "frequencies": [
                1.6921243463152893,
                0.8970646021986332,
                1.4918824135815603,
                1.7987212955654897,
                1.421017259762926
            ],
            "weight_vectors": [
                [
                    0.1213977799688587
                ],
                [
                    0.664760265924952
                ],
                [
                    0.8224953183074535
                ],
                [
                    0.9176955059062052
                ],
                [
                    0.21007938996428033
                ]
            ],
            "phases": [
                1.389020481196174,
                1.1023314873041088,
                4.118439437579911,
                4.131538897526338,
                3.6728368242442637
            ],
            "offset": -0.11899372784115272,
            "bounds": [
                [
                    3.827718231666986,
                    5.489785994797634
                ]
            ],
            "minimum_value": 0.0,
            "active_dims": [
                0
            ]
        },
        {
            "type": "StaticHypercube",
            "dimensions": [
                [
                    0.3352708372703685,
                    3.2825331473493904
                ]
            ],
            "static_value": 0.026058352543922508,
            "active_dims": [
                2
            ]
        },
        {
            "type": "Sinus",
            "amplitudes": [
                0.16741770142684828
            ],
            "frequencies": [
                1.7592596846440813
            ],
            "weight_vectors": [
                [
                    0.14836614243879442
                ]
            ],
            "phases": [
                1.8914563344396835
            ],
            "offset": 0.07633988438876706,
            "bounds": [
                [
                    3.5058115633420313,
                    4.978784703023666
                ]
            ],
            "minimum_value": 0.0,
            "active_dims": [
                2
            ]
        }
    ]
}