{
    "functions": [
        {
            "type": "Ramp",
            "coeff": [
                1.032564505413992,
                1.4510836720878424
            ],
            "min_value": 0.025080239617793064,
            "max_value": 0.12418576634028088,
            "bounds": [
                [
                    2.4558894274625303,
                    3.909585691632274
                ],
                [
                    5.1585127070019,
                    8.632527170087414
                ]
            ],
            "active_dims": [
                0,
                3
            ]
        },
        {
            "type": "Gaussian",
            "mean": [
                9.2046807498003
            ],
            "std_dev": [
                1.5887333543370534
            ],
            "max_amplitude": 0.07256606084131514,
            "active_dims": [
                2
            ]
        },
        {
            "type": "Sinus",
            "amplitudes": [
                0.14750027547041852,
                0.06788397576580145,
                0.08978552099335244,
                0.06393412699143569,
                0.05237100583373776
            ],
            "frequencies": [
                0.8428406605586172,
                1.456047912359871,
                1.2770933382994099,
                0.6476107968925209,
                0.6703939516510138
            ],
            "weight_vectors": [
                [
                    0.9564705387684949
                ],
                [
                    0.6894160017360615
                ],
                [
                    0.12163880141329109
                ],
                [
                    0.3587838536150645
                ],
                [
                    0.19018552321106408
                ]
            ],
            "phases": [
                2.0646423858667733,
                5.793530858601482,
                0.415411317243887,
                1.3992558897984508,
                4.3569783960524315
            ],
            "offset": 0.0370409850133107,
            "bounds": [
                [
                    1.1646055397091983,
                    2.8844686785098625
                ]
            ],
            "minimum_value": 0.0,
            "active_dims": [
                2
            ]
        },
        {
            "type": "Sinus",
            "amplitudes": [
                0.08517777458654963,
                0.06144626658541038
            ],
            "frequencies": [
                0.5801943233186725,
                1.4199135295507603
            ],
            "weight_vectors": [
                [
                    0.9946225693455717,
                    0.42181804973541004
                ],
                [
                    0.28019745292744414,
                    0.32867209228281824
                ]
            ],
            "phases": [
                4.238590420666205,
                5.059737726325806
            ],
            "offset": -0.01923949845882757,
            "bounds": [
                [
                    1.9813604340215305,
                    4.47072654028303
                ],
                [
                    2.599254241423148,
                    6.443253550560908
                ]
            ],
            "minimum_value": 0.0,
            "active_dims": [
                1,
                3
            ]
        },
        {
            "type": "StaticHypercube",
            "dimensions": [
                [
                    7.97505755547447,
                    9.35005575488756
                ],
                [
                    3.564121983118839,
                    8.971053332790547
                ]
            ],
            "static_value": 0.07528457329551026,
            "active_dims": [
                0,
                3
            ]
        },
        {
            "type": "Sinus",
            "amplitudes": [
                0.059912943362303,
                0.15061265825965267
            ],
            "frequencies": [
                1.5755254340784586,
                1.0943743991367265
            ],
            "weight_vectors": [
                [
                    0.6211837745871609,
                    0.02396665902578765
                ],
                [
                    0.49851483854399337,
                    0.3344403870937932
                ]
            ],
            "phases": [
                3.21153692886179,
                3.904926128049816
            ],
            "offset": 0.045898664033493373,
            "bounds": [
                [
                    1.9372104462283752,
                    3.1697165655321315
                ],
                [
                    1.2064461975850704,
                    5.30425406576949
                ]
            ],
            "minimum_value": 0.0,
            "active_dims": [
                1,
                3
            ]
        },
        {
            "type": "Gaussian",
            "mean": [
                0.09609051636193633
            ],
            "std_dev": [
                3.4527527981180333
            ],
            "max_amplitude": 0.06031144128991521,
            "active_dims": [
                3
            ]
        },
        {
            "type": "StaticHypercube",
            "dimensions": [
                [
                    0.3038574732522485,
                    3.338346930490187
                ]
            ],
            "static_value": 0.12026811285118881,
            "active_dims": [
                3
            ]
        },
        {
            "type": "Gaussian",
            "mean": [
                6.612244117831335,
                4.593376577772776,
                2.35167486034618
            ],
            "std_dev": [
                3.0832212054052186,
                2.0391859840323594,
                2.9977334784925582
            ],
            "max_amplitude": 0.10022591156608626,
            "active_dims": [
                0,
                1,
                3
            ]
        },
        {
            "type": "Gaussian",
            "mean": [
                7.342468283288021
            ],
            "std_dev": [
                0.2905407397549923
            ],
            "max_amplitude": 0.09178413799575937,
            "active_dims": [
                0
            ]
        },
        {
            "type": "Ramp",
            "coeff": [
                0.7587928916457374
            ],
            "min_value": 0.07007699630112217,
            "max_value": 0.1625080999559647,
            "bounds": [
                [
                    2.3644216707853603,
                    3.716085865765147
                ]
            ],
            "active_dims": [
                0
            ]
        }
    ]
}