{
    "functions": [
        {
            "type": "Gaussian",
            "mean": [
                0.25439736768511745,
                9.741882211600162
            ],
            "std_dev": [
                0.6521646601196368,
                3.5910073630907697
            ],
            "max_amplitude": 0.23758397524306665,
            "active_dims": [
                0,
                3
            ]
        },
        {
            "type": "Ramp",
            "coeff": [
                0.6379861491294307
            ],
            "min_value": 0.0017410411522686354,
            "max_value": 0.08972854445970774,
            "bounds": [
                [
                    5.40033801065702,
                    8.661147416078077
                ]
            ],
            "active_dims": [
                0
            ]
        },
        {
            "type": "Sinus",
            "amplitudes": [
                0.2613640198106069,
                0.3048651832599233,
                0.07247464176965458,
                0.22232608897990444,
                0.2501172559203795
            ],
            "frequencies": [
                1.1723670195467617,
                1.2252264487724924,
                0.7444657405714287,
                0.5495589740075814,
                1.1753578013761776
            ],
            "weight_vectors": [
                [
                    0.9259204284495491,
                    0.09576663758795345
                ],
                [
                    0.3940483534191245,
                    0.07004119047552726
                ],
                [
                    0.24430139129493866,
                    0.11001197588817169
                ],
                [
                    0.027367976940506522,
                    0.10006797855354788
                ],
                [
                    0.9954973782984402,
                    0.6590192031656817
                ]
            ],
            "phases": [
                2.4064214241940993,
                4.169504199885933,
                4.589048905222298,
                4.349629875379024,
                1.369304508626178
            ],
            "offset": -0.059955672903492525,
            "bounds": [
                [
                    4.7526426705977,
                    6.794265760368877
                ],
                [
                    4.6781032639688025,
                    9.735979561548248
                ]
            ],
            "minimum_value": 0.0,
            "active_dims": [
                0,
                3
            ]
        },
        {
            "type": "Gaussian",
            "mean": [
                4.344521822944316
            ],
            "std_dev": [
                3.3420443408136817
            ],
            "max_amplitude": 0.10744267048853165,
            "active_dims": [
                0
            ]
        },
        {
            "type": "Gaussian",
            "mean": [
                7.829745497582499
            ],
            "std_dev": [
                2.762302043187531
            ],
            "max_amplitude": 0.24049631610102865,
            "active_dims": [
                2
            ]
        },
        {
            "type": "Sinus",
            "amplitudes": [
                0.09472153579371977
            ],
            "frequencies": [
                1.7165879306021818
            ],
            "weight_vectors": [
                [
                    0.5833059900045846
                ]
            ],
            "phases": [
                0.36963849166473484
            ],
            "offset": -0.14516064082188593,
            "bounds": [
                [
                    0.8283037153735068,
                    5.27038450988514
                ]
            ],
            "minimum_value": 0.0,
            "active_dims": [
                0
            ]
        },
        {
            "type": "Sinus",
            "amplitudes": [
                0.2514399910792058,
                0.0780457650857965,
                0.1291629611337676,
                0.11305963291323103
            ],
            "frequencies": [
                0.4912112734992805,
                1.4170672602274517,
                0.4693476470557081,
                1.1703182894310182
            ],
            "weight_vectors": [
                [
                    0.40998026407622723,
                    0.994180086514281
                ],
                [
                    0.3754055372625855,
                    0.11329704238432747
                ],
                [
                    0.7951671616452379,
                    0.06782432208439115
                ],
                [
                    0.5139689827525329,
                    0.5316633787648275
                ]
            ],
            "phases": [
                5.005642772828083,
                2.4748227682926616,
                4.882171489669688,
                2.41277405737622
            ],
            "offset": -0.07926093212115057,
            "bounds": [
                [
                    6.807572469943888,
                    7.317133571998611
                ],
                [
                    4.267765975852747,
                    5.078594492196406
                ]
            ],
            "minimum_value": 0.0,
            "active_dims": [
                1,
                2
            ]
        },
        {
            "type": "Ramp",
            "coeff": [
                0.7194106695205107
            ],
            "min_value": 0.14128996029839536,
            "max_value": 0.34299911307315817,
            "bounds": [
                [
                    0.36761160100419266,
                    2.0918298409353993
                ]
            ],
            "active_dims": [
                0
            ]
        },
        {
            "type": "Sinus",
            "amplitudes": [
                0.1887721973414782,
                0.15308694756150973,
                0.1889450924021338
            ],
            "frequencies": [
                1.9641220079394182,
                0.9426273600602035,
                1.1855997008701777
            ],
            "weight_vectors": [
                [
                    0.48542027333341287
                ],
                [
                    0.755350241494955
                ],
                [
                    0.5589780571555687
                ]
            ],
            "phases": [
                2.3738151403576433,
                4.674223258385011,
                5.782686722718031
            ],
            "offset": -0.1669746749258532,
            "bounds": [
                [
                    5.584174105275988,
                    7.828466113689529
                ]
            ],
            "minimum_value": 0.0,
            "active_dims": [
                3
            ]
        },
        {
            "type": "Sinus",
            "amplitudes": [
                0.15538597787145672,
                0.29320583608624734,
                0.2709387896989476
            ],
            "frequencies": [
                0.23479558507171164,
                1.033848178539059,
                1.5581650278197448
            ],
            "weight_vectors": [
                [
                    0.6111683096885501
                ],
                [
                    0.850312146994811
                ],
                [
                    0.2282295269428013
                ]
            ],
            "phases": [
                0.8926496192831345,
                4.896380472507291,
                2.632452742984211
            ],
            "offset": -0.04495340307091463,
            "bounds": [
                [
                    1.7058660907746113,
                    3.036101323305779
                ]
            ],
            "minimum_value": 0.0,